year,month_name,begin_date_time,end_date_time,state,cz_name,begin_location,event_type,magnitude,magnitude_type,source,begin_lat,begin_lon,episode_id,event_id,event_narrative,distance_from_greeley_miles,noaa_archive_year,noaa_archive_filename,noaa_archive_url,noaa_event_url
2016,August,02-AUG-16 15:32:00,02-AUG-16 15:32:00,COLORADO,WELD,LA SALLE,Hail,1,,Trained Spotter,40.35,-104.7,109910,657163,,5.916,2016,StormEvents_details-ftp_v1.0_d2016_c20260323.csv.gz,https://www.ncei.noaa.gov/pub/data/swdi/stormevents/csvfiles/StormEvents_details-ftp_v1.0_d2016_c20260323.csv.gz,https://www.ncdc.noaa.gov/stormevents/eventdetails.jsp?id=657163
2016,June,06-JUN-16 13:34:00,06-JUN-16 13:34:00,COLORADO,LARIMER,ESTES PARK,Hail,1,,Trained Spotter,40.38,-105.51,104862,628030,,38.903,2016,StormEvents_details-ftp_v1.0_d2016_c20260323.csv.gz,https://www.ncei.noaa.gov/pub/data/swdi/stormevents/csvfiles/StormEvents_details-ftp_v1.0_d2016_c20260323.csv.gz,https://www.ncdc.noaa.gov/stormevents/eventdetails.jsp?id=628030
2016,June,06-JUN-16 14:50:00,06-JUN-16 14:50:00,COLORADO,BOULDER,BOULDER,Hail,1,,Trained Spotter,40.07,-105.3,104862,628032,,36.679,2016,StormEvents_details-ftp_v1.0_d2016_c20260323.csv.gz,https://www.ncei.noaa.gov/pub/data/swdi/stormevents/csvfiles/StormEvents_details-ftp_v1.0_d2016_c20260323.csv.gz,https://www.ncdc.noaa.gov/stormevents/eventdetails.jsp?id=628032
2016,June,06-JUN-16 17:25:00,06-JUN-16 17:25:00,COLORADO,WELD,FT LUPTON,Hail,0.75,,CoCoRaHS,40.09,-104.81,104862,628038,,22.589,2016,StormEvents_details-ftp_v1.0_d2016_c20260323.csv.gz,https://www.ncei.noaa.gov/pub/data/swdi/stormevents/csvfiles/StormEvents_details-ftp_v1.0_d2016_c20260323.csv.gz,https://www.ncdc.noaa.gov/stormevents/eventdetails.jsp?id=628038
2016,June,12-JUN-16 12:47:00,12-JUN-16 12:49:00,WYOMING,LARAMIE,CHEYENNE,Hail,1.25,,Public,41.1111,-104.82,106893,641557,Half dollar size hail was reported five miles south of Cheyenne.,48.116,2016,StormEvents_details-ftp_v1.0_d2016_c20260323.csv.gz,https://www.ncei.noaa.gov/pub/data/swdi/stormevents/csvfiles/StormEvents_details-ftp_v1.0_d2016_c20260323.csv.gz,https://www.ncdc.noaa.gov/stormevents/eventdetails.jsp?id=641557
2016,June,12-JUN-16 12:53:00,12-JUN-16 12:55:00,WYOMING,LARAMIE,CHEYENNE,Hail,1.5,,Public,41.1111,-104.82,106893,641558,Ping pong ball size hail was reported two miles south of Cheyenne.,48.116,2016,StormEvents_details-ftp_v1.0_d2016_c20260323.csv.gz,https://www.ncei.noaa.gov/pub/data/swdi/stormevents/csvfiles/StormEvents_details-ftp_v1.0_d2016_c20260323.csv.gz,https://www.ncdc.noaa.gov/stormevents/eventdetails.jsp?id=641558
2016,September,14-SEP-16 17:53:00,14-SEP-16 17:53:00,COLORADO,WELD,GILL,Hail,1,,Storm Chaser,40.37,-104.51,109921,657199,,14.151,2016,StormEvents_details-ftp_v1.0_d2016_c20260323.csv.gz,https://www.ncei.noaa.gov/pub/data/swdi/stormevents/csvfiles/StormEvents_details-ftp_v1.0_d2016_c20260323.csv.gz,https://www.ncdc.noaa.gov/stormevents/eventdetails.jsp?id=657199
2016,July,15-JUL-16 16:18:00,15-JUL-16 16:18:00,COLORADO,DENVER,DENVER,Hail,1.75,,Trained Spotter,39.73,-104.96,106723,640717,,48.404,2016,StormEvents_details-ftp_v1.0_d2016_c20260323.csv.gz,https://www.ncei.noaa.gov/pub/data/swdi/stormevents/csvfiles/StormEvents_details-ftp_v1.0_d2016_c20260323.csv.gz,https://www.ncdc.noaa.gov/stormevents/eventdetails.jsp?id=640717
2016,July,15-JUL-16 16:29:00,15-JUL-16 16:29:00,COLORADO,DENVER,DENVER,Hail,1.5,,Public,39.74,-104.99,106723,640721,,48.083,2016,StormEvents_details-ftp_v1.0_d2016_c20260323.csv.gz,https://www.ncei.noaa.gov/pub/data/swdi/stormevents/csvfiles/StormEvents_details-ftp_v1.0_d2016_c20260323.csv.gz,https://www.ncdc.noaa.gov/stormevents/eventdetails.jsp?id=640721
2016,July,15-JUL-16 16:32:00,15-JUL-16 16:32:00,COLORADO,DENVER,DENVER,Hail,1.25,,Public,39.75,-104.94,106723,640725,,46.841,2016,StormEvents_details-ftp_v1.0_d2016_c20260323.csv.gz,https://www.ncei.noaa.gov/pub/data/swdi/stormevents/csvfiles/StormEvents_details-ftp_v1.0_d2016_c20260323.csv.gz,https://www.ncdc.noaa.gov/stormevents/eventdetails.jsp?id=640725
2016,September,15-SEP-16 14:17:00,15-SEP-16 14:17:00,COLORADO,WELD,PURCELL,Hail,0.75,,Trained Spotter,40.76,-104.58,109922,657204,,25.84,2016,StormEvents_details-ftp_v1.0_d2016_c20260323.csv.gz,https://www.ncei.noaa.gov/pub/data/swdi/stormevents/csvfiles/StormEvents_details-ftp_v1.0_d2016_c20260323.csv.gz,https://www.ncdc.noaa.gov/stormevents/eventdetails.jsp?id=657204
2016,July,17-JUL-16 15:45:00,17-JUL-16 15:45:00,COLORADO,ARAPAHOE,(BKF)BUCKLEY AIR FORCE BASE,Hail,1,,Public,39.7,-104.81,106724,640729,,49.488,2016,StormEvents_details-ftp_v1.0_d2016_c20260323.csv.gz,https://www.ncei.noaa.gov/pub/data/swdi/stormevents/csvfiles/StormEvents_details-ftp_v1.0_d2016_c20260323.csv.gz,https://www.ncdc.noaa.gov/stormevents/eventdetails.jsp?id=640729
2016,June,17-JUN-16 14:47:00,17-JUN-16 14:47:00,COLORADO,LARIMER,POUDRE PARK,Hail,1.75,,Trained Spotter,40.63,-105.39,106662,640398,,35.67,2016,StormEvents_details-ftp_v1.0_d2016_c20260323.csv.gz,https://www.ncei.noaa.gov/pub/data/swdi/stormevents/csvfiles/StormEvents_details-ftp_v1.0_d2016_c20260323.csv.gz,https://www.ncdc.noaa.gov/stormevents/eventdetails.jsp?id=640398
2016,July,18-JUL-16 16:00:00,18-JUL-16 16:00:00,COLORADO,WELD,GREELEY,Hail,1.25,,Trained Spotter,40.44,-104.74,106725,640734,,2.385,2016,StormEvents_details-ftp_v1.0_d2016_c20260323.csv.gz,https://www.ncei.noaa.gov/pub/data/swdi/stormevents/csvfiles/StormEvents_details-ftp_v1.0_d2016_c20260323.csv.gz,https://www.ncdc.noaa.gov/stormevents/eventdetails.jsp?id=640734
2016,July,18-JUL-16 16:05:00,18-JUL-16 16:05:00,COLORADO,WELD,LUCERNE,Hail,1.75,,Trained Spotter,40.45,-104.73,106725,640735,,3.247,2016,StormEvents_details-ftp_v1.0_d2016_c20260323.csv.gz,https://www.ncei.noaa.gov/pub/data/swdi/stormevents/csvfiles/StormEvents_details-ftp_v1.0_d2016_c20260323.csv.gz,https://www.ncdc.noaa.gov/stormevents/eventdetails.jsp?id=640735
2016,August,19-AUG-16 13:36:00,19-AUG-16 13:36:00,COLORADO,LARIMER,WELLINGTON,Hail,1,,Trained Spotter,40.7,-105,107571,657167,,23,2016,StormEvents_details-ftp_v1.0_d2016_c20260323.csv.gz,https://www.ncei.noaa.gov/pub/data/swdi/stormevents/csvfiles/StormEvents_details-ftp_v1.0_d2016_c20260323.csv.gz,https://www.ncdc.noaa.gov/stormevents/eventdetails.jsp?id=657167
2016,August,19-AUG-16 13:39:00,19-AUG-16 13:39:00,COLORADO,WELD,NUNN,Hail,0.75,,CoCoRaHS,40.65,-104.93,107571,657168,,18.19,2016,StormEvents_details-ftp_v1.0_d2016_c20260323.csv.gz,https://www.ncei.noaa.gov/pub/data/swdi/stormevents/csvfiles/StormEvents_details-ftp_v1.0_d2016_c20260323.csv.gz,https://www.ncdc.noaa.gov/stormevents/eventdetails.jsp?id=657168
2016,August,19-AUG-16 14:15:00,19-AUG-16 14:15:00,COLORADO,WELD,EATON,Hail,1,,Trained Spotter,40.52,-104.71,107571,657169,,7.915,2016,StormEvents_details-ftp_v1.0_d2016_c20260323.csv.gz,https://www.ncei.noaa.gov/pub/data/swdi/stormevents/csvfiles/StormEvents_details-ftp_v1.0_d2016_c20260323.csv.gz,https://www.ncdc.noaa.gov/stormevents/eventdetails.jsp?id=657169
2016,August,19-AUG-16 14:21:00,19-AUG-16 14:21:00,COLORADO,WELD,GREELEY,Hail,1.5,,Trained Spotter,40.44,-104.67,107571,657170,"Large hail dented cars, damaged shingles and broke windows.",5.63,2016,StormEvents_details-ftp_v1.0_d2016_c20260323.csv.gz,https://www.ncei.noaa.gov/pub/data/swdi/stormevents/csvfiles/StormEvents_details-ftp_v1.0_d2016_c20260323.csv.gz,https://www.ncdc.noaa.gov/stormevents/eventdetails.jsp?id=657170
2016,August,19-AUG-16 14:45:00,19-AUG-16 14:45:00,COLORADO,WELD,GARDEN CITY,Hail,1,,Storm Chaser,40.37,-104.56,107571,657171,,11.601,2016,StormEvents_details-ftp_v1.0_d2016_c20260323.csv.gz,https://www.ncei.noaa.gov/pub/data/swdi/stormevents/csvfiles/StormEvents_details-ftp_v1.0_d2016_c20260323.csv.gz,https://www.ncdc.noaa.gov/stormevents/eventdetails.jsp?id=657171
2016,July,24-JUL-16 15:07:00,24-JUL-16 15:07:00,COLORADO,WELD,GROVER,Hail,1.75,,Trained Spotter,40.8,-104.33,106731,640749,,35.257,2016,StormEvents_details-ftp_v1.0_d2016_c20260323.csv.gz,https://www.ncei.noaa.gov/pub/data/swdi/stormevents/csvfiles/StormEvents_details-ftp_v1.0_d2016_c20260323.csv.gz,https://www.ncdc.noaa.gov/stormevents/eventdetails.jsp?id=640749
2016,July,24-JUL-16 15:55:00,24-JUL-16 15:55:00,COLORADO,WELD,BUCKINGHAM,Hail,1.5,,CoCoRaHS,40.61,-104,106731,640751,,42.725,2016,StormEvents_details-ftp_v1.0_d2016_c20260323.csv.gz,https://www.ncei.noaa.gov/pub/data/swdi/stormevents/csvfiles/StormEvents_details-ftp_v1.0_d2016_c20260323.csv.gz,https://www.ncdc.noaa.gov/stormevents/eventdetails.jsp?id=640751
2016,July,24-JUL-16 16:10:00,24-JUL-16 16:10:00,COLORADO,MORGAN,WIGGINS,Hail,1,,Public,40.16,-104.07,106731,640750,,41.006,2016,StormEvents_details-ftp_v1.0_d2016_c20260323.csv.gz,https://www.ncei.noaa.gov/pub/data/swdi/stormevents/csvfiles/StormEvents_details-ftp_v1.0_d2016_c20260323.csv.gz,https://www.ncdc.noaa.gov/stormevents/eventdetails.jsp?id=640750
2016,May,24-MAY-16 12:54:00,24-MAY-16 12:54:00,COLORADO,JEFFERSON,ARVADA,Hail,1,,Trained Spotter,39.82,-105.16,104460,626463,,45.976,2016,StormEvents_details-ftp_v1.0_d2016_c20260323.csv.gz,https://www.ncei.noaa.gov/pub/data/swdi/stormevents/csvfiles/StormEvents_details-ftp_v1.0_d2016_c20260323.csv.gz,https://www.ncdc.noaa.gov/stormevents/eventdetails.jsp?id=626463
2016,May,24-MAY-16 13:09:00,24-MAY-16 13:09:00,COLORADO,DENVER,DENVER,Hail,1,,Trained Spotter,39.73,-104.96,104460,626464,,48.404,2016,StormEvents_details-ftp_v1.0_d2016_c20260323.csv.gz,https://www.ncei.noaa.gov/pub/data/swdi/stormevents/csvfiles/StormEvents_details-ftp_v1.0_d2016_c20260323.csv.gz,https://www.ncdc.noaa.gov/stormevents/eventdetails.jsp?id=626464
2016,May,24-MAY-16 13:09:00,24-MAY-16 13:09:00,COLORADO,JEFFERSON,ARVADA,Hail,1,,Trained Spotter,39.81,-105.14,104460,626465,,46.141,2016,StormEvents_details-ftp_v1.0_d2016_c20260323.csv.gz,https://www.ncei.noaa.gov/pub/data/swdi/stormevents/csvfiles/StormEvents_details-ftp_v1.0_d2016_c20260323.csv.gz,https://www.ncdc.noaa.gov/stormevents/eventdetails.jsp?id=626465
2016,May,24-MAY-16 13:12:00,24-MAY-16 13:12:00,COLORADO,JEFFERSON,ARVADA,Hail,1.25,,Trained Spotter,39.84,-105.1,104460,626466,,43.382,2016,StormEvents_details-ftp_v1.0_d2016_c20260323.csv.gz,https://www.ncei.noaa.gov/pub/data/swdi/stormevents/csvfiles/StormEvents_details-ftp_v1.0_d2016_c20260323.csv.gz,https://www.ncdc.noaa.gov/stormevents/eventdetails.jsp?id=626466
2016,May,24-MAY-16 13:15:00,24-MAY-16 13:15:00,COLORADO,DENVER,DENVER,Hail,1.5,,Trained Spotter,39.72,-104.92,104460,626470,,48.697,2016,StormEvents_details-ftp_v1.0_d2016_c20260323.csv.gz,https://www.ncei.noaa.gov/pub/data/swdi/stormevents/csvfiles/StormEvents_details-ftp_v1.0_d2016_c20260323.csv.gz,https://www.ncdc.noaa.gov/stormevents/eventdetails.jsp?id=626470
2016,May,24-MAY-16 13:15:00,24-MAY-16 13:15:00,COLORADO,JEFFERSON,ARVADA,Hail,1,,Trained Spotter,39.83,-105.16,104460,626471,,45.358,2016,StormEvents_details-ftp_v1.0_d2016_c20260323.csv.gz,https://www.ncei.noaa.gov/pub/data/swdi/stormevents/csvfiles/StormEvents_details-ftp_v1.0_d2016_c20260323.csv.gz,https://www.ncdc.noaa.gov/stormevents/eventdetails.jsp?id=626471
2016,May,24-MAY-16 13:16:00,24-MAY-16 13:16:00,COLORADO,JEFFERSON,BROOMFIELD,Hail,0.88,,Trained Spotter,39.89,-105.06,104460,626472,,39.372,2016,StormEvents_details-ftp_v1.0_d2016_c20260323.csv.gz,https://www.ncei.noaa.gov/pub/data/swdi/stormevents/csvfiles/StormEvents_details-ftp_v1.0_d2016_c20260323.csv.gz,https://www.ncdc.noaa.gov/stormevents/eventdetails.jsp?id=626472
2016,May,24-MAY-16 13:20:00,24-MAY-16 13:20:00,COLORADO,ADAMS,NORTHGLENN,Hail,1,,Trained Spotter,39.89,-104.96,104460,626473,,37.65,2016,StormEvents_details-ftp_v1.0_d2016_c20260323.csv.gz,https://www.ncei.noaa.gov/pub/data/swdi/stormevents/csvfiles/StormEvents_details-ftp_v1.0_d2016_c20260323.csv.gz,https://www.ncdc.noaa.gov/stormevents/eventdetails.jsp?id=626473
2016,May,24-MAY-16 13:23:00,24-MAY-16 13:23:00,COLORADO,ADAMS,FEDERAL HGT,Hail,1,,Trained Spotter,39.91,-105.04,104460,626476,,37.692,2016,StormEvents_details-ftp_v1.0_d2016_c20260323.csv.gz,https://www.ncei.noaa.gov/pub/data/swdi/stormevents/csvfiles/StormEvents_details-ftp_v1.0_d2016_c20260323.csv.gz,https://www.ncdc.noaa.gov/stormevents/eventdetails.jsp?id=626476
2016,May,24-MAY-16 13:25:00,24-MAY-16 13:25:00,COLORADO,ADAMS,NORTHGLENN,Hail,0.88,,Public,39.89,-104.96,104460,626477,,37.65,2016,StormEvents_details-ftp_v1.0_d2016_c20260323.csv.gz,https://www.ncei.noaa.gov/pub/data/swdi/stormevents/csvfiles/StormEvents_details-ftp_v1.0_d2016_c20260323.csv.gz,https://www.ncdc.noaa.gov/stormevents/eventdetails.jsp?id=626477
2016,May,24-MAY-16 14:30:00,24-MAY-16 14:30:00,COLORADO,DENVER,DENVER,Hail,1.5,,Trained Spotter,39.75,-104.94,104460,626478,,46.841,2016,StormEvents_details-ftp_v1.0_d2016_c20260323.csv.gz,https://www.ncei.noaa.gov/pub/data/swdi/stormevents/csvfiles/StormEvents_details-ftp_v1.0_d2016_c20260323.csv.gz,https://www.ncdc.noaa.gov/stormevents/eventdetails.jsp?id=626478
2016,May,24-MAY-16 15:17:00,24-MAY-16 15:17:00,COLORADO,ADAMS,LEADER,Hail,1,,Trained Spotter,39.94,-104.3,104460,626479,,41.247,2016,StormEvents_details-ftp_v1.0_d2016_c20260323.csv.gz,https://www.ncei.noaa.gov/pub/data/swdi/stormevents/csvfiles/StormEvents_details-ftp_v1.0_d2016_c20260323.csv.gz,https://www.ncdc.noaa.gov/stormevents/eventdetails.jsp?id=626479
2016,May,24-MAY-16 15:31:00,24-MAY-16 15:31:00,COLORADO,ADAMS,STRASBURG,Hail,1,,Trained Spotter,39.88,-104.3,104460,626481,,44.627,2016,StormEvents_details-ftp_v1.0_d2016_c20260323.csv.gz,https://www.ncei.noaa.gov/pub/data/swdi/stormevents/csvfiles/StormEvents_details-ftp_v1.0_d2016_c20260323.csv.gz,https://www.ncdc.noaa.gov/stormevents/eventdetails.jsp?id=626481
2016,May,26-MAY-16 13:13:00,26-MAY-16 13:13:00,COLORADO,ARAPAHOE,(BKF)BUCKLEY AIR FORCE BASE,Hail,1,,Trained Spotter,39.73,-104.63,104715,627200,,47.967,2016,StormEvents_details-ftp_v1.0_d2016_c20260323.csv.gz,https://www.ncei.noaa.gov/pub/data/swdi/stormevents/csvfiles/StormEvents_details-ftp_v1.0_d2016_c20260323.csv.gz,https://www.ncdc.noaa.gov/stormevents/eventdetails.jsp?id=627200
2016,July,27-JUL-16 15:52:00,27-JUL-16 15:52:00,COLORADO,WELD,NUNN,Hail,1.75,,Trained Spotter,40.77,-104.76,106732,640766,,24.491,2016,StormEvents_details-ftp_v1.0_d2016_c20260323.csv.gz,https://www.ncei.noaa.gov/pub/data/swdi/stormevents/csvfiles/StormEvents_details-ftp_v1.0_d2016_c20260323.csv.gz,https://www.ncdc.noaa.gov/stormevents/eventdetails.jsp?id=640766
2016,July,27-JUL-16 15:57:00,27-JUL-16 15:57:00,COLORADO,WELD,NUNN,Hail,1.75,,Trained Spotter,40.77,-104.7,106732,640765,,24.773,2016,StormEvents_details-ftp_v1.0_d2016_c20260323.csv.gz,https://www.ncei.noaa.gov/pub/data/swdi/stormevents/csvfiles/StormEvents_details-ftp_v1.0_d2016_c20260323.csv.gz,https://www.ncdc.noaa.gov/stormevents/eventdetails.jsp?id=640765
2016,July,27-JUL-16 16:15:00,27-JUL-16 16:15:00,COLORADO,WELD,GALETON,Hail,2,,Trained Spotter,40.51,-104.58,106732,640771,,12.022,2016,StormEvents_details-ftp_v1.0_d2016_c20260323.csv.gz,https://www.ncei.noaa.gov/pub/data/swdi/stormevents/csvfiles/StormEvents_details-ftp_v1.0_d2016_c20260323.csv.gz,https://www.ncdc.noaa.gov/stormevents/eventdetails.jsp?id=640771
2016,July,27-JUL-16 16:45:00,27-JUL-16 16:45:00,COLORADO,WELD,GALETON,Hail,1.75,,Trained Spotter,40.52,-104.56,106732,640769,,13.279,2016,StormEvents_details-ftp_v1.0_d2016_c20260323.csv.gz,https://www.ncei.noaa.gov/pub/data/swdi/stormevents/csvfiles/StormEvents_details-ftp_v1.0_d2016_c20260323.csv.gz,https://www.ncdc.noaa.gov/stormevents/eventdetails.jsp?id=640769
2016,July,27-JUL-16 17:10:00,27-JUL-16 17:10:00,COLORADO,WELD,GILL,Hail,2.5,,Public,40.39,-104.52,106732,640770,,13.385,2016,StormEvents_details-ftp_v1.0_d2016_c20260323.csv.gz,https://www.ncei.noaa.gov/pub/data/swdi/stormevents/csvfiles/StormEvents_details-ftp_v1.0_d2016_c20260323.csv.gz,https://www.ncdc.noaa.gov/stormevents/eventdetails.jsp?id=640770
2016,June,27-JUN-16 18:42:00,27-JUN-16 18:42:00,COLORADO,WELD,EATON,Hail,0.75,,NWS Employee,40.52,-104.71,106672,640441,,7.915,2016,StormEvents_details-ftp_v1.0_d2016_c20260323.csv.gz,https://www.ncei.noaa.gov/pub/data/swdi/stormevents/csvfiles/StormEvents_details-ftp_v1.0_d2016_c20260323.csv.gz,https://www.ncdc.noaa.gov/stormevents/eventdetails.jsp?id=640441
2016,June,27-JUN-16 18:43:00,27-JUN-16 18:43:00,COLORADO,WELD,EATON,Hail,1,,Public,40.52,-104.71,106672,640442,,7.915,2016,StormEvents_details-ftp_v1.0_d2016_c20260323.csv.gz,https://www.ncei.noaa.gov/pub/data/swdi/stormevents/csvfiles/StormEvents_details-ftp_v1.0_d2016_c20260323.csv.gz,https://www.ncdc.noaa.gov/stormevents/eventdetails.jsp?id=640442
2016,June,28-JUN-16 17:18:00,28-JUN-16 17:18:00,COLORADO,DENVER,DENVER,Hail,1,,NWS Employee,39.77,-105.03,106676,640449,,46.646,2016,StormEvents_details-ftp_v1.0_d2016_c20260323.csv.gz,https://www.ncei.noaa.gov/pub/data/swdi/stormevents/csvfiles/StormEvents_details-ftp_v1.0_d2016_c20260323.csv.gz,https://www.ncdc.noaa.gov/stormevents/eventdetails.jsp?id=640449
2016,June,28-JUN-16 17:34:00,28-JUN-16 17:34:00,COLORADO,DENVER,(DEN)DENVER INTL ARP,Hail,1,,Trained Spotter,39.76,-104.86,106676,640446,,45.539,2016,StormEvents_details-ftp_v1.0_d2016_c20260323.csv.gz,https://www.ncei.noaa.gov/pub/data/swdi/stormevents/csvfiles/StormEvents_details-ftp_v1.0_d2016_c20260323.csv.gz,https://www.ncdc.noaa.gov/stormevents/eventdetails.jsp?id=640446
2016,July,29-JUL-16 15:42:00,29-JUL-16 15:44:00,WYOMING,LARAMIE,SOUTH GREELEY,Hail,1.5,,COOP Observer,41.11,-104.79,109730,656549,Ping pong ball size hail was reported at Terry Ranch Road south of Cheyenne.,47.983,2016,StormEvents_details-ftp_v1.0_d2016_c20260323.csv.gz,https://www.ncei.noaa.gov/pub/data/swdi/stormevents/csvfiles/StormEvents_details-ftp_v1.0_d2016_c20260323.csv.gz,https://www.ncdc.noaa.gov/stormevents/eventdetails.jsp?id=656549
2016,July,29-JUL-16 15:46:00,29-JUL-16 15:48:00,WYOMING,LARAMIE,SOUTH GREELEY,Hail,1.5,,Public,41.09,-104.78,109730,656550,Ping pong ball size hail was reported about two miles southeast of South Greeley.,46.594,2016,StormEvents_details-ftp_v1.0_d2016_c20260323.csv.gz,https://www.ncei.noaa.gov/pub/data/swdi/stormevents/csvfiles/StormEvents_details-ftp_v1.0_d2016_c20260323.csv.gz,https://www.ncdc.noaa.gov/stormevents/eventdetails.jsp?id=656550
2016,July,29-JUL-16 15:48:00,29-JUL-16 15:50:00,WYOMING,LARAMIE,SOUTH GREELEY,Hail,1.75,,Public,41.07,-104.78,109730,656551,Golf ball size hail was reported three miles southeast of South Greeley.,45.212,2016,StormEvents_details-ftp_v1.0_d2016_c20260323.csv.gz,https://www.ncei.noaa.gov/pub/data/swdi/stormevents/csvfiles/StormEvents_details-ftp_v1.0_d2016_c20260323.csv.gz,https://www.ncdc.noaa.gov/stormevents/eventdetails.jsp?id=656551
2016,July,29-JUL-16 16:33:00,29-JUL-16 16:33:00,COLORADO,WELD,CARR,Hail,2,,Broadcast Media,40.96,-104.92,106734,640786,,38.4,2016,StormEvents_details-ftp_v1.0_d2016_c20260323.csv.gz,https://www.ncei.noaa.gov/pub/data/swdi/stormevents/csvfiles/StormEvents_details-ftp_v1.0_d2016_c20260323.csv.gz,https://www.ncdc.noaa.gov/stormevents/eventdetails.jsp?id=640786
2016,July,29-JUL-16 16:35:00,29-JUL-16 16:35:00,COLORADO,WELD,ROCKPORT,Hail,1.75,,Trained Spotter,40.83,-104.78,106734,640785,,28.631,2016,StormEvents_details-ftp_v1.0_d2016_c20260323.csv.gz,https://www.ncei.noaa.gov/pub/data/swdi/stormevents/csvfiles/StormEvents_details-ftp_v1.0_d2016_c20260323.csv.gz,https://www.ncdc.noaa.gov/stormevents/eventdetails.jsp?id=640785
2016,July,29-JUL-16 16:35:00,29-JUL-16 16:35:00,COLORADO,WELD,CARR,Hail,1.5,,CoCoRaHS,40.9,-104.87,106734,640787,,33.855,2016,StormEvents_details-ftp_v1.0_d2016_c20260323.csv.gz,https://www.ncei.noaa.gov/pub/data/swdi/stormevents/csvfiles/StormEvents_details-ftp_v1.0_d2016_c20260323.csv.gz,https://www.ncdc.noaa.gov/stormevents/eventdetails.jsp?id=640787
2016,July,29-JUL-16 17:26:00,29-JUL-16 17:26:00,COLORADO,WELD,NUNN,Hail,1.75,,Trained Spotter,40.72,-104.81,106734,640789,,21.122,2016,StormEvents_details-ftp_v1.0_d2016_c20260323.csv.gz,https://www.ncei.noaa.gov/pub/data/swdi/stormevents/csvfiles/StormEvents_details-ftp_v1.0_d2016_c20260323.csv.gz,https://www.ncdc.noaa.gov/stormevents/eventdetails.jsp?id=640789
2016,July,29-JUL-16 17:28:00,29-JUL-16 17:28:00,COLORADO,LARIMER,BUCKEYE,Hail,1,,Trained Spotter,40.9,-104.95,106734,640788,,34.739,2016,StormEvents_details-ftp_v1.0_d2016_c20260323.csv.gz,https://www.ncei.noaa.gov/pub/data/swdi/stormevents/csvfiles/StormEvents_details-ftp_v1.0_d2016_c20260323.csv.gz,https://www.ncdc.noaa.gov/stormevents/eventdetails.jsp?id=640788
2016,July,29-JUL-16 17:37:00,29-JUL-16 17:37:00,COLORADO,WELD,PIERCE,Hail,1.75,,Trained Spotter,40.64,-104.68,106734,640790,,16.238,2016,StormEvents_details-ftp_v1.0_d2016_c20260323.csv.gz,https://www.ncei.noaa.gov/pub/data/swdi/stormevents/csvfiles/StormEvents_details-ftp_v1.0_d2016_c20260323.csv.gz,https://www.ncdc.noaa.gov/stormevents/eventdetails.jsp?id=640790
2016,July,29-JUL-16 17:51:00,29-JUL-16 17:51:00,COLORADO,WELD,NUNN,Hail,1.75,,Trained Spotter,40.72,-104.81,106734,640794,,21.122,2016,StormEvents_details-ftp_v1.0_d2016_c20260323.csv.gz,https://www.ncei.noaa.gov/pub/data/swdi/stormevents/csvfiles/StormEvents_details-ftp_v1.0_d2016_c20260323.csv.gz,https://www.ncdc.noaa.gov/stormevents/eventdetails.jsp?id=640794
2016,July,29-JUL-16 17:55:00,29-JUL-16 17:55:00,COLORADO,WELD,EATON,Hail,1.5,,Trained Spotter,40.52,-104.71,106734,640792,,7.915,2016,StormEvents_details-ftp_v1.0_d2016_c20260323.csv.gz,https://www.ncei.noaa.gov/pub/data/swdi/stormevents/csvfiles/StormEvents_details-ftp_v1.0_d2016_c20260323.csv.gz,https://www.ncdc.noaa.gov/stormevents/eventdetails.jsp?id=640792
2016,July,29-JUL-16 17:55:00,29-JUL-16 17:55:00,COLORADO,WELD,EATON,Hail,1.25,,Trained Spotter,40.53,-104.7,106734,640793,,8.763,2016,StormEvents_details-ftp_v1.0_d2016_c20260323.csv.gz,https://www.ncei.noaa.gov/pub/data/swdi/stormevents/csvfiles/StormEvents_details-ftp_v1.0_d2016_c20260323.csv.gz,https://www.ncdc.noaa.gov/stormevents/eventdetails.jsp?id=640793
2016,July,29-JUL-16 17:56:00,29-JUL-16 17:56:00,COLORADO,WELD,AULT,Hail,1.75,,Trained Spotter,40.58,-104.73,106734,640791,,11.569,2016,StormEvents_details-ftp_v1.0_d2016_c20260323.csv.gz,https://www.ncei.noaa.gov/pub/data/swdi/stormevents/csvfiles/StormEvents_details-ftp_v1.0_d2016_c20260323.csv.gz,https://www.ncdc.noaa.gov/stormevents/eventdetails.jsp?id=640791
2016,July,29-JUL-16 17:58:00,29-JUL-16 17:58:00,COLORADO,WELD,GREELEY,Hail,0.88,,CoCoRaHS,40.44,-104.67,106734,640799,,5.63,2016,StormEvents_details-ftp_v1.0_d2016_c20260323.csv.gz,https://www.ncei.noaa.gov/pub/data/swdi/stormevents/csvfiles/StormEvents_details-ftp_v1.0_d2016_c20260323.csv.gz,https://www.ncdc.noaa.gov/stormevents/eventdetails.jsp?id=640799
2016,July,29-JUL-16 18:00:00,29-JUL-16 18:00:00,COLORADO,WELD,AULT,Hail,1.5,,Trained Spotter,40.58,-104.73,106734,640798,,11.569,2016,StormEvents_details-ftp_v1.0_d2016_c20260323.csv.gz,https://www.ncei.noaa.gov/pub/data/swdi/stormevents/csvfiles/StormEvents_details-ftp_v1.0_d2016_c20260323.csv.gz,https://www.ncdc.noaa.gov/stormevents/eventdetails.jsp?id=640798
2016,July,29-JUL-16 18:05:00,29-JUL-16 18:05:00,COLORADO,WELD,LUCERNE,Hail,1.75,,Trained Spotter,40.46,-104.74,106734,640795,,3.499,2016,StormEvents_details-ftp_v1.0_d2016_c20260323.csv.gz,https://www.ncei.noaa.gov/pub/data/swdi/stormevents/csvfiles/StormEvents_details-ftp_v1.0_d2016_c20260323.csv.gz,https://www.ncdc.noaa.gov/stormevents/eventdetails.jsp?id=640795
2016,July,29-JUL-16 18:13:00,29-JUL-16 18:13:00,COLORADO,WELD,GREELEY,Hail,1.75,,Trained Spotter,40.43,-104.71,106734,640796,,3.416,2016,StormEvents_details-ftp_v1.0_d2016_c20260323.csv.gz,https://www.ncei.noaa.gov/pub/data/swdi/stormevents/csvfiles/StormEvents_details-ftp_v1.0_d2016_c20260323.csv.gz,https://www.ncdc.noaa.gov/stormevents/eventdetails.jsp?id=640796
2016,July,29-JUL-16 18:13:00,29-JUL-16 18:13:00,COLORADO,WELD,GREELEY ARPT,Hail,1.75,,Trained Spotter,40.44,-104.63,106734,640797,,7.663,2016,StormEvents_details-ftp_v1.0_d2016_c20260323.csv.gz,https://www.ncei.noaa.gov/pub/data/swdi/stormevents/csvfiles/StormEvents_details-ftp_v1.0_d2016_c20260323.csv.gz,https://www.ncdc.noaa.gov/stormevents/eventdetails.jsp?id=640797
2016,July,29-JUL-16 18:15:00,29-JUL-16 18:15:00,COLORADO,WELD,GREELEY,Hail,2,,Trained Spotter,40.43,-104.72,106734,640804,,2.917,2016,StormEvents_details-ftp_v1.0_d2016_c20260323.csv.gz,https://www.ncei.noaa.gov/pub/data/swdi/stormevents/csvfiles/StormEvents_details-ftp_v1.0_d2016_c20260323.csv.gz,https://www.ncdc.noaa.gov/stormevents/eventdetails.jsp?id=640804
2016,July,29-JUL-16 18:15:00,29-JUL-16 18:15:00,COLORADO,WELD,EATON,Hail,2.5,,Trained Spotter,40.53,-104.7,106734,640805,Large hail shattered car windows.,8.763,2016,StormEvents_details-ftp_v1.0_d2016_c20260323.csv.gz,https://www.ncei.noaa.gov/pub/data/swdi/stormevents/csvfiles/StormEvents_details-ftp_v1.0_d2016_c20260323.csv.gz,https://www.ncdc.noaa.gov/stormevents/eventdetails.jsp?id=640805
2016,July,29-JUL-16 18:15:00,29-JUL-16 18:15:00,COLORADO,WELD,GREELEY ARPT,Hail,2,,Trained Spotter,40.44,-104.63,106734,640809,,7.663,2016,StormEvents_details-ftp_v1.0_d2016_c20260323.csv.gz,https://www.ncei.noaa.gov/pub/data/swdi/stormevents/csvfiles/StormEvents_details-ftp_v1.0_d2016_c20260323.csv.gz,https://www.ncdc.noaa.gov/stormevents/eventdetails.jsp?id=640809
2016,July,29-JUL-16 18:17:00,29-JUL-16 18:17:00,COLORADO,WELD,LUCERNE,Hail,1.25,,CoCoRaHS,40.49,-104.67,106734,640815,,7.432,2016,StormEvents_details-ftp_v1.0_d2016_c20260323.csv.gz,https://www.ncei.noaa.gov/pub/data/swdi/stormevents/csvfiles/StormEvents_details-ftp_v1.0_d2016_c20260323.csv.gz,https://www.ncdc.noaa.gov/stormevents/eventdetails.jsp?id=640815
2016,July,29-JUL-16 18:25:00,29-JUL-16 18:25:00,COLORADO,WELD,GREELEY,Hail,1,,Trained Spotter,40.42,-104.72,106734,640802,,2.76,2016,StormEvents_details-ftp_v1.0_d2016_c20260323.csv.gz,https://www.ncei.noaa.gov/pub/data/swdi/stormevents/csvfiles/StormEvents_details-ftp_v1.0_d2016_c20260323.csv.gz,https://www.ncdc.noaa.gov/stormevents/eventdetails.jsp?id=640802
2016,July,29-JUL-16 18:25:00,29-JUL-16 18:25:00,COLORADO,WELD,BARNESVILLE,Hail,1.25,,CoCoRaHS,40.49,-104.48,106734,640814,,16.196,2016,StormEvents_details-ftp_v1.0_d2016_c20260323.csv.gz,https://www.ncei.noaa.gov/pub/data/swdi/stormevents/csvfiles/StormEvents_details-ftp_v1.0_d2016_c20260323.csv.gz,https://www.ncdc.noaa.gov/stormevents/eventdetails.jsp?id=640814
2016,July,29-JUL-16 18:26:00,29-JUL-16 18:26:00,COLORADO,WELD,GARDEN CITY,Hail,1.75,,Trained Spotter,40.26,-104.6,106734,640801,,14.067,2016,StormEvents_details-ftp_v1.0_d2016_c20260323.csv.gz,https://www.ncei.noaa.gov/pub/data/swdi/stormevents/csvfiles/StormEvents_details-ftp_v1.0_d2016_c20260323.csv.gz,https://www.ncdc.noaa.gov/stormevents/eventdetails.jsp?id=640801
2016,July,29-JUL-16 18:30:00,29-JUL-16 18:30:00,COLORADO,WELD,GREELEY ARPT,Hail,2.5,,CoCoRaHS,40.38,-104.58,106734,640813,,10.407,2016,StormEvents_details-ftp_v1.0_d2016_c20260323.csv.gz,https://www.ncei.noaa.gov/pub/data/swdi/stormevents/csvfiles/StormEvents_details-ftp_v1.0_d2016_c20260323.csv.gz,https://www.ncdc.noaa.gov/stormevents/eventdetails.jsp?id=640813
2016,July,29-JUL-16 18:35:00,29-JUL-16 18:35:00,COLORADO,WELD,PIERCE,Hail,1.5,,CoCoRaHS,40.63,-104.75,106734,640800,,14.855,2016,StormEvents_details-ftp_v1.0_d2016_c20260323.csv.gz,https://www.ncei.noaa.gov/pub/data/swdi/stormevents/csvfiles/StormEvents_details-ftp_v1.0_d2016_c20260323.csv.gz,https://www.ncdc.noaa.gov/stormevents/eventdetails.jsp?id=640800
2016,July,29-JUL-16 18:35:00,29-JUL-16 18:35:00,COLORADO,WELD,GARDEN CITY,Hail,2.5,,Trained Spotter,40.23,-104.6,106734,640806,,15.71,2016,StormEvents_details-ftp_v1.0_d2016_c20260323.csv.gz,https://www.ncei.noaa.gov/pub/data/swdi/stormevents/csvfiles/StormEvents_details-ftp_v1.0_d2016_c20260323.csv.gz,https://www.ncdc.noaa.gov/stormevents/eventdetails.jsp?id=640806
2016,July,29-JUL-16 19:45:00,29-JUL-16 19:45:00,COLORADO,WELD,FT LUPTON,Hail,1.5,,Trained Spotter,40.07,-104.81,106734,640807,,23.966,2016,StormEvents_details-ftp_v1.0_d2016_c20260323.csv.gz,https://www.ncei.noaa.gov/pub/data/swdi/stormevents/csvfiles/StormEvents_details-ftp_v1.0_d2016_c20260323.csv.gz,https://www.ncdc.noaa.gov/stormevents/eventdetails.jsp?id=640807
2016,July,29-JUL-16 19:55:00,29-JUL-16 19:55:00,COLORADO,WELD,FT LUPTON,Hail,2,,Trained Spotter,40.1,-104.79,106734,640808,,21.83,2016,StormEvents_details-ftp_v1.0_d2016_c20260323.csv.gz,https://www.ncei.noaa.gov/pub/data/swdi/stormevents/csvfiles/StormEvents_details-ftp_v1.0_d2016_c20260323.csv.gz,https://www.ncdc.noaa.gov/stormevents/eventdetails.jsp?id=640808
2016,July,29-JUL-16 21:10:00,29-JUL-16 21:10:00,COLORADO,WELD,AULT,Hail,1.75,,Trained Spotter,40.59,-104.75,106734,640810,,12.102,2016,StormEvents_details-ftp_v1.0_d2016_c20260323.csv.gz,https://www.ncei.noaa.gov/pub/data/swdi/stormevents/csvfiles/StormEvents_details-ftp_v1.0_d2016_c20260323.csv.gz,https://www.ncdc.noaa.gov/stormevents/eventdetails.jsp?id=640810
2016,July,29-JUL-16 22:21:00,29-JUL-16 22:21:00,COLORADO,WELD,BARNESVILLE,Hail,0.75,,Trained Spotter,40.48,-104.48,106734,640811,,15.992,2016,StormEvents_details-ftp_v1.0_d2016_c20260323.csv.gz,https://www.ncei.noaa.gov/pub/data/swdi/stormevents/csvfiles/StormEvents_details-ftp_v1.0_d2016_c20260323.csv.gz,https://www.ncdc.noaa.gov/stormevents/eventdetails.jsp?id=640811
2016,July,29-JUL-16 23:23:00,29-JUL-16 23:23:00,COLORADO,WELD,ROGGEN,Hail,1.25,,Trained Spotter,40.17,-104.37,106734,640812,,27.153,2016,StormEvents_details-ftp_v1.0_d2016_c20260323.csv.gz,https://www.ncei.noaa.gov/pub/data/swdi/stormevents/csvfiles/StormEvents_details-ftp_v1.0_d2016_c20260323.csv.gz,https://www.ncdc.noaa.gov/stormevents/eventdetails.jsp?id=640812
2016,June,29-JUN-16 15:14:00,29-JUN-16 15:14:00,COLORADO,WELD,PROSPECT VALLEY,Hail,1,,Trained Spotter,40.02,-104.16,106679,640464,,42.313,2016,StormEvents_details-ftp_v1.0_d2016_c20260323.csv.gz,https://www.ncei.noaa.gov/pub/data/swdi/stormevents/csvfiles/StormEvents_details-ftp_v1.0_d2016_c20260323.csv.gz,https://www.ncdc.noaa.gov/stormevents/eventdetails.jsp?id=640464
2016,May,30-MAY-16 11:45:00,30-MAY-16 11:48:00,WYOMING,LARAMIE,CARPENTER,Hail,1,,Trained Spotter,41.05,-104.5043,107216,643122,Quarter size hail was reported seven miles west of Carpenter.,46.018,2016,StormEvents_details-ftp_v1.0_d2016_c20260323.csv.gz,https://www.ncei.noaa.gov/pub/data/swdi/stormevents/csvfiles/StormEvents_details-ftp_v1.0_d2016_c20260323.csv.gz,https://www.ncdc.noaa.gov/stormevents/eventdetails.jsp?id=643122
2016,May,30-MAY-16 12:05:00,30-MAY-16 12:08:00,WYOMING,LARAMIE,CARPENTER,Hail,1,,Trained Spotter,41.05,-104.37,107216,643123,Quarter size hail was reported at Carpenter.,48.624,2016,StormEvents_details-ftp_v1.0_d2016_c20260323.csv.gz,https://www.ncei.noaa.gov/pub/data/swdi/stormevents/csvfiles/StormEvents_details-ftp_v1.0_d2016_c20260323.csv.gz,https://www.ncdc.noaa.gov/stormevents/eventdetails.jsp?id=643123
2017,May,08-MAY-17 13:45:00,08-MAY-17 13:45:00,COLORADO,JEFFERSON,EDGEWATER,Hail,1.75,,CoCoRaHS,39.77,-105.12,114300,688994,,48.251,2017,StormEvents_details-ftp_v1.0_d2017_c20260519.csv.gz,https://www.ncei.noaa.gov/pub/data/swdi/stormevents/csvfiles/StormEvents_details-ftp_v1.0_d2017_c20260519.csv.gz,https://www.ncdc.noaa.gov/stormevents/eventdetails.jsp?id=688994
2017,May,08-MAY-17 13:52:00,08-MAY-17 13:52:00,COLORADO,JEFFERSON,EDGEWATER,Hail,2,,CoCoRaHS,39.76,-105.15,114300,684835,,49.509,2017,StormEvents_details-ftp_v1.0_d2017_c20260519.csv.gz,https://www.ncei.noaa.gov/pub/data/swdi/stormevents/csvfiles/StormEvents_details-ftp_v1.0_d2017_c20260519.csv.gz,https://www.ncdc.noaa.gov/stormevents/eventdetails.jsp?id=684835
2017,May,08-MAY-17 14:00:00,08-MAY-17 14:00:00,COLORADO,JEFFERSON,ARVADA,Hail,0.88,,NWS Employee,39.82,-105.14,114300,684765,,45.515,2017,StormEvents_details-ftp_v1.0_d2017_c20260519.csv.gz,https://www.ncei.noaa.gov/pub/data/swdi/stormevents/csvfiles/StormEvents_details-ftp_v1.0_d2017_c20260519.csv.gz,https://www.ncdc.noaa.gov/stormevents/eventdetails.jsp?id=684765
2017,May,08-MAY-17 14:01:00,08-MAY-17 14:01:00,COLORADO,LARIMER,KELIM,Hail,1.5,,Trained Spotter,40.39,-104.98,114300,684766,,11.079,2017,StormEvents_details-ftp_v1.0_d2017_c20260519.csv.gz,https://www.ncei.noaa.gov/pub/data/swdi/stormevents/csvfiles/StormEvents_details-ftp_v1.0_d2017_c20260519.csv.gz,https://www.ncdc.noaa.gov/stormevents/eventdetails.jsp?id=684766
2017,May,08-MAY-17 14:03:00,08-MAY-17 14:03:00,COLORADO,JEFFERSON,EDGEWATER,Hail,1.75,,COOP Observer,39.77,-105.1,114300,684767,,47.858,2017,StormEvents_details-ftp_v1.0_d2017_c20260519.csv.gz,https://www.ncei.noaa.gov/pub/data/swdi/stormevents/csvfiles/StormEvents_details-ftp_v1.0_d2017_c20260519.csv.gz,https://www.ncdc.noaa.gov/stormevents/eventdetails.jsp?id=684767
2017,May,08-MAY-17 14:04:00,08-MAY-17 14:04:00,COLORADO,DENVER,DENVER,Hail,2,,NWS Employee,39.79,-105.04,114300,684768,,45.488,2017,StormEvents_details-ftp_v1.0_d2017_c20260519.csv.gz,https://www.ncei.noaa.gov/pub/data/swdi/stormevents/csvfiles/StormEvents_details-ftp_v1.0_d2017_c20260519.csv.gz,https://www.ncdc.noaa.gov/stormevents/eventdetails.jsp?id=684768
2017,May,08-MAY-17 14:04:00,08-MAY-17 14:04:00,COLORADO,JEFFERSON,EDGEWATER,Hail,2.5,,COOP Observer,39.77,-105.1,114300,684769,,47.858,2017,StormEvents_details-ftp_v1.0_d2017_c20260519.csv.gz,https://www.ncei.noaa.gov/pub/data/swdi/stormevents/csvfiles/StormEvents_details-ftp_v1.0_d2017_c20260519.csv.gz,https://www.ncdc.noaa.gov/stormevents/eventdetails.jsp?id=684769
2017,May,08-MAY-17 14:05:00,08-MAY-17 14:05:00,COLORADO,JEFFERSON,EDGEWATER,Hail,2.75,,Trained Spotter,39.77,-105.1,114300,684770,The estimated damage is for the entire episode.,47.858,2017,StormEvents_details-ftp_v1.0_d2017_c20260519.csv.gz,https://www.ncei.noaa.gov/pub/data/swdi/stormevents/csvfiles/StormEvents_details-ftp_v1.0_d2017_c20260519.csv.gz,https://www.ncdc.noaa.gov/stormevents/eventdetails.jsp?id=684770
2017,May,08-MAY-17 14:05:00,08-MAY-17 14:05:00,COLORADO,JEFFERSON,WHEAT RIDGE,Hail,1.75,,CoCoRaHS,39.77,-105.06,114300,684838,,47.134,2017,StormEvents_details-ftp_v1.0_d2017_c20260519.csv.gz,https://www.ncei.noaa.gov/pub/data/swdi/stormevents/csvfiles/StormEvents_details-ftp_v1.0_d2017_c20260519.csv.gz,https://www.ncdc.noaa.gov/stormevents/eventdetails.jsp?id=684838
2017,May,08-MAY-17 14:09:00,08-MAY-17 14:09:00,COLORADO,JEFFERSON,EDGEWATER,Hail,1,,Trained Spotter,39.77,-105.1,114300,684772,,47.858,2017,StormEvents_details-ftp_v1.0_d2017_c20260519.csv.gz,https://www.ncei.noaa.gov/pub/data/swdi/stormevents/csvfiles/StormEvents_details-ftp_v1.0_d2017_c20260519.csv.gz,https://www.ncdc.noaa.gov/stormevents/eventdetails.jsp?id=684772
2017,May,08-MAY-17 14:15:00,08-MAY-17 14:15:00,COLORADO,DENVER,DENVER,Hail,1,,Trained Spotter,39.74,-104.99,114300,684773,,48.083,2017,StormEvents_details-ftp_v1.0_d2017_c20260519.csv.gz,https://www.ncei.noaa.gov/pub/data/swdi/stormevents/csvfiles/StormEvents_details-ftp_v1.0_d2017_c20260519.csv.gz,https://www.ncdc.noaa.gov/stormevents/eventdetails.jsp?id=684773
2017,May,08-MAY-17 14:15:00,08-MAY-17 14:15:00,COLORADO,ARAPAHOE,(BKF)BUCKLEY AIR FORCE BASE,Hail,1.25,,Trained Spotter,39.7,-104.71,114300,684839,,49.557,2017,StormEvents_details-ftp_v1.0_d2017_c20260519.csv.gz,https://www.ncei.noaa.gov/pub/data/swdi/stormevents/csvfiles/StormEvents_details-ftp_v1.0_d2017_c20260519.csv.gz,https://www.ncdc.noaa.gov/stormevents/eventdetails.jsp?id=684839
2017,May,08-MAY-17 14:15:00,08-MAY-17 14:15:00,COLORADO,DENVER,DENVER,Hail,1,,Public,39.73,-104.96,114300,684840,,48.404,2017,StormEvents_details-ftp_v1.0_d2017_c20260519.csv.gz,https://www.ncei.noaa.gov/pub/data/swdi/stormevents/csvfiles/StormEvents_details-ftp_v1.0_d2017_c20260519.csv.gz,https://www.ncdc.noaa.gov/stormevents/eventdetails.jsp?id=684840
2017,May,08-MAY-17 14:16:00,08-MAY-17 14:16:00,COLORADO,DENVER,DENVER,Hail,1.75,,Trained Spotter,39.74,-105,114300,684774,,48.213,2017,StormEvents_details-ftp_v1.0_d2017_c20260519.csv.gz,https://www.ncei.noaa.gov/pub/data/swdi/stormevents/csvfiles/StormEvents_details-ftp_v1.0_d2017_c20260519.csv.gz,https://www.ncdc.noaa.gov/stormevents/eventdetails.jsp?id=684774
2017,May,08-MAY-17 14:20:00,08-MAY-17 14:20:00,COLORADO,DENVER,DENVER,Hail,1.75,,COOP Observer,39.79,-105.04,114300,684776,,45.488,2017,StormEvents_details-ftp_v1.0_d2017_c20260519.csv.gz,https://www.ncei.noaa.gov/pub/data/swdi/stormevents/csvfiles/StormEvents_details-ftp_v1.0_d2017_c20260519.csv.gz,https://www.ncdc.noaa.gov/stormevents/eventdetails.jsp?id=684776
2017,May,08-MAY-17 14:25:00,08-MAY-17 14:25:00,COLORADO,ADAMS,FEDERAL HGT,Hail,1,,Trained Spotter,39.91,-105.04,114300,684777,,37.692,2017,StormEvents_details-ftp_v1.0_d2017_c20260519.csv.gz,https://www.ncei.noaa.gov/pub/data/swdi/stormevents/csvfiles/StormEvents_details-ftp_v1.0_d2017_c20260519.csv.gz,https://www.ncdc.noaa.gov/stormevents/eventdetails.jsp?id=684777
2017,May,08-MAY-17 14:27:00,08-MAY-17 14:27:00,COLORADO,ADAMS,BRIGHTON,Hail,1,,Trained Spotter,39.99,-104.77,114300,684841,,29.411,2017,StormEvents_details-ftp_v1.0_d2017_c20260519.csv.gz,https://www.ncei.noaa.gov/pub/data/swdi/stormevents/csvfiles/StormEvents_details-ftp_v1.0_d2017_c20260519.csv.gz,https://www.ncdc.noaa.gov/stormevents/eventdetails.jsp?id=684841
2017,May,08-MAY-17 14:27:00,08-MAY-17 14:27:00,COLORADO,DENVER,DENVER,Hail,1.5,,Public,39.79,-104.97,114300,684842,,44.476,2017,StormEvents_details-ftp_v1.0_d2017_c20260519.csv.gz,https://www.ncei.noaa.gov/pub/data/swdi/stormevents/csvfiles/StormEvents_details-ftp_v1.0_d2017_c20260519.csv.gz,https://www.ncdc.noaa.gov/stormevents/eventdetails.jsp?id=684842
2017,May,08-MAY-17 14:30:00,08-MAY-17 14:30:00,COLORADO,WELD,WINDSOR,Hail,1,,CoCoRaHS,40.42,-104.82,114300,684844,,2.535,2017,StormEvents_details-ftp_v1.0_d2017_c20260519.csv.gz,https://www.ncei.noaa.gov/pub/data/swdi/stormevents/csvfiles/StormEvents_details-ftp_v1.0_d2017_c20260519.csv.gz,https://www.ncdc.noaa.gov/stormevents/eventdetails.jsp?id=684844
2017,May,08-MAY-17 14:45:00,08-MAY-17 14:45:00,COLORADO,ADAMS,WESTMINSTER,Hail,1,,Trained Spotter,39.84,-105,114300,684845,,41.556,2017,StormEvents_details-ftp_v1.0_d2017_c20260519.csv.gz,https://www.ncei.noaa.gov/pub/data/swdi/stormevents/csvfiles/StormEvents_details-ftp_v1.0_d2017_c20260519.csv.gz,https://www.ncdc.noaa.gov/stormevents/eventdetails.jsp?id=684845
2017,May,08-MAY-17 14:47:00,08-MAY-17 14:47:00,COLORADO,WELD,JOHNSTOWN,Hail,1,,NWS Employee,40.4,-104.81,114300,684779,,2.266,2017,StormEvents_details-ftp_v1.0_d2017_c20260519.csv.gz,https://www.ncei.noaa.gov/pub/data/swdi/stormevents/csvfiles/StormEvents_details-ftp_v1.0_d2017_c20260519.csv.gz,https://www.ncdc.noaa.gov/stormevents/eventdetails.jsp?id=684779
2017,August,10-AUG-17 14:05:00,10-AUG-17 14:05:00,COLORADO,LARIMER,DRAKES,Hail,0.88,,CoCoRaHS,40.54,-105.12,117431,706197,,20.2,2017,StormEvents_details-ftp_v1.0_d2017_c20260519.csv.gz,https://www.ncei.noaa.gov/pub/data/swdi/stormevents/csvfiles/StormEvents_details-ftp_v1.0_d2017_c20260519.csv.gz,https://www.ncdc.noaa.gov/stormevents/eventdetails.jsp?id=706197
2017,August,10-AUG-17 14:07:00,10-AUG-17 14:07:00,COLORADO,LARIMER,DRAKES,Hail,0.75,,CoCoRaHS,40.51,-105.12,117431,706198,,19.413,2017,StormEvents_details-ftp_v1.0_d2017_c20260519.csv.gz,https://www.ncei.noaa.gov/pub/data/swdi/stormevents/csvfiles/StormEvents_details-ftp_v1.0_d2017_c20260519.csv.gz,https://www.ncdc.noaa.gov/stormevents/eventdetails.jsp?id=706198
2017,August,10-AUG-17 14:10:00,10-AUG-17 14:10:00,COLORADO,LARIMER,DRAKES,Hail,0.88,,CoCoRaHS,40.52,-105.11,117431,706199,,19.166,2017,StormEvents_details-ftp_v1.0_d2017_c20260519.csv.gz,https://www.ncei.noaa.gov/pub/data/swdi/stormevents/csvfiles/StormEvents_details-ftp_v1.0_d2017_c20260519.csv.gz,https://www.ncdc.noaa.gov/stormevents/eventdetails.jsp?id=706199
2017,August,10-AUG-17 14:10:00,10-AUG-17 14:10:00,COLORADO,LARIMER,DRAKES,Hail,1,,Public,40.55,-105.08,117431,706200,,18.652,2017,StormEvents_details-ftp_v1.0_d2017_c20260519.csv.gz,https://www.ncei.noaa.gov/pub/data/swdi/stormevents/csvfiles/StormEvents_details-ftp_v1.0_d2017_c20260519.csv.gz,https://www.ncdc.noaa.gov/stormevents/eventdetails.jsp?id=706200
2017,August,10-AUG-17 14:11:00,10-AUG-17 14:11:00,COLORADO,LARIMER,DRAKES,Hail,1,,Trained Spotter,40.55,-105.09,117431,706201,,19.109,2017,StormEvents_details-ftp_v1.0_d2017_c20260519.csv.gz,https://www.ncei.noaa.gov/pub/data/swdi/stormevents/csvfiles/StormEvents_details-ftp_v1.0_d2017_c20260519.csv.gz,https://www.ncdc.noaa.gov/stormevents/eventdetails.jsp?id=706201
2017,August,10-AUG-17 15:40:00,10-AUG-17 15:40:00,COLORADO,WELD,KEENESBURG,Hail,1,,Emergency Manager,40.1338,-104.4546,117431,708325,"Strong winds and large hail accompanied a thunderstorm that struck between Keenseburg and Roggen.  One farmstead reported the crops were completely flattened in one field.  In addition, sixty-six head of cattle were injured and later euthanized.",25.68,2017,StormEvents_details-ftp_v1.0_d2017_c20260519.csv.gz,https://www.ncei.noaa.gov/pub/data/swdi/stormevents/csvfiles/StormEvents_details-ftp_v1.0_d2017_c20260519.csv.gz,https://www.ncdc.noaa.gov/stormevents/eventdetails.jsp?id=708325
2017,June,12-JUN-17 13:15:00,12-JUN-17 13:15:00,COLORADO,LARIMER,FT COLLINS/LOVELAND,Hail,1.25,,CoCoRaHS,40.41,-105.01,115462,693324,,12.519,2017,StormEvents_details-ftp_v1.0_d2017_c20260519.csv.gz,https://www.ncei.noaa.gov/pub/data/swdi/stormevents/csvfiles/StormEvents_details-ftp_v1.0_d2017_c20260519.csv.gz,https://www.ncdc.noaa.gov/stormevents/eventdetails.jsp?id=693324
2017,June,12-JUN-17 13:26:00,12-JUN-17 13:26:00,COLORADO,LARIMER,FT COLLINS/LOVELAND,Hail,1,,Trained Spotter,40.42,-105.02,115462,693325,,13.041,2017,StormEvents_details-ftp_v1.0_d2017_c20260519.csv.gz,https://www.ncei.noaa.gov/pub/data/swdi/stormevents/csvfiles/StormEvents_details-ftp_v1.0_d2017_c20260519.csv.gz,https://www.ncdc.noaa.gov/stormevents/eventdetails.jsp?id=693325
2017,June,12-JUN-17 13:28:00,12-JUN-17 13:28:00,COLORADO,LARIMER,FT COLLINS/LOVELAND,Hail,1.75,,CoCoRaHS,40.48,-104.97,115462,693326,,11.313,2017,StormEvents_details-ftp_v1.0_d2017_c20260519.csv.gz,https://www.ncei.noaa.gov/pub/data/swdi/stormevents/csvfiles/StormEvents_details-ftp_v1.0_d2017_c20260519.csv.gz,https://www.ncdc.noaa.gov/stormevents/eventdetails.jsp?id=693326
2017,June,12-JUN-17 13:30:00,12-JUN-17 13:30:00,COLORADO,LARIMER,TIMNATH,Hail,1.75,,CoCoRaHS,40.51,-104.95,115462,693327,,11.397,2017,StormEvents_details-ftp_v1.0_d2017_c20260519.csv.gz,https://www.ncei.noaa.gov/pub/data/swdi/stormevents/csvfiles/StormEvents_details-ftp_v1.0_d2017_c20260519.csv.gz,https://www.ncdc.noaa.gov/stormevents/eventdetails.jsp?id=693327
2017,June,12-JUN-17 13:32:00,12-JUN-17 13:32:00,COLORADO,LARIMER,TIMNATH,Hail,0.75,,Trained Spotter,40.52,-104.99,115462,693328,,13.531,2017,StormEvents_details-ftp_v1.0_d2017_c20260519.csv.gz,https://www.ncei.noaa.gov/pub/data/swdi/stormevents/csvfiles/StormEvents_details-ftp_v1.0_d2017_c20260519.csv.gz,https://www.ncdc.noaa.gov/stormevents/eventdetails.jsp?id=693328
2017,June,12-JUN-17 13:32:00,12-JUN-17 13:32:00,COLORADO,WELD,WINDSOR,Hail,2,,Public,40.49,-104.93,115462,693329,,9.76,2017,StormEvents_details-ftp_v1.0_d2017_c20260519.csv.gz,https://www.ncei.noaa.gov/pub/data/swdi/stormevents/csvfiles/StormEvents_details-ftp_v1.0_d2017_c20260519.csv.gz,https://www.ncdc.noaa.gov/stormevents/eventdetails.jsp?id=693329
2017,June,12-JUN-17 13:58:00,12-JUN-17 13:58:00,COLORADO,LARIMER,TIMNATH,Hail,1,,CoCoRaHS,40.59,-104.96,115462,693330,,15.572,2017,StormEvents_details-ftp_v1.0_d2017_c20260519.csv.gz,https://www.ncei.noaa.gov/pub/data/swdi/stormevents/csvfiles/StormEvents_details-ftp_v1.0_d2017_c20260519.csv.gz,https://www.ncdc.noaa.gov/stormevents/eventdetails.jsp?id=693330
2017,June,12-JUN-17 14:18:00,12-JUN-17 14:18:00,COLORADO,WELD,NUNN,Hail,1,,Trained Spotter,40.7,-104.78,115462,693331,,19.65,2017,StormEvents_details-ftp_v1.0_d2017_c20260519.csv.gz,https://www.ncei.noaa.gov/pub/data/swdi/stormevents/csvfiles/StormEvents_details-ftp_v1.0_d2017_c20260519.csv.gz,https://www.ncdc.noaa.gov/stormevents/eventdetails.jsp?id=693331
2017,June,12-JUN-17 14:24:00,12-JUN-17 14:24:00,COLORADO,WELD,NUNN,Hail,1,,Trained Spotter,40.7,-104.94,115462,693332,,21.531,2017,StormEvents_details-ftp_v1.0_d2017_c20260519.csv.gz,https://www.ncei.noaa.gov/pub/data/swdi/stormevents/csvfiles/StormEvents_details-ftp_v1.0_d2017_c20260519.csv.gz,https://www.ncdc.noaa.gov/stormevents/eventdetails.jsp?id=693332
2017,June,12-JUN-17 14:25:00,12-JUN-17 14:25:00,COLORADO,WELD,NUNN,Hail,1,,Amateur Radio,40.7,-104.94,115462,693333,,21.531,2017,StormEvents_details-ftp_v1.0_d2017_c20260519.csv.gz,https://www.ncei.noaa.gov/pub/data/swdi/stormevents/csvfiles/StormEvents_details-ftp_v1.0_d2017_c20260519.csv.gz,https://www.ncdc.noaa.gov/stormevents/eventdetails.jsp?id=693333
2017,June,12-JUN-17 14:38:00,12-JUN-17 14:38:00,COLORADO,WELD,PIERCE,Hail,2.5,,Broadcast Media,40.64,-104.85,115462,693334,,16.031,2017,StormEvents_details-ftp_v1.0_d2017_c20260519.csv.gz,https://www.ncei.noaa.gov/pub/data/swdi/stormevents/csvfiles/StormEvents_details-ftp_v1.0_d2017_c20260519.csv.gz,https://www.ncdc.noaa.gov/stormevents/eventdetails.jsp?id=693334
2017,June,12-JUN-17 14:43:00,12-JUN-17 14:43:00,COLORADO,WELD,NUNN,Hail,1,,Trained Spotter,40.7,-104.78,115462,693335,,19.65,2017,StormEvents_details-ftp_v1.0_d2017_c20260519.csv.gz,https://www.ncei.noaa.gov/pub/data/swdi/stormevents/csvfiles/StormEvents_details-ftp_v1.0_d2017_c20260519.csv.gz,https://www.ncdc.noaa.gov/stormevents/eventdetails.jsp?id=693335
2017,June,12-JUN-17 14:45:00,12-JUN-17 14:45:00,COLORADO,WELD,SEVERANCE,Hail,2.75,,Public,40.62,-104.91,115462,693336,,15.867,2017,StormEvents_details-ftp_v1.0_d2017_c20260519.csv.gz,https://www.ncei.noaa.gov/pub/data/swdi/stormevents/csvfiles/StormEvents_details-ftp_v1.0_d2017_c20260519.csv.gz,https://www.ncdc.noaa.gov/stormevents/eventdetails.jsp?id=693336
2017,June,12-JUN-17 14:59:00,12-JUN-17 14:59:00,COLORADO,WELD,NUNN,Hail,1.25,,Trained Spotter,40.7,-104.68,115462,693337,,20.233,2017,StormEvents_details-ftp_v1.0_d2017_c20260519.csv.gz,https://www.ncei.noaa.gov/pub/data/swdi/stormevents/csvfiles/StormEvents_details-ftp_v1.0_d2017_c20260519.csv.gz,https://www.ncdc.noaa.gov/stormevents/eventdetails.jsp?id=693337
2017,June,12-JUN-17 15:00:00,12-JUN-17 15:00:00,COLORADO,WELD,PIERCE,Hail,4.25,,Public,40.63,-104.75,115462,693338,,14.855,2017,StormEvents_details-ftp_v1.0_d2017_c20260519.csv.gz,https://www.ncei.noaa.gov/pub/data/swdi/stormevents/csvfiles/StormEvents_details-ftp_v1.0_d2017_c20260519.csv.gz,https://www.ncdc.noaa.gov/stormevents/eventdetails.jsp?id=693338
2017,June,12-JUN-17 15:01:00,12-JUN-17 15:01:00,COLORADO,WELD,PURCELL,Hail,1.75,,Trained Spotter,40.7,-104.59,115462,693339,,21.849,2017,StormEvents_details-ftp_v1.0_d2017_c20260519.csv.gz,https://www.ncei.noaa.gov/pub/data/swdi/stormevents/csvfiles/StormEvents_details-ftp_v1.0_d2017_c20260519.csv.gz,https://www.ncdc.noaa.gov/stormevents/eventdetails.jsp?id=693339
2017,June,12-JUN-17 15:15:00,12-JUN-17 15:15:00,COLORADO,LARIMER,TIMNATH,Hail,1.5,,CoCoRaHS,40.56,-105.01,115462,693340,,15.99,2017,StormEvents_details-ftp_v1.0_d2017_c20260519.csv.gz,https://www.ncei.noaa.gov/pub/data/swdi/stormevents/csvfiles/StormEvents_details-ftp_v1.0_d2017_c20260519.csv.gz,https://www.ncdc.noaa.gov/stormevents/eventdetails.jsp?id=693340
2017,June,12-JUN-17 15:35:00,12-JUN-17 15:35:00,COLORADO,WELD,HEREFORD,Hail,3,,Trained Spotter,40.94,-104.3,115462,693341,,43.87,2017,StormEvents_details-ftp_v1.0_d2017_c20260519.csv.gz,https://www.ncei.noaa.gov/pub/data/swdi/stormevents/csvfiles/StormEvents_details-ftp_v1.0_d2017_c20260519.csv.gz,https://www.ncdc.noaa.gov/stormevents/eventdetails.jsp?id=693341
2017,June,12-JUN-17 15:40:00,12-JUN-17 15:40:00,COLORADO,WELD,HEREFORD,Hail,1.75,,Trained Spotter,40.95,-104.37,115462,693342,,42.509,2017,StormEvents_details-ftp_v1.0_d2017_c20260519.csv.gz,https://www.ncei.noaa.gov/pub/data/swdi/stormevents/csvfiles/StormEvents_details-ftp_v1.0_d2017_c20260519.csv.gz,https://www.ncdc.noaa.gov/stormevents/eventdetails.jsp?id=693342
2017,June,12-JUN-17 15:40:00,12-JUN-17 15:40:00,COLORADO,WELD,HEREFORD,Hail,1.5,,Trained Spotter,40.97,-104.3,115462,693343,,45.594,2017,StormEvents_details-ftp_v1.0_d2017_c20260519.csv.gz,https://www.ncei.noaa.gov/pub/data/swdi/stormevents/csvfiles/StormEvents_details-ftp_v1.0_d2017_c20260519.csv.gz,https://www.ncdc.noaa.gov/stormevents/eventdetails.jsp?id=693343
2017,June,12-JUN-17 15:47:00,12-JUN-17 15:47:00,COLORADO,WELD,HEREFORD,Hail,1.75,,Storm Chaser,40.97,-104.22,115462,693344,,47.997,2017,StormEvents_details-ftp_v1.0_d2017_c20260519.csv.gz,https://www.ncei.noaa.gov/pub/data/swdi/stormevents/csvfiles/StormEvents_details-ftp_v1.0_d2017_c20260519.csv.gz,https://www.ncdc.noaa.gov/stormevents/eventdetails.jsp?id=693344
2017,June,12-JUN-17 15:48:00,12-JUN-17 15:48:00,COLORADO,WELD,HEREFORD,Hail,2.75,,Trained Spotter,40.97,-104.3,115462,693345,,45.594,2017,StormEvents_details-ftp_v1.0_d2017_c20260519.csv.gz,https://www.ncei.noaa.gov/pub/data/swdi/stormevents/csvfiles/StormEvents_details-ftp_v1.0_d2017_c20260519.csv.gz,https://www.ncdc.noaa.gov/stormevents/eventdetails.jsp?id=693345
2017,September,15-SEP-17 21:45:00,15-SEP-17 21:45:00,COLORADO,WELD,FIRESTONE,Hail,0.75,,Trained Spotter,40.15,-104.93,120067,719449,,20.153,2017,StormEvents_details-ftp_v1.0_d2017_c20260519.csv.gz,https://www.ncei.noaa.gov/pub/data/swdi/stormevents/csvfiles/StormEvents_details-ftp_v1.0_d2017_c20260519.csv.gz,https://www.ncdc.noaa.gov/stormevents/eventdetails.jsp?id=719449
2017,May,16-MAY-17 13:30:00,16-MAY-17 13:30:00,COLORADO,BOULDER,BOULDER ARPT,Hail,0.88,,Trained Spotter,40.01,-105.22,114968,689659,,36.66,2017,StormEvents_details-ftp_v1.0_d2017_c20260519.csv.gz,https://www.ncei.noaa.gov/pub/data/swdi/stormevents/csvfiles/StormEvents_details-ftp_v1.0_d2017_c20260519.csv.gz,https://www.ncdc.noaa.gov/stormevents/eventdetails.jsp?id=689659
2017,May,16-MAY-17 13:50:00,16-MAY-17 13:50:00,COLORADO,WELD,WINDSOR,Hail,0.88,,Trained Spotter,40.42,-104.8,114968,689660,,1.495,2017,StormEvents_details-ftp_v1.0_d2017_c20260519.csv.gz,https://www.ncei.noaa.gov/pub/data/swdi/stormevents/csvfiles/StormEvents_details-ftp_v1.0_d2017_c20260519.csv.gz,https://www.ncdc.noaa.gov/stormevents/eventdetails.jsp?id=689660
2017,May,17-MAY-17 18:25:00,17-MAY-17 18:25:00,COLORADO,BOULDER,BOULDER ARPT,Hail,0.75,,CoCoRaHS,40.02,-105.23,114669,688995,,36.481,2017,StormEvents_details-ftp_v1.0_d2017_c20260519.csv.gz,https://www.ncei.noaa.gov/pub/data/swdi/stormevents/csvfiles/StormEvents_details-ftp_v1.0_d2017_c20260519.csv.gz,https://www.ncdc.noaa.gov/stormevents/eventdetails.jsp?id=688995
2017,May,17-MAY-17 19:40:00,17-MAY-17 19:40:00,COLORADO,ADAMS,BRIGHTON,Hail,0.88,,Trained Spotter,39.99,-104.82,114669,688996,,29.518,2017,StormEvents_details-ftp_v1.0_d2017_c20260519.csv.gz,https://www.ncei.noaa.gov/pub/data/swdi/stormevents/csvfiles/StormEvents_details-ftp_v1.0_d2017_c20260519.csv.gz,https://www.ncdc.noaa.gov/stormevents/eventdetails.jsp?id=688996
2017,May,17-MAY-17 19:42:00,17-MAY-17 19:42:00,COLORADO,ADAMS,BRIGHTON,Hail,0.88,,Trained Spotter,39.98,-104.79,114669,688997,,30.116,2017,StormEvents_details-ftp_v1.0_d2017_c20260519.csv.gz,https://www.ncei.noaa.gov/pub/data/swdi/stormevents/csvfiles/StormEvents_details-ftp_v1.0_d2017_c20260519.csv.gz,https://www.ncdc.noaa.gov/stormevents/eventdetails.jsp?id=688997
2017,May,26-MAY-17 18:40:00,26-MAY-17 18:41:00,WYOMING,LARAMIE,CARPENTER,Hail,1.75,,Trained Spotter,41.0445,-104.3523,116687,701755,Golf ball size hail was observed near Carpenter.,48.693,2017,StormEvents_details-ftp_v1.0_d2017_c20260519.csv.gz,https://www.ncei.noaa.gov/pub/data/swdi/stormevents/csvfiles/StormEvents_details-ftp_v1.0_d2017_c20260519.csv.gz,https://www.ncdc.noaa.gov/stormevents/eventdetails.jsp?id=701755
2018,May,01-MAY-18 12:30:00,01-MAY-18 12:30:00,COLORADO,BOULDER,LONGMONT MUNI ARPT,Hail,0.88,,Trained Spotter,40.14,-105.15,124039,744399,,27.558,2018,StormEvents_details-ftp_v1.0_d2018_c20260323.csv.gz,https://www.ncei.noaa.gov/pub/data/swdi/stormevents/csvfiles/StormEvents_details-ftp_v1.0_d2018_c20260323.csv.gz,https://www.ncdc.noaa.gov/stormevents/eventdetails.jsp?id=744399
2018,May,01-MAY-18 13:04:00,01-MAY-18 13:04:00,COLORADO,WELD,FIRESTONE,Hail,1,,Trained Spotter,40.12,-104.93,124039,744400,,22.058,2018,StormEvents_details-ftp_v1.0_d2018_c20260323.csv.gz,https://www.ncei.noaa.gov/pub/data/swdi/stormevents/csvfiles/StormEvents_details-ftp_v1.0_d2018_c20260323.csv.gz,https://www.ncdc.noaa.gov/stormevents/eventdetails.jsp?id=744400
2018,July,04-JUL-18 15:16:00,04-JUL-18 15:16:00,COLORADO,ADAMS,BARR LAKE,Hail,1,,Trained Spotter,40,-104.61,126765,759953,,29.967,2018,StormEvents_details-ftp_v1.0_d2018_c20260323.csv.gz,https://www.ncei.noaa.gov/pub/data/swdi/stormevents/csvfiles/StormEvents_details-ftp_v1.0_d2018_c20260323.csv.gz,https://www.ncdc.noaa.gov/stormevents/eventdetails.jsp?id=759953
2018,July,04-JUL-18 16:45:00,04-JUL-18 16:45:00,COLORADO,LARIMER,LOVELAND,Hail,1,,Trained Spotter,40.39,-105.1,126765,759954,,17.341,2018,StormEvents_details-ftp_v1.0_d2018_c20260323.csv.gz,https://www.ncei.noaa.gov/pub/data/swdi/stormevents/csvfiles/StormEvents_details-ftp_v1.0_d2018_c20260323.csv.gz,https://www.ncdc.noaa.gov/stormevents/eventdetails.jsp?id=759954
2018,July,04-JUL-18 16:59:00,04-JUL-18 16:59:00,COLORADO,LARIMER,LOVELAND,Hail,1.75,,Public,40.39,-105.11,126765,759955,,17.864,2018,StormEvents_details-ftp_v1.0_d2018_c20260323.csv.gz,https://www.ncei.noaa.gov/pub/data/swdi/stormevents/csvfiles/StormEvents_details-ftp_v1.0_d2018_c20260323.csv.gz,https://www.ncdc.noaa.gov/stormevents/eventdetails.jsp?id=759955
2018,August,06-AUG-18 13:05:00,06-AUG-18 13:05:00,WYOMING,LARAMIE,SOUTH GREELEY,Hail,1,,Public,41.1,-104.79,129923,786051,,47.293,2018,StormEvents_details-ftp_v1.0_d2018_c20260323.csv.gz,https://www.ncei.noaa.gov/pub/data/swdi/stormevents/csvfiles/StormEvents_details-ftp_v1.0_d2018_c20260323.csv.gz,https://www.ncdc.noaa.gov/stormevents/eventdetails.jsp?id=786051
2018,August,06-AUG-18 13:05:00,06-AUG-18 13:05:00,WYOMING,LARAMIE,SOUTH GREELEY,Hail,1,,Public,41.11,-104.75,129923,786052,,47.988,2018,StormEvents_details-ftp_v1.0_d2018_c20260323.csv.gz,https://www.ncei.noaa.gov/pub/data/swdi/stormevents/csvfiles/StormEvents_details-ftp_v1.0_d2018_c20260323.csv.gz,https://www.ncdc.noaa.gov/stormevents/eventdetails.jsp?id=786052
2018,August,06-AUG-18 13:10:00,06-AUG-18 13:13:00,WYOMING,LARAMIE,ORCHARD VALLY,Hail,1.75,,Public,41.1,-104.82,129923,778260,Golf ball size hail was observed at Orchard Valley south of Cheyenne.,47.35,2018,StormEvents_details-ftp_v1.0_d2018_c20260323.csv.gz,https://www.ncei.noaa.gov/pub/data/swdi/stormevents/csvfiles/StormEvents_details-ftp_v1.0_d2018_c20260323.csv.gz,https://www.ncdc.noaa.gov/stormevents/eventdetails.jsp?id=778260
2018,August,06-AUG-18 13:15:00,06-AUG-18 13:18:00,WYOMING,LARAMIE,CHEYENNE,Hail,1,,Public,41.1093,-104.7792,129923,778258,Quarter size hail was observed on Fox Farm Road.,47.927,2018,StormEvents_details-ftp_v1.0_d2018_c20260323.csv.gz,https://www.ncei.noaa.gov/pub/data/swdi/stormevents/csvfiles/StormEvents_details-ftp_v1.0_d2018_c20260323.csv.gz,https://www.ncdc.noaa.gov/stormevents/eventdetails.jsp?id=778258
2018,August,06-AUG-18 13:15:00,06-AUG-18 13:15:00,WYOMING,LARAMIE,SOUTH GREELEY,Hail,1,,Public,41.12,-104.79,129923,786053,,48.674,2018,StormEvents_details-ftp_v1.0_d2018_c20260323.csv.gz,https://www.ncei.noaa.gov/pub/data/swdi/stormevents/csvfiles/StormEvents_details-ftp_v1.0_d2018_c20260323.csv.gz,https://www.ncdc.noaa.gov/stormevents/eventdetails.jsp?id=786053
2018,August,06-AUG-18 13:18:00,06-AUG-18 13:18:00,WYOMING,LARAMIE,SOUTH GREELEY,Hail,1.75,,Public,41.09,-104.79,129923,786054,,46.602,2018,StormEvents_details-ftp_v1.0_d2018_c20260323.csv.gz,https://www.ncei.noaa.gov/pub/data/swdi/stormevents/csvfiles/StormEvents_details-ftp_v1.0_d2018_c20260323.csv.gz,https://www.ncdc.noaa.gov/stormevents/eventdetails.jsp?id=786054
2018,August,06-AUG-18 13:18:00,06-AUG-18 13:18:00,WYOMING,LARAMIE,CHEYENNE,Hail,1,,NWS Employee,41.13,-104.76,129923,786055,,49.36,2018,StormEvents_details-ftp_v1.0_d2018_c20260323.csv.gz,https://www.ncei.noaa.gov/pub/data/swdi/stormevents/csvfiles/StormEvents_details-ftp_v1.0_d2018_c20260323.csv.gz,https://www.ncdc.noaa.gov/stormevents/eventdetails.jsp?id=786055
2018,August,06-AUG-18 13:19:00,06-AUG-18 13:22:00,WYOMING,LARAMIE,CHEYENNE,Hail,1,,NWS Employee,41.1289,-104.7845,129923,778256,Quarter size hail was observed at the 700 block of College Drive.,49.284,2018,StormEvents_details-ftp_v1.0_d2018_c20260323.csv.gz,https://www.ncei.noaa.gov/pub/data/swdi/stormevents/csvfiles/StormEvents_details-ftp_v1.0_d2018_c20260323.csv.gz,https://www.ncdc.noaa.gov/stormevents/eventdetails.jsp?id=778256
2018,August,06-AUG-18 13:19:00,06-AUG-18 13:19:00,WYOMING,LARAMIE,SOUTH GREELEY,Hail,2,,Public,41.12,-104.79,129923,786056,,48.674,2018,StormEvents_details-ftp_v1.0_d2018_c20260323.csv.gz,https://www.ncei.noaa.gov/pub/data/swdi/stormevents/csvfiles/StormEvents_details-ftp_v1.0_d2018_c20260323.csv.gz,https://www.ncdc.noaa.gov/stormevents/eventdetails.jsp?id=786056
2018,August,06-AUG-18 13:29:00,06-AUG-18 13:32:00,WYOMING,LARAMIE,CHEYENNE,Hail,2,,Public,41.1111,-104.82,129923,778259,Egg size hail was observed at Willow Pond Country Homes subdivision.,48.116,2018,StormEvents_details-ftp_v1.0_d2018_c20260323.csv.gz,https://www.ncei.noaa.gov/pub/data/swdi/stormevents/csvfiles/StormEvents_details-ftp_v1.0_d2018_c20260323.csv.gz,https://www.ncdc.noaa.gov/stormevents/eventdetails.jsp?id=778259
2018,August,06-AUG-18 14:32:00,06-AUG-18 14:32:00,COLORADO,WELD,GROVER,Hail,2,,Trained Spotter,40.8,-104.33,128390,770208,,35.257,2018,StormEvents_details-ftp_v1.0_d2018_c20260323.csv.gz,https://www.ncei.noaa.gov/pub/data/swdi/stormevents/csvfiles/StormEvents_details-ftp_v1.0_d2018_c20260323.csv.gz,https://www.ncdc.noaa.gov/stormevents/eventdetails.jsp?id=770208
2018,August,06-AUG-18 15:30:00,06-AUG-18 15:30:00,COLORADO,WELD,BRIGGSDALE ARPT,Hail,2.75,,Trained Spotter,40.57,-104.36,128390,770210,,24.139,2018,StormEvents_details-ftp_v1.0_d2018_c20260323.csv.gz,https://www.ncei.noaa.gov/pub/data/swdi/stormevents/csvfiles/StormEvents_details-ftp_v1.0_d2018_c20260323.csv.gz,https://www.ncdc.noaa.gov/stormevents/eventdetails.jsp?id=770210
2018,August,06-AUG-18 15:40:00,06-AUG-18 15:40:00,COLORADO,WELD,CORNISH,Hail,1.75,,Trained Spotter,40.48,-104.32,128390,770212,,24.186,2018,StormEvents_details-ftp_v1.0_d2018_c20260323.csv.gz,https://www.ncei.noaa.gov/pub/data/swdi/stormevents/csvfiles/StormEvents_details-ftp_v1.0_d2018_c20260323.csv.gz,https://www.ncdc.noaa.gov/stormevents/eventdetails.jsp?id=770212
2018,August,06-AUG-18 16:26:00,06-AUG-18 16:26:00,COLORADO,LARIMER,BUCKEYE,Hail,1,,Social Media,40.84,-105.1,128390,770213,,33.988,2018,StormEvents_details-ftp_v1.0_d2018_c20260323.csv.gz,https://www.ncei.noaa.gov/pub/data/swdi/stormevents/csvfiles/StormEvents_details-ftp_v1.0_d2018_c20260323.csv.gz,https://www.ncdc.noaa.gov/stormevents/eventdetails.jsp?id=770213
2018,August,06-AUG-18 16:26:00,06-AUG-18 16:26:00,COLORADO,LARIMER,BUCKEYE,Hail,1,,Trained Spotter,40.86,-104.95,128390,770215,,32.086,2018,StormEvents_details-ftp_v1.0_d2018_c20260323.csv.gz,https://www.ncei.noaa.gov/pub/data/swdi/stormevents/csvfiles/StormEvents_details-ftp_v1.0_d2018_c20260323.csv.gz,https://www.ncdc.noaa.gov/stormevents/eventdetails.jsp?id=770215
2018,August,06-AUG-18 16:38:00,06-AUG-18 16:38:00,COLORADO,MORGAN,ORCHARD,Hail,1,,Trained Spotter,40.29,-104.08,128390,770216,,37.464,2018,StormEvents_details-ftp_v1.0_d2018_c20260323.csv.gz,https://www.ncei.noaa.gov/pub/data/swdi/stormevents/csvfiles/StormEvents_details-ftp_v1.0_d2018_c20260323.csv.gz,https://www.ncdc.noaa.gov/stormevents/eventdetails.jsp?id=770216
2018,August,06-AUG-18 16:42:00,06-AUG-18 16:42:00,COLORADO,MORGAN,WIGGINS,Hail,1.75,,Trained Spotter,40.28,-104.02,128390,770218,,40.701,2018,StormEvents_details-ftp_v1.0_d2018_c20260323.csv.gz,https://www.ncei.noaa.gov/pub/data/swdi/stormevents/csvfiles/StormEvents_details-ftp_v1.0_d2018_c20260323.csv.gz,https://www.ncdc.noaa.gov/stormevents/eventdetails.jsp?id=770218
2018,August,06-AUG-18 18:20:00,06-AUG-18 18:20:00,COLORADO,ADAMS,LEADER,Hail,2,,Trained Spotter,39.95,-104.13,128390,770220,,46.735,2018,StormEvents_details-ftp_v1.0_d2018_c20260323.csv.gz,https://www.ncei.noaa.gov/pub/data/swdi/stormevents/csvfiles/StormEvents_details-ftp_v1.0_d2018_c20260323.csv.gz,https://www.ncdc.noaa.gov/stormevents/eventdetails.jsp?id=770220
2018,June,06-JUN-18 16:16:00,06-JUN-18 16:16:00,COLORADO,MORGAN,WELDONA,Hail,1.75,,Trained Spotter,40.27,-103.95,124933,749327,,44.45,2018,StormEvents_details-ftp_v1.0_d2018_c20260323.csv.gz,https://www.ncei.noaa.gov/pub/data/swdi/stormevents/csvfiles/StormEvents_details-ftp_v1.0_d2018_c20260323.csv.gz,https://www.ncdc.noaa.gov/stormevents/eventdetails.jsp?id=749327
2018,June,06-JUN-18 19:57:00,06-JUN-18 19:57:00,COLORADO,WELD,HEREFORD,Hail,1,,Trained Spotter,40.97,-104.31,124933,749334,,45.312,2018,StormEvents_details-ftp_v1.0_d2018_c20260323.csv.gz,https://www.ncei.noaa.gov/pub/data/swdi/stormevents/csvfiles/StormEvents_details-ftp_v1.0_d2018_c20260323.csv.gz,https://www.ncdc.noaa.gov/stormevents/eventdetails.jsp?id=749334
2018,August,07-AUG-18 15:05:00,07-AUG-18 15:10:00,WYOMING,LARAMIE,CHEYENNE,Hail,1,,Trained Spotter,41.1274,-104.8397,129109,773834,Hail covered the ground at a local car dealership just west of Cheyenne.,49.303,2018,StormEvents_details-ftp_v1.0_d2018_c20260323.csv.gz,https://www.ncei.noaa.gov/pub/data/swdi/stormevents/csvfiles/StormEvents_details-ftp_v1.0_d2018_c20260323.csv.gz,https://www.ncdc.noaa.gov/stormevents/eventdetails.jsp?id=773834
2018,August,07-AUG-18 16:11:00,07-AUG-18 16:11:00,COLORADO,LARIMER,DRAKE,Hail,1,,Trained Spotter,40.37,-105.24,128399,770279,,24.821,2018,StormEvents_details-ftp_v1.0_d2018_c20260323.csv.gz,https://www.ncei.noaa.gov/pub/data/swdi/stormevents/csvfiles/StormEvents_details-ftp_v1.0_d2018_c20260323.csv.gz,https://www.ncdc.noaa.gov/stormevents/eventdetails.jsp?id=770279
2018,August,07-AUG-18 16:29:00,07-AUG-18 16:29:00,COLORADO,LARIMER,CAMPION,Hail,1,,Trained Spotter,40.33,-105.09,128399,770280,,17.747,2018,StormEvents_details-ftp_v1.0_d2018_c20260323.csv.gz,https://www.ncei.noaa.gov/pub/data/swdi/stormevents/csvfiles/StormEvents_details-ftp_v1.0_d2018_c20260323.csv.gz,https://www.ncdc.noaa.gov/stormevents/eventdetails.jsp?id=770280
2018,August,07-AUG-18 16:46:00,07-AUG-18 16:46:00,COLORADO,WELD,MEAD,Hail,1.5,,Trained Spotter,40.2,-105,128399,770281,,19.135,2018,StormEvents_details-ftp_v1.0_d2018_c20260323.csv.gz,https://www.ncei.noaa.gov/pub/data/swdi/stormevents/csvfiles/StormEvents_details-ftp_v1.0_d2018_c20260323.csv.gz,https://www.ncdc.noaa.gov/stormevents/eventdetails.jsp?id=770281
2018,August,07-AUG-18 16:53:00,07-AUG-18 16:53:00,COLORADO,WELD,FIRESTONE,Hail,1.5,,Trained Spotter,40.16,-104.94,128399,770282,,19.756,2018,StormEvents_details-ftp_v1.0_d2018_c20260323.csv.gz,https://www.ncei.noaa.gov/pub/data/swdi/stormevents/csvfiles/StormEvents_details-ftp_v1.0_d2018_c20260323.csv.gz,https://www.ncdc.noaa.gov/stormevents/eventdetails.jsp?id=770282
2018,August,07-AUG-18 16:53:00,07-AUG-18 16:53:00,COLORADO,WELD,MEAD,Hail,1,,Trained Spotter,40.2,-104.97,128399,770283,,18.185,2018,StormEvents_details-ftp_v1.0_d2018_c20260323.csv.gz,https://www.ncei.noaa.gov/pub/data/swdi/stormevents/csvfiles/StormEvents_details-ftp_v1.0_d2018_c20260323.csv.gz,https://www.ncdc.noaa.gov/stormevents/eventdetails.jsp?id=770283
2018,August,07-AUG-18 17:00:00,07-AUG-18 17:00:00,COLORADO,WELD,FT LUPTON,Hail,1,,Trained Spotter,40.07,-104.81,128399,770285,,23.966,2018,StormEvents_details-ftp_v1.0_d2018_c20260323.csv.gz,https://www.ncei.noaa.gov/pub/data/swdi/stormevents/csvfiles/StormEvents_details-ftp_v1.0_d2018_c20260323.csv.gz,https://www.ncdc.noaa.gov/stormevents/eventdetails.jsp?id=770285
2018,August,08-AUG-18 07:25:00,08-AUG-18 07:25:00,COLORADO,MORGAN,WIGGINS,Hail,0.88,,Trained Spotter,40.24,-104.09,128400,770291,,37.926,2018,StormEvents_details-ftp_v1.0_d2018_c20260323.csv.gz,https://www.ncei.noaa.gov/pub/data/swdi/stormevents/csvfiles/StormEvents_details-ftp_v1.0_d2018_c20260323.csv.gz,https://www.ncdc.noaa.gov/stormevents/eventdetails.jsp?id=770291
2018,May,13-MAY-18 18:35:00,13-MAY-18 18:35:00,COLORADO,WELD,MEAD,Hail,0.88,,Trained Spotter,40.23,-104.99,124146,745036,,17.212,2018,StormEvents_details-ftp_v1.0_d2018_c20260323.csv.gz,https://www.ncei.noaa.gov/pub/data/swdi/stormevents/csvfiles/StormEvents_details-ftp_v1.0_d2018_c20260323.csv.gz,https://www.ncdc.noaa.gov/stormevents/eventdetails.jsp?id=745036
2018,May,13-MAY-18 18:51:00,13-MAY-18 18:51:00,COLORADO,WELD,EVANS,Hail,0.88,,Trained Spotter,40.38,-104.71,124146,745037,,4.095,2018,StormEvents_details-ftp_v1.0_d2018_c20260323.csv.gz,https://www.ncei.noaa.gov/pub/data/swdi/stormevents/csvfiles/StormEvents_details-ftp_v1.0_d2018_c20260323.csv.gz,https://www.ncdc.noaa.gov/stormevents/eventdetails.jsp?id=745037
2018,May,13-MAY-18 23:22:00,13-MAY-18 23:22:00,COLORADO,DENVER,(DEN)DENVER INTL ARP,Hail,0.75,,County Official,39.87,-104.67,124146,745039,,38.086,2018,StormEvents_details-ftp_v1.0_d2018_c20260323.csv.gz,https://www.ncei.noaa.gov/pub/data/swdi/stormevents/csvfiles/StormEvents_details-ftp_v1.0_d2018_c20260323.csv.gz,https://www.ncdc.noaa.gov/stormevents/eventdetails.jsp?id=745039
2018,August,14-AUG-18 15:54:00,14-AUG-18 15:54:00,COLORADO,LARIMER,BERTHOUD,Hail,1,,Public,40.28,-105.15,128401,770301,,21.994,2018,StormEvents_details-ftp_v1.0_d2018_c20260323.csv.gz,https://www.ncei.noaa.gov/pub/data/swdi/stormevents/csvfiles/StormEvents_details-ftp_v1.0_d2018_c20260323.csv.gz,https://www.ncdc.noaa.gov/stormevents/eventdetails.jsp?id=770301
2018,August,14-AUG-18 16:10:00,14-AUG-18 16:10:00,COLORADO,BOULDER,LONGMONT,Hail,1.25,,Public,40.2,-105.11,128401,770302,,23.214,2018,StormEvents_details-ftp_v1.0_d2018_c20260323.csv.gz,https://www.ncei.noaa.gov/pub/data/swdi/stormevents/csvfiles/StormEvents_details-ftp_v1.0_d2018_c20260323.csv.gz,https://www.ncdc.noaa.gov/stormevents/eventdetails.jsp?id=770302
2018,August,14-AUG-18 16:12:00,14-AUG-18 16:12:00,COLORADO,BOULDER,LONGMONT,Hail,1.25,,Trained Spotter,40.15,-105.12,128401,770303,,25.944,2018,StormEvents_details-ftp_v1.0_d2018_c20260323.csv.gz,https://www.ncei.noaa.gov/pub/data/swdi/stormevents/csvfiles/StormEvents_details-ftp_v1.0_d2018_c20260323.csv.gz,https://www.ncdc.noaa.gov/stormevents/eventdetails.jsp?id=770303
2018,August,14-AUG-18 16:13:00,14-AUG-18 16:13:00,COLORADO,BOULDER,LONGMONT,Hail,1.25,,Public,40.2,-105.11,128401,770304,,23.214,2018,StormEvents_details-ftp_v1.0_d2018_c20260323.csv.gz,https://www.ncei.noaa.gov/pub/data/swdi/stormevents/csvfiles/StormEvents_details-ftp_v1.0_d2018_c20260323.csv.gz,https://www.ncdc.noaa.gov/stormevents/eventdetails.jsp?id=770304
2018,August,14-AUG-18 16:15:00,14-AUG-18 16:15:00,COLORADO,BOULDER,LONGMONT,Hail,1,,Trained Spotter,40.2,-105.1,128401,770306,,22.813,2018,StormEvents_details-ftp_v1.0_d2018_c20260323.csv.gz,https://www.ncei.noaa.gov/pub/data/swdi/stormevents/csvfiles/StormEvents_details-ftp_v1.0_d2018_c20260323.csv.gz,https://www.ncdc.noaa.gov/stormevents/eventdetails.jsp?id=770306
2018,August,14-AUG-18 16:30:00,14-AUG-18 16:30:00,COLORADO,JEFFERSON,ARVADA,Hail,1,,Trained Spotter,39.84,-105.1,128401,770309,,43.382,2018,StormEvents_details-ftp_v1.0_d2018_c20260323.csv.gz,https://www.ncei.noaa.gov/pub/data/swdi/stormevents/csvfiles/StormEvents_details-ftp_v1.0_d2018_c20260323.csv.gz,https://www.ncdc.noaa.gov/stormevents/eventdetails.jsp?id=770309
2018,August,14-AUG-18 16:45:00,14-AUG-18 16:45:00,COLORADO,WELD,FIRESTONE,Hail,0.75,,Trained Spotter,40.11,-104.94,128401,770312,,22.898,2018,StormEvents_details-ftp_v1.0_d2018_c20260323.csv.gz,https://www.ncei.noaa.gov/pub/data/swdi/stormevents/csvfiles/StormEvents_details-ftp_v1.0_d2018_c20260323.csv.gz,https://www.ncdc.noaa.gov/stormevents/eventdetails.jsp?id=770312
2018,August,14-AUG-18 16:52:00,14-AUG-18 16:52:00,COLORADO,BOULDER,LONGMONT,Hail,1.25,,Public,40.19,-105.11,128401,770314,,23.665,2018,StormEvents_details-ftp_v1.0_d2018_c20260323.csv.gz,https://www.ncei.noaa.gov/pub/data/swdi/stormevents/csvfiles/StormEvents_details-ftp_v1.0_d2018_c20260323.csv.gz,https://www.ncdc.noaa.gov/stormevents/eventdetails.jsp?id=770314
2018,August,14-AUG-18 16:58:00,14-AUG-18 16:58:00,COLORADO,WELD,LOCHBUIE,Hail,0.88,,Trained Spotter,40.01,-104.81,128401,770317,,28.099,2018,StormEvents_details-ftp_v1.0_d2018_c20260323.csv.gz,https://www.ncei.noaa.gov/pub/data/swdi/stormevents/csvfiles/StormEvents_details-ftp_v1.0_d2018_c20260323.csv.gz,https://www.ncdc.noaa.gov/stormevents/eventdetails.jsp?id=770317
2018,August,14-AUG-18 17:05:00,14-AUG-18 17:05:00,COLORADO,ADAMS,BARR LAKE,Hail,1,,Trained Spotter,39.98,-104.76,128401,770318,,30.108,2018,StormEvents_details-ftp_v1.0_d2018_c20260323.csv.gz,https://www.ncei.noaa.gov/pub/data/swdi/stormevents/csvfiles/StormEvents_details-ftp_v1.0_d2018_c20260323.csv.gz,https://www.ncdc.noaa.gov/stormevents/eventdetails.jsp?id=770318
2018,June,16-JUN-18 13:44:00,16-JUN-18 13:44:00,COLORADO,WELD,ROCKPORT,Hail,1.25,,Storm Chaser,40.96,-104.78,125376,751890,,37.613,2018,StormEvents_details-ftp_v1.0_d2018_c20260323.csv.gz,https://www.ncei.noaa.gov/pub/data/swdi/stormevents/csvfiles/StormEvents_details-ftp_v1.0_d2018_c20260323.csv.gz,https://www.ncdc.noaa.gov/stormevents/eventdetails.jsp?id=751890
2018,June,18-JUN-18 11:05:00,18-JUN-18 11:05:00,COLORADO,JEFFERSON,JEFFERSON CO ARPT,Hail,2,,Public,39.88,-105.11,125435,752277,,41.087,2018,StormEvents_details-ftp_v1.0_d2018_c20260323.csv.gz,https://www.ncei.noaa.gov/pub/data/swdi/stormevents/csvfiles/StormEvents_details-ftp_v1.0_d2018_c20260323.csv.gz,https://www.ncdc.noaa.gov/stormevents/eventdetails.jsp?id=752277
2018,June,18-JUN-18 16:58:00,18-JUN-18 16:58:00,COLORADO,BOULDER,BOULDER,Hail,1,,Public,40.04,-105.32,125435,752278,,38.844,2018,StormEvents_details-ftp_v1.0_d2018_c20260323.csv.gz,https://www.ncei.noaa.gov/pub/data/swdi/stormevents/csvfiles/StormEvents_details-ftp_v1.0_d2018_c20260323.csv.gz,https://www.ncdc.noaa.gov/stormevents/eventdetails.jsp?id=752278
2018,June,18-JUN-18 17:00:00,18-JUN-18 17:00:00,COLORADO,BOULDER,BOULDER,Hail,1,,Emergency Manager,40,-105.26,125435,752279,,38.568,2018,StormEvents_details-ftp_v1.0_d2018_c20260323.csv.gz,https://www.ncei.noaa.gov/pub/data/swdi/stormevents/csvfiles/StormEvents_details-ftp_v1.0_d2018_c20260323.csv.gz,https://www.ncdc.noaa.gov/stormevents/eventdetails.jsp?id=752279
2018,June,18-JUN-18 17:04:00,18-JUN-18 17:04:00,COLORADO,BOULDER,BOULDER ARPT,Hail,1.75,,Public,40.03,-105.24,125435,752280,,36.321,2018,StormEvents_details-ftp_v1.0_d2018_c20260323.csv.gz,https://www.ncei.noaa.gov/pub/data/swdi/stormevents/csvfiles/StormEvents_details-ftp_v1.0_d2018_c20260323.csv.gz,https://www.ncdc.noaa.gov/stormevents/eventdetails.jsp?id=752280
2018,June,18-JUN-18 17:08:00,18-JUN-18 17:08:00,COLORADO,BOULDER,BOULDER,Hail,1.5,,Trained Spotter,40,-105.27,125435,752281,,38.922,2018,StormEvents_details-ftp_v1.0_d2018_c20260323.csv.gz,https://www.ncei.noaa.gov/pub/data/swdi/stormevents/csvfiles/StormEvents_details-ftp_v1.0_d2018_c20260323.csv.gz,https://www.ncdc.noaa.gov/stormevents/eventdetails.jsp?id=752281
2018,June,18-JUN-18 17:10:00,18-JUN-18 17:10:00,COLORADO,BOULDER,BOULDER,Hail,1.25,,Trained Spotter,40,-105.26,125435,752282,,38.568,2018,StormEvents_details-ftp_v1.0_d2018_c20260323.csv.gz,https://www.ncei.noaa.gov/pub/data/swdi/stormevents/csvfiles/StormEvents_details-ftp_v1.0_d2018_c20260323.csv.gz,https://www.ncdc.noaa.gov/stormevents/eventdetails.jsp?id=752282
2018,June,18-JUN-18 17:10:00,18-JUN-18 17:10:00,COLORADO,BOULDER,BOULDER ARPT,Hail,1.75,,Public,40.04,-105.24,125435,752283,,35.816,2018,StormEvents_details-ftp_v1.0_d2018_c20260323.csv.gz,https://www.ncei.noaa.gov/pub/data/swdi/stormevents/csvfiles/StormEvents_details-ftp_v1.0_d2018_c20260323.csv.gz,https://www.ncdc.noaa.gov/stormevents/eventdetails.jsp?id=752283
2018,June,18-JUN-18 17:13:00,18-JUN-18 17:13:00,COLORADO,WELD,MEAD,Hail,0.75,,Trained Spotter,40.24,-105,125435,752284,,17.069,2018,StormEvents_details-ftp_v1.0_d2018_c20260323.csv.gz,https://www.ncei.noaa.gov/pub/data/swdi/stormevents/csvfiles/StormEvents_details-ftp_v1.0_d2018_c20260323.csv.gz,https://www.ncdc.noaa.gov/stormevents/eventdetails.jsp?id=752284
2018,June,18-JUN-18 17:15:00,18-JUN-18 17:15:00,COLORADO,BOULDER,BOULDER ARPT,Hail,1.75,,Public,40.03,-105.22,125435,752285,,35.612,2018,StormEvents_details-ftp_v1.0_d2018_c20260323.csv.gz,https://www.ncei.noaa.gov/pub/data/swdi/stormevents/csvfiles/StormEvents_details-ftp_v1.0_d2018_c20260323.csv.gz,https://www.ncdc.noaa.gov/stormevents/eventdetails.jsp?id=752285
2018,June,18-JUN-18 17:19:00,18-JUN-18 17:19:00,COLORADO,WELD,MEAD,Hail,1.25,,Social Media,40.2,-105.01,125435,752286,,19.47,2018,StormEvents_details-ftp_v1.0_d2018_c20260323.csv.gz,https://www.ncei.noaa.gov/pub/data/swdi/stormevents/csvfiles/StormEvents_details-ftp_v1.0_d2018_c20260323.csv.gz,https://www.ncdc.noaa.gov/stormevents/eventdetails.jsp?id=752286
2018,June,18-JUN-18 17:30:00,18-JUN-18 17:30:00,COLORADO,ADAMS,FEDERAL HGT,Hail,1,,CoCoRaHS,39.9,-105.02,125435,752288,,37.956,2018,StormEvents_details-ftp_v1.0_d2018_c20260323.csv.gz,https://www.ncei.noaa.gov/pub/data/swdi/stormevents/csvfiles/StormEvents_details-ftp_v1.0_d2018_c20260323.csv.gz,https://www.ncdc.noaa.gov/stormevents/eventdetails.jsp?id=752288
2018,June,18-JUN-18 17:32:00,18-JUN-18 17:32:00,COLORADO,WELD,PLATTEVILLE,Hail,1,,Trained Spotter,40.23,-104.83,125435,752289,,13.185,2018,StormEvents_details-ftp_v1.0_d2018_c20260323.csv.gz,https://www.ncei.noaa.gov/pub/data/swdi/stormevents/csvfiles/StormEvents_details-ftp_v1.0_d2018_c20260323.csv.gz,https://www.ncdc.noaa.gov/stormevents/eventdetails.jsp?id=752289
2018,June,18-JUN-18 17:35:00,18-JUN-18 17:35:00,COLORADO,BOULDER,NIWOT,Hail,1,,Social Media,40.09,-105.06,125435,752290,,27.142,2018,StormEvents_details-ftp_v1.0_d2018_c20260323.csv.gz,https://www.ncei.noaa.gov/pub/data/swdi/stormevents/csvfiles/StormEvents_details-ftp_v1.0_d2018_c20260323.csv.gz,https://www.ncdc.noaa.gov/stormevents/eventdetails.jsp?id=752290
2018,June,18-JUN-18 17:43:00,18-JUN-18 17:43:00,COLORADO,WELD,MEAD,Hail,1.75,,Social Media,40.24,-105,125435,752291,,17.069,2018,StormEvents_details-ftp_v1.0_d2018_c20260323.csv.gz,https://www.ncei.noaa.gov/pub/data/swdi/stormevents/csvfiles/StormEvents_details-ftp_v1.0_d2018_c20260323.csv.gz,https://www.ncdc.noaa.gov/stormevents/eventdetails.jsp?id=752291
2018,June,18-JUN-18 17:48:00,18-JUN-18 17:48:00,COLORADO,WELD,FREDERICK,Hail,1,,Trained Spotter,40.09,-104.96,125435,752292,,24.585,2018,StormEvents_details-ftp_v1.0_d2018_c20260323.csv.gz,https://www.ncei.noaa.gov/pub/data/swdi/stormevents/csvfiles/StormEvents_details-ftp_v1.0_d2018_c20260323.csv.gz,https://www.ncdc.noaa.gov/stormevents/eventdetails.jsp?id=752292
2018,June,18-JUN-18 17:51:00,18-JUN-18 17:51:00,COLORADO,WELD,FREDERICK,Hail,1.75,,Trained Spotter,40.1,-104.94,125435,752293,,23.537,2018,StormEvents_details-ftp_v1.0_d2018_c20260323.csv.gz,https://www.ncei.noaa.gov/pub/data/swdi/stormevents/csvfiles/StormEvents_details-ftp_v1.0_d2018_c20260323.csv.gz,https://www.ncdc.noaa.gov/stormevents/eventdetails.jsp?id=752293
2018,June,18-JUN-18 17:51:00,18-JUN-18 17:51:00,COLORADO,WELD,FIRESTONE,Hail,1.5,,Public,40.12,-104.96,125435,752294,,22.702,2018,StormEvents_details-ftp_v1.0_d2018_c20260323.csv.gz,https://www.ncei.noaa.gov/pub/data/swdi/stormevents/csvfiles/StormEvents_details-ftp_v1.0_d2018_c20260323.csv.gz,https://www.ncdc.noaa.gov/stormevents/eventdetails.jsp?id=752294
2018,June,18-JUN-18 17:55:00,18-JUN-18 17:55:00,COLORADO,WELD,FREDERICK,Hail,1.75,,NWS Employee,40.09,-104.92,125435,752296,,23.813,2018,StormEvents_details-ftp_v1.0_d2018_c20260323.csv.gz,https://www.ncei.noaa.gov/pub/data/swdi/stormevents/csvfiles/StormEvents_details-ftp_v1.0_d2018_c20260323.csv.gz,https://www.ncdc.noaa.gov/stormevents/eventdetails.jsp?id=752296
2018,June,18-JUN-18 18:00:00,18-JUN-18 18:00:00,COLORADO,WELD,FREDERICK,Hail,2.5,,NWS Employee,40.09,-104.92,125435,752297,,23.813,2018,StormEvents_details-ftp_v1.0_d2018_c20260323.csv.gz,https://www.ncei.noaa.gov/pub/data/swdi/stormevents/csvfiles/StormEvents_details-ftp_v1.0_d2018_c20260323.csv.gz,https://www.ncdc.noaa.gov/stormevents/eventdetails.jsp?id=752297
2018,June,18-JUN-18 18:11:00,18-JUN-18 18:11:00,COLORADO,WELD,GARDEN CITY,Hail,1,,Trained Spotter,40.29,-104.56,125435,752298,,14.148,2018,StormEvents_details-ftp_v1.0_d2018_c20260323.csv.gz,https://www.ncei.noaa.gov/pub/data/swdi/stormevents/csvfiles/StormEvents_details-ftp_v1.0_d2018_c20260323.csv.gz,https://www.ncdc.noaa.gov/stormevents/eventdetails.jsp?id=752298
2018,June,18-JUN-18 18:18:00,18-JUN-18 18:18:00,COLORADO,WELD,FIRESTONE,Hail,1.75,,Trained Spotter,40.16,-104.96,125435,752299,,20.25,2018,StormEvents_details-ftp_v1.0_d2018_c20260323.csv.gz,https://www.ncei.noaa.gov/pub/data/swdi/stormevents/csvfiles/StormEvents_details-ftp_v1.0_d2018_c20260323.csv.gz,https://www.ncdc.noaa.gov/stormevents/eventdetails.jsp?id=752299
2018,June,18-JUN-18 18:20:00,18-JUN-18 18:20:00,COLORADO,BOULDER,MARSHALL,Hail,1,,NWS Employee,39.98,-105.26,125435,752300,,39.61,2018,StormEvents_details-ftp_v1.0_d2018_c20260323.csv.gz,https://www.ncei.noaa.gov/pub/data/swdi/stormevents/csvfiles/StormEvents_details-ftp_v1.0_d2018_c20260323.csv.gz,https://www.ncdc.noaa.gov/stormevents/eventdetails.jsp?id=752300
2018,June,18-JUN-18 18:28:00,18-JUN-18 18:28:00,COLORADO,BOULDER,MARSHALL,Hail,1,,Trained Spotter,39.98,-105.24,125435,752302,,38.932,2018,StormEvents_details-ftp_v1.0_d2018_c20260323.csv.gz,https://www.ncei.noaa.gov/pub/data/swdi/stormevents/csvfiles/StormEvents_details-ftp_v1.0_d2018_c20260323.csv.gz,https://www.ncdc.noaa.gov/stormevents/eventdetails.jsp?id=752302
2018,June,18-JUN-18 18:30:00,18-JUN-18 18:30:00,COLORADO,WELD,FREDERICK,Hail,1.5,,Trained Spotter,40.1,-104.93,125435,752303,,23.344,2018,StormEvents_details-ftp_v1.0_d2018_c20260323.csv.gz,https://www.ncei.noaa.gov/pub/data/swdi/stormevents/csvfiles/StormEvents_details-ftp_v1.0_d2018_c20260323.csv.gz,https://www.ncdc.noaa.gov/stormevents/eventdetails.jsp?id=752303
2018,June,18-JUN-18 18:31:00,18-JUN-18 18:31:00,COLORADO,BOULDER,SUPERIOR,Hail,3,,Trained Spotter,39.93,-105.15,125435,752304,,39.037,2018,StormEvents_details-ftp_v1.0_d2018_c20260323.csv.gz,https://www.ncei.noaa.gov/pub/data/swdi/stormevents/csvfiles/StormEvents_details-ftp_v1.0_d2018_c20260323.csv.gz,https://www.ncdc.noaa.gov/stormevents/eventdetails.jsp?id=752304
2018,June,18-JUN-18 18:38:00,18-JUN-18 18:38:00,COLORADO,BOULDER,BOULDER ARPT,Hail,1.75,,Public,40,-105.22,125435,752305,,37.192,2018,StormEvents_details-ftp_v1.0_d2018_c20260323.csv.gz,https://www.ncei.noaa.gov/pub/data/swdi/stormevents/csvfiles/StormEvents_details-ftp_v1.0_d2018_c20260323.csv.gz,https://www.ncdc.noaa.gov/stormevents/eventdetails.jsp?id=752305
2018,June,18-JUN-18 18:39:00,18-JUN-18 18:39:00,COLORADO,BOULDER,LOUISVILLE,Hail,1,,Trained Spotter,39.99,-105.15,125435,752306,,35.532,2018,StormEvents_details-ftp_v1.0_d2018_c20260323.csv.gz,https://www.ncei.noaa.gov/pub/data/swdi/stormevents/csvfiles/StormEvents_details-ftp_v1.0_d2018_c20260323.csv.gz,https://www.ncdc.noaa.gov/stormevents/eventdetails.jsp?id=752306
2018,June,18-JUN-18 18:40:00,18-JUN-18 18:40:00,COLORADO,BOULDER,LOUISVILLE,Hail,1.25,,Trained Spotter,39.99,-105.15,125435,752307,,35.532,2018,StormEvents_details-ftp_v1.0_d2018_c20260323.csv.gz,https://www.ncei.noaa.gov/pub/data/swdi/stormevents/csvfiles/StormEvents_details-ftp_v1.0_d2018_c20260323.csv.gz,https://www.ncdc.noaa.gov/stormevents/eventdetails.jsp?id=752307
2018,June,18-JUN-18 18:43:00,18-JUN-18 18:43:00,COLORADO,BOULDER,LOUISVILLE,Hail,1.75,,Trained Spotter,39.99,-105.15,125435,752308,,35.532,2018,StormEvents_details-ftp_v1.0_d2018_c20260323.csv.gz,https://www.ncei.noaa.gov/pub/data/swdi/stormevents/csvfiles/StormEvents_details-ftp_v1.0_d2018_c20260323.csv.gz,https://www.ncdc.noaa.gov/stormevents/eventdetails.jsp?id=752308
2018,June,18-JUN-18 18:45:00,18-JUN-18 18:45:00,COLORADO,BOULDER,LAFAYETTE,Hail,1.5,,CoCoRaHS,40,-105.08,125435,752309,,32.995,2018,StormEvents_details-ftp_v1.0_d2018_c20260323.csv.gz,https://www.ncei.noaa.gov/pub/data/swdi/stormevents/csvfiles/StormEvents_details-ftp_v1.0_d2018_c20260323.csv.gz,https://www.ncdc.noaa.gov/stormevents/eventdetails.jsp?id=752309
2018,June,18-JUN-18 18:45:00,18-JUN-18 18:45:00,COLORADO,BOULDER,LOUISVILLE,Hail,1,,NWS Employee,40,-105.13,125435,752310,,34.371,2018,StormEvents_details-ftp_v1.0_d2018_c20260323.csv.gz,https://www.ncei.noaa.gov/pub/data/swdi/stormevents/csvfiles/StormEvents_details-ftp_v1.0_d2018_c20260323.csv.gz,https://www.ncdc.noaa.gov/stormevents/eventdetails.jsp?id=752310
2018,June,18-JUN-18 18:45:00,18-JUN-18 18:45:00,COLORADO,BOULDER,BOULDER ARPT,Hail,2,,Public,40,-105.18,125435,752311,,35.888,2018,StormEvents_details-ftp_v1.0_d2018_c20260323.csv.gz,https://www.ncei.noaa.gov/pub/data/swdi/stormevents/csvfiles/StormEvents_details-ftp_v1.0_d2018_c20260323.csv.gz,https://www.ncdc.noaa.gov/stormevents/eventdetails.jsp?id=752311
2018,June,18-JUN-18 18:46:00,18-JUN-18 18:46:00,COLORADO,BOULDER,LOUISVILLE,Hail,2,,Social Media,39.99,-105.15,125435,752313,,35.532,2018,StormEvents_details-ftp_v1.0_d2018_c20260323.csv.gz,https://www.ncei.noaa.gov/pub/data/swdi/stormevents/csvfiles/StormEvents_details-ftp_v1.0_d2018_c20260323.csv.gz,https://www.ncdc.noaa.gov/stormevents/eventdetails.jsp?id=752313
2018,June,18-JUN-18 18:49:00,18-JUN-18 18:49:00,COLORADO,BOULDER,LOUISVILLE,Hail,2,,Public,39.97,-105.1,125435,752314,,35.321,2018,StormEvents_details-ftp_v1.0_d2018_c20260323.csv.gz,https://www.ncei.noaa.gov/pub/data/swdi/stormevents/csvfiles/StormEvents_details-ftp_v1.0_d2018_c20260323.csv.gz,https://www.ncdc.noaa.gov/stormevents/eventdetails.jsp?id=752314
2018,June,18-JUN-18 18:49:00,18-JUN-18 18:49:00,COLORADO,BOULDER,LOUISVILLE,Hail,1,,Public,40.01,-105.12,125435,752316,,33.503,2018,StormEvents_details-ftp_v1.0_d2018_c20260323.csv.gz,https://www.ncei.noaa.gov/pub/data/swdi/stormevents/csvfiles/StormEvents_details-ftp_v1.0_d2018_c20260323.csv.gz,https://www.ncdc.noaa.gov/stormevents/eventdetails.jsp?id=752316
2018,June,18-JUN-18 18:52:00,18-JUN-18 18:52:00,COLORADO,BOULDER,LAFAYETTE,Hail,2.5,,Trained Spotter,40.01,-105.1,125435,752317,,32.937,2018,StormEvents_details-ftp_v1.0_d2018_c20260323.csv.gz,https://www.ncei.noaa.gov/pub/data/swdi/stormevents/csvfiles/StormEvents_details-ftp_v1.0_d2018_c20260323.csv.gz,https://www.ncdc.noaa.gov/stormevents/eventdetails.jsp?id=752317
2018,June,18-JUN-18 18:57:00,18-JUN-18 18:57:00,COLORADO,BOULDER,LAFAYETTE,Hail,1.5,,Social Media,39.99,-105.1,125435,752318,,34.122,2018,StormEvents_details-ftp_v1.0_d2018_c20260323.csv.gz,https://www.ncei.noaa.gov/pub/data/swdi/stormevents/csvfiles/StormEvents_details-ftp_v1.0_d2018_c20260323.csv.gz,https://www.ncdc.noaa.gov/stormevents/eventdetails.jsp?id=752318
2018,June,18-JUN-18 19:00:00,18-JUN-18 19:00:00,COLORADO,WELD,ERIE,Hail,1,,Social Media,40.04,-105.04,125435,752319,,29.552,2018,StormEvents_details-ftp_v1.0_d2018_c20260323.csv.gz,https://www.ncei.noaa.gov/pub/data/swdi/stormevents/csvfiles/StormEvents_details-ftp_v1.0_d2018_c20260323.csv.gz,https://www.ncdc.noaa.gov/stormevents/eventdetails.jsp?id=752319
2018,June,18-JUN-18 19:23:00,18-JUN-18 19:23:00,COLORADO,BROOMFIELD,BROOMFIELD,Hail,1.5,,CoCoRaHS,39.93,-105.06,125435,752320,,36.837,2018,StormEvents_details-ftp_v1.0_d2018_c20260323.csv.gz,https://www.ncei.noaa.gov/pub/data/swdi/stormevents/csvfiles/StormEvents_details-ftp_v1.0_d2018_c20260323.csv.gz,https://www.ncdc.noaa.gov/stormevents/eventdetails.jsp?id=752320
2018,June,18-JUN-18 19:23:00,18-JUN-18 19:23:00,COLORADO,JEFFERSON,JEFFERSON CO ARPT,Hail,1.75,,Storm Chaser,39.87,-105.2,125435,752321,,43.955,2018,StormEvents_details-ftp_v1.0_d2018_c20260323.csv.gz,https://www.ncei.noaa.gov/pub/data/swdi/stormevents/csvfiles/StormEvents_details-ftp_v1.0_d2018_c20260323.csv.gz,https://www.ncdc.noaa.gov/stormevents/eventdetails.jsp?id=752321
2018,June,18-JUN-18 19:27:00,18-JUN-18 19:27:00,COLORADO,JEFFERSON,JEFFERSON CO ARPT,Hail,1,,NWS Employee,39.88,-105.1,125435,752322,,40.861,2018,StormEvents_details-ftp_v1.0_d2018_c20260323.csv.gz,https://www.ncei.noaa.gov/pub/data/swdi/stormevents/csvfiles/StormEvents_details-ftp_v1.0_d2018_c20260323.csv.gz,https://www.ncdc.noaa.gov/stormevents/eventdetails.jsp?id=752322
2018,June,18-JUN-18 19:30:00,18-JUN-18 19:30:00,COLORADO,ADAMS,FEDERAL HGT,Hail,2,,Amateur Radio,39.88,-105.05,125435,752323,,39.813,2018,StormEvents_details-ftp_v1.0_d2018_c20260323.csv.gz,https://www.ncei.noaa.gov/pub/data/swdi/stormevents/csvfiles/StormEvents_details-ftp_v1.0_d2018_c20260323.csv.gz,https://www.ncdc.noaa.gov/stormevents/eventdetails.jsp?id=752323
2018,June,18-JUN-18 19:31:00,18-JUN-18 19:31:00,COLORADO,BROOMFIELD,BROOMFIELD,Hail,1,,NWS Employee,39.92,-105.09,125435,752324,,38.138,2018,StormEvents_details-ftp_v1.0_d2018_c20260323.csv.gz,https://www.ncei.noaa.gov/pub/data/swdi/stormevents/csvfiles/StormEvents_details-ftp_v1.0_d2018_c20260323.csv.gz,https://www.ncdc.noaa.gov/stormevents/eventdetails.jsp?id=752324
2018,June,18-JUN-18 19:34:00,18-JUN-18 19:34:00,COLORADO,BROOMFIELD,BROOMFIELD,Hail,1.5,,NWS Employee,39.93,-105.08,125435,752325,,37.285,2018,StormEvents_details-ftp_v1.0_d2018_c20260323.csv.gz,https://www.ncei.noaa.gov/pub/data/swdi/stormevents/csvfiles/StormEvents_details-ftp_v1.0_d2018_c20260323.csv.gz,https://www.ncdc.noaa.gov/stormevents/eventdetails.jsp?id=752325
2018,June,18-JUN-18 19:35:00,18-JUN-18 19:35:00,COLORADO,ADAMS,FEDERAL HGT,Hail,1,,NWS Employee,39.89,-105.03,125435,752327,,38.788,2018,StormEvents_details-ftp_v1.0_d2018_c20260323.csv.gz,https://www.ncei.noaa.gov/pub/data/swdi/stormevents/csvfiles/StormEvents_details-ftp_v1.0_d2018_c20260323.csv.gz,https://www.ncdc.noaa.gov/stormevents/eventdetails.jsp?id=752327
2018,June,18-JUN-18 19:46:00,18-JUN-18 19:46:00,COLORADO,ADAMS,NORTHGLENN,Hail,1,,Trained Spotter,39.89,-104.99,125435,752328,,38.098,2018,StormEvents_details-ftp_v1.0_d2018_c20260323.csv.gz,https://www.ncei.noaa.gov/pub/data/swdi/stormevents/csvfiles/StormEvents_details-ftp_v1.0_d2018_c20260323.csv.gz,https://www.ncdc.noaa.gov/stormevents/eventdetails.jsp?id=752328
2018,June,18-JUN-18 19:47:00,18-JUN-18 19:47:00,COLORADO,ADAMS,NORTHGLENN,Hail,1.75,,Public,39.91,-104.93,125435,752329,,35.918,2018,StormEvents_details-ftp_v1.0_d2018_c20260323.csv.gz,https://www.ncei.noaa.gov/pub/data/swdi/stormevents/csvfiles/StormEvents_details-ftp_v1.0_d2018_c20260323.csv.gz,https://www.ncdc.noaa.gov/stormevents/eventdetails.jsp?id=752329
2018,June,18-JUN-18 19:47:00,18-JUN-18 19:47:00,COLORADO,ADAMS,NORTHGLENN,Hail,2,,NWS Employee,39.94,-104.95,125435,752330,,34.18,2018,StormEvents_details-ftp_v1.0_d2018_c20260323.csv.gz,https://www.ncei.noaa.gov/pub/data/swdi/stormevents/csvfiles/StormEvents_details-ftp_v1.0_d2018_c20260323.csv.gz,https://www.ncdc.noaa.gov/stormevents/eventdetails.jsp?id=752330
2018,June,18-JUN-18 19:48:00,18-JUN-18 19:48:00,COLORADO,ADAMS,HENDERSON,Hail,1.75,,Trained Spotter,39.94,-104.93,125435,752331,,33.905,2018,StormEvents_details-ftp_v1.0_d2018_c20260323.csv.gz,https://www.ncei.noaa.gov/pub/data/swdi/stormevents/csvfiles/StormEvents_details-ftp_v1.0_d2018_c20260323.csv.gz,https://www.ncdc.noaa.gov/stormevents/eventdetails.jsp?id=752331
2018,June,18-JUN-18 19:49:00,18-JUN-18 19:49:00,COLORADO,ADAMS,HENDERSON,Hail,2.5,,NWS Employee,39.95,-104.92,125435,752332,,33.107,2018,StormEvents_details-ftp_v1.0_d2018_c20260323.csv.gz,https://www.ncei.noaa.gov/pub/data/swdi/stormevents/csvfiles/StormEvents_details-ftp_v1.0_d2018_c20260323.csv.gz,https://www.ncdc.noaa.gov/stormevents/eventdetails.jsp?id=752332
2018,June,18-JUN-18 20:05:00,18-JUN-18 20:05:00,COLORADO,ADAMS,BRIGHTON,Hail,2.75,,Social Media,39.99,-104.82,125435,752333,,29.518,2018,StormEvents_details-ftp_v1.0_d2018_c20260323.csv.gz,https://www.ncei.noaa.gov/pub/data/swdi/stormevents/csvfiles/StormEvents_details-ftp_v1.0_d2018_c20260323.csv.gz,https://www.ncdc.noaa.gov/stormevents/eventdetails.jsp?id=752333
2018,June,18-JUN-18 20:21:00,18-JUN-18 20:21:00,COLORADO,WELD,LOCHBUIE,Hail,1.75,,Social Media,40.01,-104.72,125435,752334,,28.163,2018,StormEvents_details-ftp_v1.0_d2018_c20260323.csv.gz,https://www.ncei.noaa.gov/pub/data/swdi/stormevents/csvfiles/StormEvents_details-ftp_v1.0_d2018_c20260323.csv.gz,https://www.ncdc.noaa.gov/stormevents/eventdetails.jsp?id=752334
2018,June,18-JUN-18 21:13:00,18-JUN-18 21:13:00,COLORADO,MORGAN,WELDONA,Hail,1,,Trained Spotter,40.35,-103.97,125435,752337,Heavy rain totaling 1.5 inches was also observed.,42.461,2018,StormEvents_details-ftp_v1.0_d2018_c20260323.csv.gz,https://www.ncei.noaa.gov/pub/data/swdi/stormevents/csvfiles/StormEvents_details-ftp_v1.0_d2018_c20260323.csv.gz,https://www.ncdc.noaa.gov/stormevents/eventdetails.jsp?id=752337
2018,May,18-MAY-18 14:15:00,18-MAY-18 14:15:00,COLORADO,BOULDER,BOULDER,Hail,1,,Trained Spotter,39.99,-105.27,124227,745464,,39.436,2018,StormEvents_details-ftp_v1.0_d2018_c20260323.csv.gz,https://www.ncei.noaa.gov/pub/data/swdi/stormevents/csvfiles/StormEvents_details-ftp_v1.0_d2018_c20260323.csv.gz,https://www.ncdc.noaa.gov/stormevents/eventdetails.jsp?id=745464
2018,May,18-MAY-18 14:17:00,18-MAY-18 14:17:00,COLORADO,BOULDER,MARSHALL,Hail,0.75,,CoCoRaHS,39.98,-105.25,124227,745465,,39.269,2018,StormEvents_details-ftp_v1.0_d2018_c20260323.csv.gz,https://www.ncei.noaa.gov/pub/data/swdi/stormevents/csvfiles/StormEvents_details-ftp_v1.0_d2018_c20260323.csv.gz,https://www.ncdc.noaa.gov/stormevents/eventdetails.jsp?id=745465
2018,June,19-JUN-18 11:18:00,19-JUN-18 11:18:00,COLORADO,BOULDER,NIWOT,Hail,1,,CoCoRaHS,40.11,-105.19,125435,752340,,30.518,2018,StormEvents_details-ftp_v1.0_d2018_c20260323.csv.gz,https://www.ncei.noaa.gov/pub/data/swdi/stormevents/csvfiles/StormEvents_details-ftp_v1.0_d2018_c20260323.csv.gz,https://www.ncdc.noaa.gov/stormevents/eventdetails.jsp?id=752340
2018,June,19-JUN-18 11:40:00,19-JUN-18 11:40:00,COLORADO,BOULDER,NIWOT,Hail,1,,CoCoRaHS,40.11,-105.21,125436,752344,,31.288,2018,StormEvents_details-ftp_v1.0_d2018_c20260323.csv.gz,https://www.ncei.noaa.gov/pub/data/swdi/stormevents/csvfiles/StormEvents_details-ftp_v1.0_d2018_c20260323.csv.gz,https://www.ncdc.noaa.gov/stormevents/eventdetails.jsp?id=752344
2018,June,19-JUN-18 11:43:00,19-JUN-18 11:43:00,COLORADO,BOULDER,LONGMONT,Hail,1.25,,Public,40.14,-105.11,125436,752345,,26.075,2018,StormEvents_details-ftp_v1.0_d2018_c20260323.csv.gz,https://www.ncei.noaa.gov/pub/data/swdi/stormevents/csvfiles/StormEvents_details-ftp_v1.0_d2018_c20260323.csv.gz,https://www.ncdc.noaa.gov/stormevents/eventdetails.jsp?id=752345
2018,June,19-JUN-18 11:50:00,19-JUN-18 11:50:00,COLORADO,BOULDER,NIWOT,Hail,1.5,,CoCoRaHS,40.11,-105.21,125436,752347,,31.288,2018,StormEvents_details-ftp_v1.0_d2018_c20260323.csv.gz,https://www.ncei.noaa.gov/pub/data/swdi/stormevents/csvfiles/StormEvents_details-ftp_v1.0_d2018_c20260323.csv.gz,https://www.ncdc.noaa.gov/stormevents/eventdetails.jsp?id=752347
2018,June,19-JUN-18 11:55:00,19-JUN-18 11:55:00,COLORADO,LARIMER,THE FORKS,Hail,2,,CoCoRaHS,40.86,-105.3,125436,752348,,41.334,2018,StormEvents_details-ftp_v1.0_d2018_c20260323.csv.gz,https://www.ncei.noaa.gov/pub/data/swdi/stormevents/csvfiles/StormEvents_details-ftp_v1.0_d2018_c20260323.csv.gz,https://www.ncdc.noaa.gov/stormevents/eventdetails.jsp?id=752348
2018,June,19-JUN-18 11:55:00,19-JUN-18 11:55:00,COLORADO,WELD,WINDSOR,Hail,1.5,,NWS Employee,40.42,-104.8,125436,752349,,1.495,2018,StormEvents_details-ftp_v1.0_d2018_c20260323.csv.gz,https://www.ncei.noaa.gov/pub/data/swdi/stormevents/csvfiles/StormEvents_details-ftp_v1.0_d2018_c20260323.csv.gz,https://www.ncdc.noaa.gov/stormevents/eventdetails.jsp?id=752349
2018,June,19-JUN-18 11:58:00,19-JUN-18 11:58:00,COLORADO,WELD,FIRESTONE,Hail,1.5,,Public,40.12,-104.96,125436,752350,,22.702,2018,StormEvents_details-ftp_v1.0_d2018_c20260323.csv.gz,https://www.ncei.noaa.gov/pub/data/swdi/stormevents/csvfiles/StormEvents_details-ftp_v1.0_d2018_c20260323.csv.gz,https://www.ncdc.noaa.gov/stormevents/eventdetails.jsp?id=752350
2018,June,19-JUN-18 12:00:00,19-JUN-18 12:00:00,COLORADO,WELD,FIRESTONE,Hail,1.25,,Public,40.12,-104.96,125436,752351,,22.702,2018,StormEvents_details-ftp_v1.0_d2018_c20260323.csv.gz,https://www.ncei.noaa.gov/pub/data/swdi/stormevents/csvfiles/StormEvents_details-ftp_v1.0_d2018_c20260323.csv.gz,https://www.ncdc.noaa.gov/stormevents/eventdetails.jsp?id=752351
2018,June,19-JUN-18 12:00:00,19-JUN-18 12:00:00,COLORADO,WELD,GREELEY,Hail,1,,Trained Spotter,40.42,-104.74,125436,752352,,1.718,2018,StormEvents_details-ftp_v1.0_d2018_c20260323.csv.gz,https://www.ncei.noaa.gov/pub/data/swdi/stormevents/csvfiles/StormEvents_details-ftp_v1.0_d2018_c20260323.csv.gz,https://www.ncdc.noaa.gov/stormevents/eventdetails.jsp?id=752352
2018,June,19-JUN-18 12:01:00,19-JUN-18 12:01:00,COLORADO,BOULDER,LONGMONT MUNI ARPT,Hail,1.25,,NWS Employee,40.14,-105.16,125436,752353,,27.942,2018,StormEvents_details-ftp_v1.0_d2018_c20260323.csv.gz,https://www.ncei.noaa.gov/pub/data/swdi/stormevents/csvfiles/StormEvents_details-ftp_v1.0_d2018_c20260323.csv.gz,https://www.ncdc.noaa.gov/stormevents/eventdetails.jsp?id=752353
2018,June,19-JUN-18 12:12:00,19-JUN-18 12:12:00,COLORADO,WELD,GREELEY,Hail,1.75,,Emergency Manager,40.42,-104.74,125436,752359,,1.718,2018,StormEvents_details-ftp_v1.0_d2018_c20260323.csv.gz,https://www.ncei.noaa.gov/pub/data/swdi/stormevents/csvfiles/StormEvents_details-ftp_v1.0_d2018_c20260323.csv.gz,https://www.ncdc.noaa.gov/stormevents/eventdetails.jsp?id=752359
2018,June,19-JUN-18 12:15:00,19-JUN-18 12:15:00,COLORADO,WELD,FIRESTONE,Hail,1,,CoCoRaHS,40.12,-104.93,125436,752362,,22.058,2018,StormEvents_details-ftp_v1.0_d2018_c20260323.csv.gz,https://www.ncei.noaa.gov/pub/data/swdi/stormevents/csvfiles/StormEvents_details-ftp_v1.0_d2018_c20260323.csv.gz,https://www.ncdc.noaa.gov/stormevents/eventdetails.jsp?id=752362
2018,June,19-JUN-18 12:22:00,19-JUN-18 12:22:00,COLORADO,WELD,FT LUPTON,Hail,1,,Trained Spotter,40.1,-104.81,125436,752363,,21.901,2018,StormEvents_details-ftp_v1.0_d2018_c20260323.csv.gz,https://www.ncei.noaa.gov/pub/data/swdi/stormevents/csvfiles/StormEvents_details-ftp_v1.0_d2018_c20260323.csv.gz,https://www.ncdc.noaa.gov/stormevents/eventdetails.jsp?id=752363
2018,June,19-JUN-18 12:25:00,19-JUN-18 12:25:00,COLORADO,DENVER,(DEN)DENVER INTL ARP,Hail,1.75,,CoCoRaHS,39.77,-104.87,125436,752366,,44.91,2018,StormEvents_details-ftp_v1.0_d2018_c20260323.csv.gz,https://www.ncei.noaa.gov/pub/data/swdi/stormevents/csvfiles/StormEvents_details-ftp_v1.0_d2018_c20260323.csv.gz,https://www.ncdc.noaa.gov/stormevents/eventdetails.jsp?id=752366
2018,June,19-JUN-18 12:30:00,19-JUN-18 12:30:00,COLORADO,WELD,BARNESVILLE,Hail,1,,CoCoRaHS,40.49,-104.48,125436,752368,,16.196,2018,StormEvents_details-ftp_v1.0_d2018_c20260323.csv.gz,https://www.ncei.noaa.gov/pub/data/swdi/stormevents/csvfiles/StormEvents_details-ftp_v1.0_d2018_c20260323.csv.gz,https://www.ncdc.noaa.gov/stormevents/eventdetails.jsp?id=752368
2018,June,19-JUN-18 12:46:00,19-JUN-18 12:46:00,COLORADO,WELD,HUDSON,Hail,2,,Trained Spotter,40.09,-104.62,125436,752376,,23.889,2018,StormEvents_details-ftp_v1.0_d2018_c20260323.csv.gz,https://www.ncei.noaa.gov/pub/data/swdi/stormevents/csvfiles/StormEvents_details-ftp_v1.0_d2018_c20260323.csv.gz,https://www.ncdc.noaa.gov/stormevents/eventdetails.jsp?id=752376
2018,June,19-JUN-18 12:47:00,19-JUN-18 12:47:00,COLORADO,ARAPAHOE,(BKF)BUCKLEY AIR FORCE BASE,Hail,1,,Amateur Radio,39.72,-104.74,125436,752377,,48.096,2018,StormEvents_details-ftp_v1.0_d2018_c20260323.csv.gz,https://www.ncei.noaa.gov/pub/data/swdi/stormevents/csvfiles/StormEvents_details-ftp_v1.0_d2018_c20260323.csv.gz,https://www.ncdc.noaa.gov/stormevents/eventdetails.jsp?id=752377
2018,June,19-JUN-18 12:49:00,19-JUN-18 12:49:00,COLORADO,WELD,HUDSON,Hail,1.25,,Trained Spotter,40.07,-104.64,125436,752378,,24.879,2018,StormEvents_details-ftp_v1.0_d2018_c20260323.csv.gz,https://www.ncei.noaa.gov/pub/data/swdi/stormevents/csvfiles/StormEvents_details-ftp_v1.0_d2018_c20260323.csv.gz,https://www.ncdc.noaa.gov/stormevents/eventdetails.jsp?id=752378
2018,June,19-JUN-18 13:00:00,19-JUN-18 13:00:00,COLORADO,ARAPAHOE,(BKF)BUCKLEY AIR FORCE BASE,Hail,2.5,,NWS Employee,39.7,-104.81,125436,752379,,49.488,2018,StormEvents_details-ftp_v1.0_d2018_c20260323.csv.gz,https://www.ncei.noaa.gov/pub/data/swdi/stormevents/csvfiles/StormEvents_details-ftp_v1.0_d2018_c20260323.csv.gz,https://www.ncdc.noaa.gov/stormevents/eventdetails.jsp?id=752379
2018,June,19-JUN-18 13:22:00,19-JUN-18 13:22:00,COLORADO,LARIMER,WELLINGTON,Hail,1.5,,Amateur Radio,40.7,-105.02,125436,752382,,23.563,2018,StormEvents_details-ftp_v1.0_d2018_c20260323.csv.gz,https://www.ncei.noaa.gov/pub/data/swdi/stormevents/csvfiles/StormEvents_details-ftp_v1.0_d2018_c20260323.csv.gz,https://www.ncdc.noaa.gov/stormevents/eventdetails.jsp?id=752382
2018,June,19-JUN-18 13:35:00,19-JUN-18 13:35:00,COLORADO,LARIMER,OWL CANYON,Hail,1.5,,Amateur Radio,40.74,-105.08,125436,752383,"Hail covered to road, up to 3 inches in depth.",27.626,2018,StormEvents_details-ftp_v1.0_d2018_c20260323.csv.gz,https://www.ncei.noaa.gov/pub/data/swdi/stormevents/csvfiles/StormEvents_details-ftp_v1.0_d2018_c20260323.csv.gz,https://www.ncdc.noaa.gov/stormevents/eventdetails.jsp?id=752383
2018,June,19-JUN-18 13:55:00,19-JUN-18 13:55:00,COLORADO,WELD,PIERCE,Hail,1.5,,CoCoRaHS,40.65,-104.75,125436,752384,,16.233,2018,StormEvents_details-ftp_v1.0_d2018_c20260323.csv.gz,https://www.ncei.noaa.gov/pub/data/swdi/stormevents/csvfiles/StormEvents_details-ftp_v1.0_d2018_c20260323.csv.gz,https://www.ncdc.noaa.gov/stormevents/eventdetails.jsp?id=752384
2018,June,19-JUN-18 14:02:00,19-JUN-18 14:02:00,COLORADO,WELD,NUNN,Hail,1.75,,CoCoRaHS,40.73,-104.78,125436,752385,,21.723,2018,StormEvents_details-ftp_v1.0_d2018_c20260323.csv.gz,https://www.ncei.noaa.gov/pub/data/swdi/stormevents/csvfiles/StormEvents_details-ftp_v1.0_d2018_c20260323.csv.gz,https://www.ncdc.noaa.gov/stormevents/eventdetails.jsp?id=752385
2018,June,19-JUN-18 15:05:00,19-JUN-18 15:05:00,COLORADO,LARIMER,DRAKES,Hail,1,,CoCoRaHS,40.56,-105.13,125436,752388,,21.285,2018,StormEvents_details-ftp_v1.0_d2018_c20260323.csv.gz,https://www.ncei.noaa.gov/pub/data/swdi/stormevents/csvfiles/StormEvents_details-ftp_v1.0_d2018_c20260323.csv.gz,https://www.ncdc.noaa.gov/stormevents/eventdetails.jsp?id=752388
2018,June,19-JUN-18 15:12:00,19-JUN-18 15:12:00,COLORADO,LARIMER,DRAKES,Hail,1,,Public,40.56,-105.07,125436,752390,,18.559,2018,StormEvents_details-ftp_v1.0_d2018_c20260323.csv.gz,https://www.ncei.noaa.gov/pub/data/swdi/stormevents/csvfiles/StormEvents_details-ftp_v1.0_d2018_c20260323.csv.gz,https://www.ncdc.noaa.gov/stormevents/eventdetails.jsp?id=752390
2018,June,19-JUN-18 15:19:00,19-JUN-18 15:19:00,COLORADO,LARIMER,FT COLLINS,Hail,1.25,,Trained Spotter,40.59,-105.11,125436,752395,,21.451,2018,StormEvents_details-ftp_v1.0_d2018_c20260323.csv.gz,https://www.ncei.noaa.gov/pub/data/swdi/stormevents/csvfiles/StormEvents_details-ftp_v1.0_d2018_c20260323.csv.gz,https://www.ncdc.noaa.gov/stormevents/eventdetails.jsp?id=752395
2018,June,19-JUN-18 15:24:00,19-JUN-18 15:24:00,COLORADO,LARIMER,FT COLLINS,Hail,1.5,,Public,40.59,-105.06,125436,752396,,19.334,2018,StormEvents_details-ftp_v1.0_d2018_c20260323.csv.gz,https://www.ncei.noaa.gov/pub/data/swdi/stormevents/csvfiles/StormEvents_details-ftp_v1.0_d2018_c20260323.csv.gz,https://www.ncdc.noaa.gov/stormevents/eventdetails.jsp?id=752396
2018,June,19-JUN-18 15:28:00,19-JUN-18 15:28:00,COLORADO,LARIMER,FT COLLINS,Hail,1.75,,Trained Spotter,40.59,-105.1,125436,752398,,21.018,2018,StormEvents_details-ftp_v1.0_d2018_c20260323.csv.gz,https://www.ncei.noaa.gov/pub/data/swdi/stormevents/csvfiles/StormEvents_details-ftp_v1.0_d2018_c20260323.csv.gz,https://www.ncdc.noaa.gov/stormevents/eventdetails.jsp?id=752398
2018,June,19-JUN-18 15:53:00,19-JUN-18 15:53:00,COLORADO,LARIMER,LAPORTE,Hail,1.75,,Public,40.6,-105.13,125436,752400,,22.707,2018,StormEvents_details-ftp_v1.0_d2018_c20260323.csv.gz,https://www.ncei.noaa.gov/pub/data/swdi/stormevents/csvfiles/StormEvents_details-ftp_v1.0_d2018_c20260323.csv.gz,https://www.ncdc.noaa.gov/stormevents/eventdetails.jsp?id=752400
2018,June,19-JUN-18 17:38:00,19-JUN-18 17:38:00,COLORADO,ARAPAHOE,(BKF)BUCKLEY AIR FORCE BASE,Hail,0.88,,Trained Spotter,39.7,-104.85,125436,752402,,49.618,2018,StormEvents_details-ftp_v1.0_d2018_c20260323.csv.gz,https://www.ncei.noaa.gov/pub/data/swdi/stormevents/csvfiles/StormEvents_details-ftp_v1.0_d2018_c20260323.csv.gz,https://www.ncdc.noaa.gov/stormevents/eventdetails.jsp?id=752402
2018,July,21-JUL-18 16:40:00,21-JUL-18 16:40:00,COLORADO,WELD,KEOTA,Hail,1.5,,Trained Spotter,40.76,-104.05,126846,760370,,44.741,2018,StormEvents_details-ftp_v1.0_d2018_c20260323.csv.gz,https://www.ncei.noaa.gov/pub/data/swdi/stormevents/csvfiles/StormEvents_details-ftp_v1.0_d2018_c20260323.csv.gz,https://www.ncdc.noaa.gov/stormevents/eventdetails.jsp?id=760370
2018,May,21-MAY-18 17:45:00,21-MAY-18 17:47:00,WYOMING,LARAMIE,CHEYENNE,Hail,1,,Public,41.0569,-104.5538,128395,770257,Quartet size hail was observed east of Cheyenne.,45.756,2018,StormEvents_details-ftp_v1.0_d2018_c20260323.csv.gz,https://www.ncei.noaa.gov/pub/data/swdi/stormevents/csvfiles/StormEvents_details-ftp_v1.0_d2018_c20260323.csv.gz,https://www.ncdc.noaa.gov/stormevents/eventdetails.jsp?id=770257
2018,May,21-MAY-18 19:29:00,21-MAY-18 19:29:00,COLORADO,MORGAN,GOODRICH,Hail,1,,Trained Spotter,40.48,-104.09,124334,745954,,36.142,2018,StormEvents_details-ftp_v1.0_d2018_c20260323.csv.gz,https://www.ncei.noaa.gov/pub/data/swdi/stormevents/csvfiles/StormEvents_details-ftp_v1.0_d2018_c20260323.csv.gz,https://www.ncdc.noaa.gov/stormevents/eventdetails.jsp?id=745954
2018,May,22-MAY-18 16:20:00,22-MAY-18 16:20:00,COLORADO,BOULDER,LONGMONT,Hail,1,,Storm Chaser,40.19,-105.11,124345,745956,,23.665,2018,StormEvents_details-ftp_v1.0_d2018_c20260323.csv.gz,https://www.ncei.noaa.gov/pub/data/swdi/stormevents/csvfiles/StormEvents_details-ftp_v1.0_d2018_c20260323.csv.gz,https://www.ncdc.noaa.gov/stormevents/eventdetails.jsp?id=745956
2018,May,22-MAY-18 16:22:00,22-MAY-18 16:22:00,COLORADO,BOULDER,LONGMONT,Hail,1.25,,Trained Spotter,40.19,-105.11,124345,745957,,23.665,2018,StormEvents_details-ftp_v1.0_d2018_c20260323.csv.gz,https://www.ncei.noaa.gov/pub/data/swdi/stormevents/csvfiles/StormEvents_details-ftp_v1.0_d2018_c20260323.csv.gz,https://www.ncdc.noaa.gov/stormevents/eventdetails.jsp?id=745957
2018,May,22-MAY-18 16:25:00,22-MAY-18 16:25:00,COLORADO,BOULDER,HIGHLAND,Hail,1,,Trained Spotter,40.22,-105.11,124345,745958,,22.35,2018,StormEvents_details-ftp_v1.0_d2018_c20260323.csv.gz,https://www.ncei.noaa.gov/pub/data/swdi/stormevents/csvfiles/StormEvents_details-ftp_v1.0_d2018_c20260323.csv.gz,https://www.ncdc.noaa.gov/stormevents/eventdetails.jsp?id=745958
2018,May,22-MAY-18 16:30:00,22-MAY-18 16:30:00,COLORADO,BOULDER,LONGMONT MUNI ARPT,Hail,0.88,,Trained Spotter,40.17,-105.15,124345,745959,,26.165,2018,StormEvents_details-ftp_v1.0_d2018_c20260323.csv.gz,https://www.ncei.noaa.gov/pub/data/swdi/stormevents/csvfiles/StormEvents_details-ftp_v1.0_d2018_c20260323.csv.gz,https://www.ncdc.noaa.gov/stormevents/eventdetails.jsp?id=745959
2018,May,22-MAY-18 16:30:00,22-MAY-18 16:30:00,COLORADO,BOULDER,LONGMONT,Hail,0.75,,Trained Spotter,40.2,-105.11,124345,745960,,23.214,2018,StormEvents_details-ftp_v1.0_d2018_c20260323.csv.gz,https://www.ncei.noaa.gov/pub/data/swdi/stormevents/csvfiles/StormEvents_details-ftp_v1.0_d2018_c20260323.csv.gz,https://www.ncdc.noaa.gov/stormevents/eventdetails.jsp?id=745960
2018,May,22-MAY-18 16:30:00,22-MAY-18 16:30:00,COLORADO,WELD,MEAD,Hail,0.75,,CoCoRaHS,40.23,-105.01,124345,745961,,17.931,2018,StormEvents_details-ftp_v1.0_d2018_c20260323.csv.gz,https://www.ncei.noaa.gov/pub/data/swdi/stormevents/csvfiles/StormEvents_details-ftp_v1.0_d2018_c20260323.csv.gz,https://www.ncdc.noaa.gov/stormevents/eventdetails.jsp?id=745961
2018,May,22-MAY-18 16:37:00,22-MAY-18 16:37:00,COLORADO,LARIMER,BERTHOUD,Hail,1.25,,Trained Spotter,40.29,-105.1,124345,745962,,19.323,2018,StormEvents_details-ftp_v1.0_d2018_c20260323.csv.gz,https://www.ncei.noaa.gov/pub/data/swdi/stormevents/csvfiles/StormEvents_details-ftp_v1.0_d2018_c20260323.csv.gz,https://www.ncdc.noaa.gov/stormevents/eventdetails.jsp?id=745962
2018,May,22-MAY-18 16:40:00,22-MAY-18 16:40:00,COLORADO,LARIMER,MASONVILLE,Hail,0.88,,CoCoRaHS,40.52,-105.25,124345,745963,,26.132,2018,StormEvents_details-ftp_v1.0_d2018_c20260323.csv.gz,https://www.ncei.noaa.gov/pub/data/swdi/stormevents/csvfiles/StormEvents_details-ftp_v1.0_d2018_c20260323.csv.gz,https://www.ncdc.noaa.gov/stormevents/eventdetails.jsp?id=745963
2018,May,22-MAY-18 16:57:00,22-MAY-18 16:57:00,COLORADO,LARIMER,DRAKES,Hail,0.88,,CoCoRaHS,40.54,-105.1,124345,745964,,19.254,2018,StormEvents_details-ftp_v1.0_d2018_c20260323.csv.gz,https://www.ncei.noaa.gov/pub/data/swdi/stormevents/csvfiles/StormEvents_details-ftp_v1.0_d2018_c20260323.csv.gz,https://www.ncdc.noaa.gov/stormevents/eventdetails.jsp?id=745964
2018,May,22-MAY-18 16:59:00,22-MAY-18 16:59:00,COLORADO,LARIMER,DRAKES,Hail,1,,Public,40.54,-105.1,124345,745965,,19.254,2018,StormEvents_details-ftp_v1.0_d2018_c20260323.csv.gz,https://www.ncei.noaa.gov/pub/data/swdi/stormevents/csvfiles/StormEvents_details-ftp_v1.0_d2018_c20260323.csv.gz,https://www.ncdc.noaa.gov/stormevents/eventdetails.jsp?id=745965
2018,May,22-MAY-18 16:59:00,22-MAY-18 16:59:00,COLORADO,LARIMER,DRAKES,Hail,0.75,,CoCoRaHS,40.54,-105.12,124345,745967,,20.2,2018,StormEvents_details-ftp_v1.0_d2018_c20260323.csv.gz,https://www.ncei.noaa.gov/pub/data/swdi/stormevents/csvfiles/StormEvents_details-ftp_v1.0_d2018_c20260323.csv.gz,https://www.ncdc.noaa.gov/stormevents/eventdetails.jsp?id=745967
2018,May,22-MAY-18 17:00:00,22-MAY-18 17:00:00,COLORADO,LARIMER,DRAKES,Hail,1,,Trained Spotter,40.51,-105.08,124345,745969,,17.446,2018,StormEvents_details-ftp_v1.0_d2018_c20260323.csv.gz,https://www.ncei.noaa.gov/pub/data/swdi/stormevents/csvfiles/StormEvents_details-ftp_v1.0_d2018_c20260323.csv.gz,https://www.ncdc.noaa.gov/stormevents/eventdetails.jsp?id=745969
2018,May,22-MAY-18 17:01:00,22-MAY-18 17:01:00,COLORADO,LARIMER,DRAKES,Hail,0.88,,Trained Spotter,40.55,-105.1,124345,745970,,19.57,2018,StormEvents_details-ftp_v1.0_d2018_c20260323.csv.gz,https://www.ncei.noaa.gov/pub/data/swdi/stormevents/csvfiles/StormEvents_details-ftp_v1.0_d2018_c20260323.csv.gz,https://www.ncdc.noaa.gov/stormevents/eventdetails.jsp?id=745970
2018,May,22-MAY-18 17:05:00,22-MAY-18 17:05:00,COLORADO,LARIMER,DRAKES,Hail,0.75,,Trained Spotter,40.54,-105.08,124345,745971,,18.319,2018,StormEvents_details-ftp_v1.0_d2018_c20260323.csv.gz,https://www.ncei.noaa.gov/pub/data/swdi/stormevents/csvfiles/StormEvents_details-ftp_v1.0_d2018_c20260323.csv.gz,https://www.ncdc.noaa.gov/stormevents/eventdetails.jsp?id=745971
2018,May,22-MAY-18 17:10:00,22-MAY-18 17:10:00,COLORADO,LARIMER,DRAKES,Hail,0.88,,CoCoRaHS,40.56,-105.09,124345,745972,,19.453,2018,StormEvents_details-ftp_v1.0_d2018_c20260323.csv.gz,https://www.ncei.noaa.gov/pub/data/swdi/stormevents/csvfiles/StormEvents_details-ftp_v1.0_d2018_c20260323.csv.gz,https://www.ncdc.noaa.gov/stormevents/eventdetails.jsp?id=745972
2018,May,22-MAY-18 17:15:00,22-MAY-18 17:15:00,COLORADO,LARIMER,DRAKES,Hail,0.75,,COOP Observer,40.56,-105.07,124345,745973,,18.559,2018,StormEvents_details-ftp_v1.0_d2018_c20260323.csv.gz,https://www.ncei.noaa.gov/pub/data/swdi/stormevents/csvfiles/StormEvents_details-ftp_v1.0_d2018_c20260323.csv.gz,https://www.ncdc.noaa.gov/stormevents/eventdetails.jsp?id=745973
2018,May,22-MAY-18 17:35:00,22-MAY-18 17:35:00,COLORADO,BOULDER,PINECLIFFE,Hail,0.75,,CoCoRaHS,39.99,-105.42,124345,745974,,45.097,2018,StormEvents_details-ftp_v1.0_d2018_c20260323.csv.gz,https://www.ncei.noaa.gov/pub/data/swdi/stormevents/csvfiles/StormEvents_details-ftp_v1.0_d2018_c20260323.csv.gz,https://www.ncdc.noaa.gov/stormevents/eventdetails.jsp?id=745974
2018,May,22-MAY-18 17:57:00,22-MAY-18 17:57:00,COLORADO,BOULDER,BOULDER,Hail,0.75,,Public,40.02,-105.27,124345,745975,,37.911,2018,StormEvents_details-ftp_v1.0_d2018_c20260323.csv.gz,https://www.ncei.noaa.gov/pub/data/swdi/stormevents/csvfiles/StormEvents_details-ftp_v1.0_d2018_c20260323.csv.gz,https://www.ncdc.noaa.gov/stormevents/eventdetails.jsp?id=745975
2018,July,24-JUL-18 14:36:00,24-JUL-18 14:41:00,WYOMING,LARAMIE,LYNCH,Hail,1.25,,CoCoRaHS,41.0464,-105.2067,130854,783041,,49.161,2018,StormEvents_details-ftp_v1.0_d2018_c20260323.csv.gz,https://www.ncei.noaa.gov/pub/data/swdi/stormevents/csvfiles/StormEvents_details-ftp_v1.0_d2018_c20260323.csv.gz,https://www.ncdc.noaa.gov/stormevents/eventdetails.jsp?id=783041
2018,July,24-JUL-18 19:14:00,24-JUL-18 19:14:00,COLORADO,WELD,NEW RAYMER ARPT,Hail,1,,Trained Spotter,40.53,-103.89,126708,759511,,47.034,2018,StormEvents_details-ftp_v1.0_d2018_c20260323.csv.gz,https://www.ncei.noaa.gov/pub/data/swdi/stormevents/csvfiles/StormEvents_details-ftp_v1.0_d2018_c20260323.csv.gz,https://www.ncdc.noaa.gov/stormevents/eventdetails.jsp?id=759511
2018,June,24-JUN-18 11:35:00,24-JUN-18 11:35:00,COLORADO,WELD,PLATTEVILLE ARPT,Hail,1,,Trained Spotter,40.2,-104.69,125507,752739,,15.517,2018,StormEvents_details-ftp_v1.0_d2018_c20260323.csv.gz,https://www.ncei.noaa.gov/pub/data/swdi/stormevents/csvfiles/StormEvents_details-ftp_v1.0_d2018_c20260323.csv.gz,https://www.ncdc.noaa.gov/stormevents/eventdetails.jsp?id=752739
2018,July,25-JUL-18 15:45:00,25-JUL-18 15:45:00,WYOMING,LARAMIE,SPEER,Hail,1.5,,Public,41.07,-104.89,130852,783036,,45.63,2018,StormEvents_details-ftp_v1.0_d2018_c20260323.csv.gz,https://www.ncei.noaa.gov/pub/data/swdi/stormevents/csvfiles/StormEvents_details-ftp_v1.0_d2018_c20260323.csv.gz,https://www.ncdc.noaa.gov/stormevents/eventdetails.jsp?id=783036
2018,July,25-JUL-18 15:45:00,25-JUL-18 15:45:00,WYOMING,LARAMIE,ARCHER,Hail,1.5,,Public,41.07,-104.7,130852,783037,,45.368,2018,StormEvents_details-ftp_v1.0_d2018_c20260323.csv.gz,https://www.ncei.noaa.gov/pub/data/swdi/stormevents/csvfiles/StormEvents_details-ftp_v1.0_d2018_c20260323.csv.gz,https://www.ncdc.noaa.gov/stormevents/eventdetails.jsp?id=783037
2018,July,25-JUL-18 17:30:00,25-JUL-18 17:45:00,COLORADO,BROOMFIELD,BROOMFIELD,Hail,1,,Broadcast Media,39.9652,-105.0207,126761,760357,A severe thunderstorm destroyed over 200 acres of corn.,33.776,2018,StormEvents_details-ftp_v1.0_d2018_c20260323.csv.gz,https://www.ncei.noaa.gov/pub/data/swdi/stormevents/csvfiles/StormEvents_details-ftp_v1.0_d2018_c20260323.csv.gz,https://www.ncdc.noaa.gov/stormevents/eventdetails.jsp?id=760357
2018,July,25-JUL-18 17:45:00,25-JUL-18 17:45:00,COLORADO,BOULDER,LAFAYETTE,Hail,1,,Trained Spotter,40.06,-105.07,126761,759938,,29.166,2018,StormEvents_details-ftp_v1.0_d2018_c20260323.csv.gz,https://www.ncei.noaa.gov/pub/data/swdi/stormevents/csvfiles/StormEvents_details-ftp_v1.0_d2018_c20260323.csv.gz,https://www.ncdc.noaa.gov/stormevents/eventdetails.jsp?id=759938
2018,July,26-JUL-18 17:35:00,26-JUL-18 17:35:00,WYOMING,LARAMIE,ORCHARD VALLY,Hail,1.75,,Storm Chaser,41.0808,-104.853,130848,783024,Large amounts of hail piled up on a stretch of five to seven miles long along Interstate 25 south of Cheyenne with hail depth in some places reaching three inches deep.,46.151,2018,StormEvents_details-ftp_v1.0_d2018_c20260323.csv.gz,https://www.ncei.noaa.gov/pub/data/swdi/stormevents/csvfiles/StormEvents_details-ftp_v1.0_d2018_c20260323.csv.gz,https://www.ncdc.noaa.gov/stormevents/eventdetails.jsp?id=783024
2018,July,26-JUL-18 18:55:00,26-JUL-18 18:55:00,COLORADO,LARIMER,TIMNATH,Hail,1.25,,Trained Spotter,40.51,-104.96,126762,760411,,11.832,2018,StormEvents_details-ftp_v1.0_d2018_c20260323.csv.gz,https://www.ncei.noaa.gov/pub/data/swdi/stormevents/csvfiles/StormEvents_details-ftp_v1.0_d2018_c20260323.csv.gz,https://www.ncdc.noaa.gov/stormevents/eventdetails.jsp?id=760411
2018,July,26-JUL-18 19:15:00,26-JUL-18 19:15:00,COLORADO,WELD,WINDSOR,Hail,1,,Public,40.48,-104.87,126762,760412,,6.799,2018,StormEvents_details-ftp_v1.0_d2018_c20260323.csv.gz,https://www.ncei.noaa.gov/pub/data/swdi/stormevents/csvfiles/StormEvents_details-ftp_v1.0_d2018_c20260323.csv.gz,https://www.ncdc.noaa.gov/stormevents/eventdetails.jsp?id=760412
2018,June,27-JUN-18 17:14:00,27-JUN-18 17:15:00,WYOMING,LARAMIE,CHEYENNE,Hail,1,,Public,41.0377,-104.9558,130850,783028,Nickel to quarter size hail was observed southwest of Cheyenne.,44.041,2018,StormEvents_details-ftp_v1.0_d2018_c20260323.csv.gz,https://www.ncei.noaa.gov/pub/data/swdi/stormevents/csvfiles/StormEvents_details-ftp_v1.0_d2018_c20260323.csv.gz,https://www.ncdc.noaa.gov/stormevents/eventdetails.jsp?id=783028
2018,May,28-MAY-18 15:37:00,28-MAY-18 15:37:00,COLORADO,ADAMS,AURORA,Hail,0.88,,Trained Spotter,39.75,-104.87,124573,747519,,46.283,2018,StormEvents_details-ftp_v1.0_d2018_c20260323.csv.gz,https://www.ncei.noaa.gov/pub/data/swdi/stormevents/csvfiles/StormEvents_details-ftp_v1.0_d2018_c20260323.csv.gz,https://www.ncdc.noaa.gov/stormevents/eventdetails.jsp?id=747519
2018,July,29-JUL-18 14:29:00,29-JUL-18 14:29:00,COLORADO,WELD,PAWNEE BUTTES,Hail,1.75,,Trained Spotter,40.85,-104.04,127191,762226,,48.728,2018,StormEvents_details-ftp_v1.0_d2018_c20260323.csv.gz,https://www.ncei.noaa.gov/pub/data/swdi/stormevents/csvfiles/StormEvents_details-ftp_v1.0_d2018_c20260323.csv.gz,https://www.ncdc.noaa.gov/stormevents/eventdetails.jsp?id=762226
2018,July,29-JUL-18 14:47:00,29-JUL-18 14:47:00,COLORADO,WELD,KEOTA,Hail,2.5,,Public,40.75,-104.03,127191,762227,,45.28,2018,StormEvents_details-ftp_v1.0_d2018_c20260323.csv.gz,https://www.ncei.noaa.gov/pub/data/swdi/stormevents/csvfiles/StormEvents_details-ftp_v1.0_d2018_c20260323.csv.gz,https://www.ncdc.noaa.gov/stormevents/eventdetails.jsp?id=762227
2018,July,29-JUL-18 17:00:00,29-JUL-18 17:00:00,COLORADO,LARIMER,VIRGINIA DALE,Hail,2.5,,Public,40.95,-105.35,127191,762230,,47.746,2018,StormEvents_details-ftp_v1.0_d2018_c20260323.csv.gz,https://www.ncei.noaa.gov/pub/data/swdi/stormevents/csvfiles/StormEvents_details-ftp_v1.0_d2018_c20260323.csv.gz,https://www.ncdc.noaa.gov/stormevents/eventdetails.jsp?id=762230
2018,July,29-JUL-18 17:22:00,29-JUL-18 17:22:00,COLORADO,LARIMER,VIRGINIA DALE,Hail,1,,Trained Spotter,40.99,-105.23,127191,762232,,46.367,2018,StormEvents_details-ftp_v1.0_d2018_c20260323.csv.gz,https://www.ncei.noaa.gov/pub/data/swdi/stormevents/csvfiles/StormEvents_details-ftp_v1.0_d2018_c20260323.csv.gz,https://www.ncdc.noaa.gov/stormevents/eventdetails.jsp?id=762232
2018,July,29-JUL-18 17:49:00,29-JUL-18 17:49:00,COLORADO,LARIMER,THE FORKS,Hail,1,,Public,40.8,-105.23,127191,762233,,35.804,2018,StormEvents_details-ftp_v1.0_d2018_c20260323.csv.gz,https://www.ncei.noaa.gov/pub/data/swdi/stormevents/csvfiles/StormEvents_details-ftp_v1.0_d2018_c20260323.csv.gz,https://www.ncdc.noaa.gov/stormevents/eventdetails.jsp?id=762233
2018,July,29-JUL-18 17:51:00,29-JUL-18 17:51:00,COLORADO,LARIMER,WELLINGTON,Hail,1,,Trained Spotter,40.69,-105.01,127191,762234,,22.698,2018,StormEvents_details-ftp_v1.0_d2018_c20260323.csv.gz,https://www.ncei.noaa.gov/pub/data/swdi/stormevents/csvfiles/StormEvents_details-ftp_v1.0_d2018_c20260323.csv.gz,https://www.ncdc.noaa.gov/stormevents/eventdetails.jsp?id=762234
2018,July,29-JUL-18 17:56:00,29-JUL-18 17:56:00,COLORADO,LARIMER,WELLINGTON,Hail,1,,Trained Spotter,40.71,-105.02,127191,762236,,24.142,2018,StormEvents_details-ftp_v1.0_d2018_c20260323.csv.gz,https://www.ncei.noaa.gov/pub/data/swdi/stormevents/csvfiles/StormEvents_details-ftp_v1.0_d2018_c20260323.csv.gz,https://www.ncdc.noaa.gov/stormevents/eventdetails.jsp?id=762236
2018,July,29-JUL-18 18:07:00,29-JUL-18 18:07:00,COLORADO,LARIMER,MASONVILLE,Hail,1,,Trained Spotter,40.52,-105.17,127191,762237,,22.12,2018,StormEvents_details-ftp_v1.0_d2018_c20260323.csv.gz,https://www.ncei.noaa.gov/pub/data/swdi/stormevents/csvfiles/StormEvents_details-ftp_v1.0_d2018_c20260323.csv.gz,https://www.ncdc.noaa.gov/stormevents/eventdetails.jsp?id=762237
2018,July,29-JUL-18 18:08:00,29-JUL-18 18:08:00,COLORADO,LARIMER,DRAKES,Hail,1,,Public,40.56,-105.07,127191,762238,,18.559,2018,StormEvents_details-ftp_v1.0_d2018_c20260323.csv.gz,https://www.ncei.noaa.gov/pub/data/swdi/stormevents/csvfiles/StormEvents_details-ftp_v1.0_d2018_c20260323.csv.gz,https://www.ncdc.noaa.gov/stormevents/eventdetails.jsp?id=762238
2018,July,29-JUL-18 18:14:00,29-JUL-18 18:14:00,COLORADO,LARIMER,FT COLLINS,Hail,1,,Storm Chaser,40.6,-105.07,127191,762239,,20.175,2018,StormEvents_details-ftp_v1.0_d2018_c20260323.csv.gz,https://www.ncei.noaa.gov/pub/data/swdi/stormevents/csvfiles/StormEvents_details-ftp_v1.0_d2018_c20260323.csv.gz,https://www.ncdc.noaa.gov/stormevents/eventdetails.jsp?id=762239
2018,July,29-JUL-18 18:15:00,29-JUL-18 18:15:00,COLORADO,LARIMER,TIMNATH,Hail,1.75,,Storm Chaser,40.56,-105.01,127191,762240,,15.99,2018,StormEvents_details-ftp_v1.0_d2018_c20260323.csv.gz,https://www.ncei.noaa.gov/pub/data/swdi/stormevents/csvfiles/StormEvents_details-ftp_v1.0_d2018_c20260323.csv.gz,https://www.ncdc.noaa.gov/stormevents/eventdetails.jsp?id=762240
2018,July,29-JUL-18 18:15:00,29-JUL-18 18:15:00,COLORADO,WELD,EVANS,Hail,1.25,,Public,40.39,-104.71,127191,762241,,3.72,2018,StormEvents_details-ftp_v1.0_d2018_c20260323.csv.gz,https://www.ncei.noaa.gov/pub/data/swdi/stormevents/csvfiles/StormEvents_details-ftp_v1.0_d2018_c20260323.csv.gz,https://www.ncdc.noaa.gov/stormevents/eventdetails.jsp?id=762241
2018,July,29-JUL-18 18:18:00,29-JUL-18 18:18:00,COLORADO,WELD,GREELEY,Hail,1.5,,Public,40.43,-104.74,127191,762242,,1.96,2018,StormEvents_details-ftp_v1.0_d2018_c20260323.csv.gz,https://www.ncei.noaa.gov/pub/data/swdi/stormevents/csvfiles/StormEvents_details-ftp_v1.0_d2018_c20260323.csv.gz,https://www.ncdc.noaa.gov/stormevents/eventdetails.jsp?id=762242
2018,July,29-JUL-18 18:21:00,29-JUL-18 18:21:00,COLORADO,WELD,WINDSOR,Hail,1,,Trained Spotter,40.41,-104.8,127191,762243,,1.516,2018,StormEvents_details-ftp_v1.0_d2018_c20260323.csv.gz,https://www.ncei.noaa.gov/pub/data/swdi/stormevents/csvfiles/StormEvents_details-ftp_v1.0_d2018_c20260323.csv.gz,https://www.ncdc.noaa.gov/stormevents/eventdetails.jsp?id=762243
2018,July,29-JUL-18 18:22:00,29-JUL-18 18:22:00,COLORADO,WELD,GREELEY,Hail,1.75,,Trained Spotter,40.43,-104.76,127191,762244,,1.179,2018,StormEvents_details-ftp_v1.0_d2018_c20260323.csv.gz,https://www.ncei.noaa.gov/pub/data/swdi/stormevents/csvfiles/StormEvents_details-ftp_v1.0_d2018_c20260323.csv.gz,https://www.ncdc.noaa.gov/stormevents/eventdetails.jsp?id=762244
2018,July,29-JUL-18 18:26:00,29-JUL-18 18:26:00,COLORADO,WELD,EVANS,Hail,2,,Public,40.38,-104.7,127191,762245,,4.526,2018,StormEvents_details-ftp_v1.0_d2018_c20260323.csv.gz,https://www.ncei.noaa.gov/pub/data/swdi/stormevents/csvfiles/StormEvents_details-ftp_v1.0_d2018_c20260323.csv.gz,https://www.ncdc.noaa.gov/stormevents/eventdetails.jsp?id=762245
2018,July,29-JUL-18 18:37:00,29-JUL-18 18:37:00,COLORADO,WELD,GARDEN CITY,Hail,1.25,,Trained Spotter,40.26,-104.6,127191,762246,,14.067,2018,StormEvents_details-ftp_v1.0_d2018_c20260323.csv.gz,https://www.ncei.noaa.gov/pub/data/swdi/stormevents/csvfiles/StormEvents_details-ftp_v1.0_d2018_c20260323.csv.gz,https://www.ncdc.noaa.gov/stormevents/eventdetails.jsp?id=762246
2018,July,29-JUL-18 18:53:00,29-JUL-18 18:53:00,COLORADO,WELD,GARDEN CITY,Hail,1,,Trained Spotter,40.34,-104.65,127191,762248,,8.286,2018,StormEvents_details-ftp_v1.0_d2018_c20260323.csv.gz,https://www.ncei.noaa.gov/pub/data/swdi/stormevents/csvfiles/StormEvents_details-ftp_v1.0_d2018_c20260323.csv.gz,https://www.ncdc.noaa.gov/stormevents/eventdetails.jsp?id=762248
2018,July,29-JUL-18 19:10:00,29-JUL-18 19:10:00,COLORADO,ADAMS,BENNETT,Hail,1.25,,Trained Spotter,39.8,-104.42,127191,762249,,46.43,2018,StormEvents_details-ftp_v1.0_d2018_c20260323.csv.gz,https://www.ncei.noaa.gov/pub/data/swdi/stormevents/csvfiles/StormEvents_details-ftp_v1.0_d2018_c20260323.csv.gz,https://www.ncdc.noaa.gov/stormevents/eventdetails.jsp?id=762249
2018,July,29-JUL-18 19:11:00,29-JUL-18 19:11:00,COLORADO,ADAMS,BENNETT,Hail,1.75,,Trained Spotter,39.76,-104.42,127191,762250,,48.977,2018,StormEvents_details-ftp_v1.0_d2018_c20260323.csv.gz,https://www.ncei.noaa.gov/pub/data/swdi/stormevents/csvfiles/StormEvents_details-ftp_v1.0_d2018_c20260323.csv.gz,https://www.ncdc.noaa.gov/stormevents/eventdetails.jsp?id=762250
2018,April,30-APR-18 19:05:00,30-APR-18 19:05:00,COLORADO,WELD,FT LUPTON,Hail,1.25,,CoCoRaHS,40.07,-104.81,125402,752030,,23.966,2018,StormEvents_details-ftp_v1.0_d2018_c20260323.csv.gz,https://www.ncei.noaa.gov/pub/data/swdi/stormevents/csvfiles/StormEvents_details-ftp_v1.0_d2018_c20260323.csv.gz,https://www.ncdc.noaa.gov/stormevents/eventdetails.jsp?id=752030
2018,June,30-JUN-18 15:39:00,30-JUN-18 15:39:00,COLORADO,WELD,EATON,Hail,1,,Trained Spotter,40.53,-104.71,127345,763395,,8.549,2018,StormEvents_details-ftp_v1.0_d2018_c20260323.csv.gz,https://www.ncei.noaa.gov/pub/data/swdi/stormevents/csvfiles/StormEvents_details-ftp_v1.0_d2018_c20260323.csv.gz,https://www.ncdc.noaa.gov/stormevents/eventdetails.jsp?id=763395
2018,June,30-JUN-18 15:45:00,30-JUN-18 15:45:00,COLORADO,WELD,EATON ARPT,Hail,1.5,,CoCoRaHS,40.55,-104.63,127345,763396,,11.915,2018,StormEvents_details-ftp_v1.0_d2018_c20260323.csv.gz,https://www.ncei.noaa.gov/pub/data/swdi/stormevents/csvfiles/StormEvents_details-ftp_v1.0_d2018_c20260323.csv.gz,https://www.ncdc.noaa.gov/stormevents/eventdetails.jsp?id=763396
2018,June,30-JUN-18 15:54:00,30-JUN-18 15:54:00,COLORADO,LARIMER,POUDRE PARK,Hail,1,,CoCoRaHS,40.63,-105.29,127345,763397,,30.968,2018,StormEvents_details-ftp_v1.0_d2018_c20260323.csv.gz,https://www.ncei.noaa.gov/pub/data/swdi/stormevents/csvfiles/StormEvents_details-ftp_v1.0_d2018_c20260323.csv.gz,https://www.ncdc.noaa.gov/stormevents/eventdetails.jsp?id=763397
2018,May,30-MAY-18 16:21:00,30-MAY-18 16:21:00,COLORADO,BOULDER,GOLD HILL,Hail,1,,Trained Spotter,40.08,-105.41,126189,756433,,40.858,2018,StormEvents_details-ftp_v1.0_d2018_c20260323.csv.gz,https://www.ncei.noaa.gov/pub/data/swdi/stormevents/csvfiles/StormEvents_details-ftp_v1.0_d2018_c20260323.csv.gz,https://www.ncdc.noaa.gov/stormevents/eventdetails.jsp?id=756433
2019,July,01-JUL-19 14:54:00,01-JUL-19 14:54:00,COLORADO,ARAPAHOE,(BKF)BUCKLEY AIR FORCE BASE,Hail,1,,Public,39.71,-104.86,137375,824707,,48.977,2019,StormEvents_details-ftp_v1.0_d2019_c20260323.csv.gz,https://www.ncei.noaa.gov/pub/data/swdi/stormevents/csvfiles/StormEvents_details-ftp_v1.0_d2019_c20260323.csv.gz,https://www.ncdc.noaa.gov/stormevents/eventdetails.jsp?id=824707
2019,July,01-JUL-19 15:50:00,01-JUL-19 15:50:00,COLORADO,WELD,CARR,Hail,1.25,,Trained Spotter,40.9,-104.88,137375,824710,,33.939,2019,StormEvents_details-ftp_v1.0_d2019_c20260323.csv.gz,https://www.ncei.noaa.gov/pub/data/swdi/stormevents/csvfiles/StormEvents_details-ftp_v1.0_d2019_c20260323.csv.gz,https://www.ncdc.noaa.gov/stormevents/eventdetails.jsp?id=824710
2019,July,01-JUL-19 16:45:00,01-JUL-19 16:45:00,WYOMING,LARAMIE,ORCHARD VALLY,Hail,0.75,,Public,41.11,-104.82,138322,831762,,48.04,2019,StormEvents_details-ftp_v1.0_d2019_c20260323.csv.gz,https://www.ncei.noaa.gov/pub/data/swdi/stormevents/csvfiles/StormEvents_details-ftp_v1.0_d2019_c20260323.csv.gz,https://www.ncdc.noaa.gov/stormevents/eventdetails.jsp?id=831762
2019,June,01-JUN-19 13:35:00,01-JUN-19 13:35:00,COLORADO,ARAPAHOE,(BKF)BUCKLEY AIR FORCE BASE,Hail,1,,Trained Spotter,39.71,-104.84,136040,816355,,48.888,2019,StormEvents_details-ftp_v1.0_d2019_c20260323.csv.gz,https://www.ncei.noaa.gov/pub/data/swdi/stormevents/csvfiles/StormEvents_details-ftp_v1.0_d2019_c20260323.csv.gz,https://www.ncdc.noaa.gov/stormevents/eventdetails.jsp?id=816355
2019,September,02-SEP-19 18:45:00,02-SEP-19 18:45:00,COLORADO,LARIMER,BUCKEYE,Hail,1.5,,NWS Employee,40.89,-104.95,139950,842043,,34.074,2019,StormEvents_details-ftp_v1.0_d2019_c20260323.csv.gz,https://www.ncei.noaa.gov/pub/data/swdi/stormevents/csvfiles/StormEvents_details-ftp_v1.0_d2019_c20260323.csv.gz,https://www.ncdc.noaa.gov/stormevents/eventdetails.jsp?id=842043
2019,July,04-JUL-19 16:28:00,04-JUL-19 16:28:00,COLORADO,ARAPAHOE,(BKF)BUCKLEY AIR FORCE BASE,Hail,0.88,,Trained Spotter,39.7,-104.77,137379,824727,,49.448,2019,StormEvents_details-ftp_v1.0_d2019_c20260323.csv.gz,https://www.ncei.noaa.gov/pub/data/swdi/stormevents/csvfiles/StormEvents_details-ftp_v1.0_d2019_c20260323.csv.gz,https://www.ncdc.noaa.gov/stormevents/eventdetails.jsp?id=824727
2019,July,04-JUL-19 17:05:00,04-JUL-19 17:05:00,COLORADO,WELD,FT LUPTON,Hail,1.5,,Trained Spotter,40.09,-104.81,137379,824736,,22.589,2019,StormEvents_details-ftp_v1.0_d2019_c20260323.csv.gz,https://www.ncei.noaa.gov/pub/data/swdi/stormevents/csvfiles/StormEvents_details-ftp_v1.0_d2019_c20260323.csv.gz,https://www.ncdc.noaa.gov/stormevents/eventdetails.jsp?id=824736
2019,July,04-JUL-19 17:19:00,04-JUL-19 17:19:00,COLORADO,DENVER,DENVER,Hail,0.75,,Public,39.76,-105.01,137379,824737,,47.014,2019,StormEvents_details-ftp_v1.0_d2019_c20260323.csv.gz,https://www.ncei.noaa.gov/pub/data/swdi/stormevents/csvfiles/StormEvents_details-ftp_v1.0_d2019_c20260323.csv.gz,https://www.ncdc.noaa.gov/stormevents/eventdetails.jsp?id=824737
2019,July,04-JUL-19 17:20:00,04-JUL-19 17:20:00,COLORADO,JEFFERSON,WHEAT RIDGE,Hail,1,,Public,39.73,-105.05,137379,824738,,49.6,2019,StormEvents_details-ftp_v1.0_d2019_c20260323.csv.gz,https://www.ncei.noaa.gov/pub/data/swdi/stormevents/csvfiles/StormEvents_details-ftp_v1.0_d2019_c20260323.csv.gz,https://www.ncdc.noaa.gov/stormevents/eventdetails.jsp?id=824738
2019,July,04-JUL-19 17:28:00,04-JUL-19 17:28:00,COLORADO,DENVER,DENVER,Hail,1,,Public,39.75,-105.04,137379,824742,,48.123,2019,StormEvents_details-ftp_v1.0_d2019_c20260323.csv.gz,https://www.ncei.noaa.gov/pub/data/swdi/stormevents/csvfiles/StormEvents_details-ftp_v1.0_d2019_c20260323.csv.gz,https://www.ncdc.noaa.gov/stormevents/eventdetails.jsp?id=824742
2019,July,04-JUL-19 17:57:00,04-JUL-19 17:57:00,COLORADO,BROOMFIELD,BROOMFIELD,Hail,1,,Trained Spotter,39.92,-105.07,137379,824748,,37.685,2019,StormEvents_details-ftp_v1.0_d2019_c20260323.csv.gz,https://www.ncei.noaa.gov/pub/data/swdi/stormevents/csvfiles/StormEvents_details-ftp_v1.0_d2019_c20260323.csv.gz,https://www.ncdc.noaa.gov/stormevents/eventdetails.jsp?id=824748
2019,July,04-JUL-19 18:42:00,04-JUL-19 18:50:00,COLORADO,LARIMER,HARMONY,Hail,1.5,,Trained Spotter,40.48,-105.07,137379,824749,,16.28,2019,StormEvents_details-ftp_v1.0_d2019_c20260323.csv.gz,https://www.ncei.noaa.gov/pub/data/swdi/stormevents/csvfiles/StormEvents_details-ftp_v1.0_d2019_c20260323.csv.gz,https://www.ncdc.noaa.gov/stormevents/eventdetails.jsp?id=824749
2019,July,04-JUL-19 19:50:00,04-JUL-19 19:50:00,COLORADO,WELD,CARR,Hail,1.25,,Public,40.93,-104.93,137379,824751,,36.487,2019,StormEvents_details-ftp_v1.0_d2019_c20260323.csv.gz,https://www.ncei.noaa.gov/pub/data/swdi/stormevents/csvfiles/StormEvents_details-ftp_v1.0_d2019_c20260323.csv.gz,https://www.ncdc.noaa.gov/stormevents/eventdetails.jsp?id=824751
2019,July,04-JUL-19 23:25:00,04-JUL-19 23:25:00,COLORADO,BROOMFIELD,BROOMFIELD,Hail,0.75,,Trained Spotter,39.92,-105.1,137379,824752,,38.373,2019,StormEvents_details-ftp_v1.0_d2019_c20260323.csv.gz,https://www.ncei.noaa.gov/pub/data/swdi/stormevents/csvfiles/StormEvents_details-ftp_v1.0_d2019_c20260323.csv.gz,https://www.ncdc.noaa.gov/stormevents/eventdetails.jsp?id=824752
2019,July,05-JUL-19 17:20:00,05-JUL-19 17:20:00,COLORADO,DENVER,GLENDALE,Hail,1,,Trained Spotter,39.7,-104.91,137382,824761,,49.982,2019,StormEvents_details-ftp_v1.0_d2019_c20260323.csv.gz,https://www.ncei.noaa.gov/pub/data/swdi/stormevents/csvfiles/StormEvents_details-ftp_v1.0_d2019_c20260323.csv.gz,https://www.ncdc.noaa.gov/stormevents/eventdetails.jsp?id=824761
2019,July,05-JUL-19 17:34:00,05-JUL-19 17:34:00,COLORADO,ARAPAHOE,(BKF)BUCKLEY AIR FORCE BASE,Hail,1.5,,Trained Spotter,39.7,-104.81,137382,824762,,49.488,2019,StormEvents_details-ftp_v1.0_d2019_c20260323.csv.gz,https://www.ncei.noaa.gov/pub/data/swdi/stormevents/csvfiles/StormEvents_details-ftp_v1.0_d2019_c20260323.csv.gz,https://www.ncdc.noaa.gov/stormevents/eventdetails.jsp?id=824762
2019,July,05-JUL-19 17:34:00,05-JUL-19 17:34:00,COLORADO,DENVER,GLENDALE,Hail,1.5,,Public,39.7,-104.87,137382,824763,,49.717,2019,StormEvents_details-ftp_v1.0_d2019_c20260323.csv.gz,https://www.ncei.noaa.gov/pub/data/swdi/stormevents/csvfiles/StormEvents_details-ftp_v1.0_d2019_c20260323.csv.gz,https://www.ncdc.noaa.gov/stormevents/eventdetails.jsp?id=824763
2019,July,05-JUL-19 17:35:00,05-JUL-19 17:35:00,COLORADO,ARAPAHOE,(BKF)BUCKLEY AIR FORCE BASE,Hail,1,,Trained Spotter,39.7,-104.81,137382,824764,,49.488,2019,StormEvents_details-ftp_v1.0_d2019_c20260323.csv.gz,https://www.ncei.noaa.gov/pub/data/swdi/stormevents/csvfiles/StormEvents_details-ftp_v1.0_d2019_c20260323.csv.gz,https://www.ncdc.noaa.gov/stormevents/eventdetails.jsp?id=824764
2019,July,05-JUL-19 17:40:00,05-JUL-19 17:40:00,COLORADO,ARAPAHOE,(BKF)BUCKLEY AIR FORCE BASE,Hail,1.25,,Trained Spotter,39.71,-104.84,137382,824765,,48.888,2019,StormEvents_details-ftp_v1.0_d2019_c20260323.csv.gz,https://www.ncei.noaa.gov/pub/data/swdi/stormevents/csvfiles/StormEvents_details-ftp_v1.0_d2019_c20260323.csv.gz,https://www.ncdc.noaa.gov/stormevents/eventdetails.jsp?id=824765
2019,July,05-JUL-19 17:40:00,05-JUL-19 17:40:00,COLORADO,DENVER,DENVER,Hail,1.25,,Public,39.74,-104.99,137382,824768,,48.083,2019,StormEvents_details-ftp_v1.0_d2019_c20260323.csv.gz,https://www.ncei.noaa.gov/pub/data/swdi/stormevents/csvfiles/StormEvents_details-ftp_v1.0_d2019_c20260323.csv.gz,https://www.ncdc.noaa.gov/stormevents/eventdetails.jsp?id=824768
2019,July,05-JUL-19 18:10:00,05-JUL-19 18:10:00,COLORADO,JEFFERSON,JEFFERSON CO ARPT,Hail,1,,Trained Spotter,39.85,-105.16,137382,824770,,44.128,2019,StormEvents_details-ftp_v1.0_d2019_c20260323.csv.gz,https://www.ncei.noaa.gov/pub/data/swdi/stormevents/csvfiles/StormEvents_details-ftp_v1.0_d2019_c20260323.csv.gz,https://www.ncdc.noaa.gov/stormevents/eventdetails.jsp?id=824770
2019,July,05-JUL-19 18:11:00,05-JUL-19 18:11:00,COLORADO,JEFFERSON,JEFFERSON CO ARPT,Hail,1,,Public,39.85,-105.15,137382,824771,,43.885,2019,StormEvents_details-ftp_v1.0_d2019_c20260323.csv.gz,https://www.ncei.noaa.gov/pub/data/swdi/stormevents/csvfiles/StormEvents_details-ftp_v1.0_d2019_c20260323.csv.gz,https://www.ncdc.noaa.gov/stormevents/eventdetails.jsp?id=824771
2019,July,05-JUL-19 18:12:00,05-JUL-19 18:12:00,COLORADO,BOULDER,BOULDER,Hail,1,,Public,40.03,-105.28,137382,824773,,37.787,2019,StormEvents_details-ftp_v1.0_d2019_c20260323.csv.gz,https://www.ncei.noaa.gov/pub/data/swdi/stormevents/csvfiles/StormEvents_details-ftp_v1.0_d2019_c20260323.csv.gz,https://www.ncdc.noaa.gov/stormevents/eventdetails.jsp?id=824773
2019,July,05-JUL-19 18:17:00,05-JUL-19 18:17:00,COLORADO,JEFFERSON,JEFFERSON CO ARPT,Hail,1,,Public,39.85,-105.21,137382,824774,,45.414,2019,StormEvents_details-ftp_v1.0_d2019_c20260323.csv.gz,https://www.ncei.noaa.gov/pub/data/swdi/stormevents/csvfiles/StormEvents_details-ftp_v1.0_d2019_c20260323.csv.gz,https://www.ncdc.noaa.gov/stormevents/eventdetails.jsp?id=824774
2019,July,05-JUL-19 18:25:00,05-JUL-19 18:25:00,COLORADO,BOULDER,MARSHALL,Hail,1.25,,Trained Spotter,39.98,-105.25,137382,824775,,39.269,2019,StormEvents_details-ftp_v1.0_d2019_c20260323.csv.gz,https://www.ncei.noaa.gov/pub/data/swdi/stormevents/csvfiles/StormEvents_details-ftp_v1.0_d2019_c20260323.csv.gz,https://www.ncdc.noaa.gov/stormevents/eventdetails.jsp?id=824775
2019,July,05-JUL-19 18:27:00,05-JUL-19 18:27:00,COLORADO,BOULDER,BOULDER,Hail,1,,Public,40.02,-105.28,137382,824777,,38.278,2019,StormEvents_details-ftp_v1.0_d2019_c20260323.csv.gz,https://www.ncei.noaa.gov/pub/data/swdi/stormevents/csvfiles/StormEvents_details-ftp_v1.0_d2019_c20260323.csv.gz,https://www.ncdc.noaa.gov/stormevents/eventdetails.jsp?id=824777
2019,July,05-JUL-19 18:27:00,05-JUL-19 18:27:00,COLORADO,BOULDER,BOULDER,Hail,1,,Public,40.03,-105.25,137382,824779,,36.681,2019,StormEvents_details-ftp_v1.0_d2019_c20260323.csv.gz,https://www.ncei.noaa.gov/pub/data/swdi/stormevents/csvfiles/StormEvents_details-ftp_v1.0_d2019_c20260323.csv.gz,https://www.ncdc.noaa.gov/stormevents/eventdetails.jsp?id=824779
2019,July,05-JUL-19 18:28:00,05-JUL-19 18:28:00,COLORADO,BOULDER,LOUISVILLE,Hail,1.25,,Public,40.02,-105.16,137382,824780,,34.148,2019,StormEvents_details-ftp_v1.0_d2019_c20260323.csv.gz,https://www.ncei.noaa.gov/pub/data/swdi/stormevents/csvfiles/StormEvents_details-ftp_v1.0_d2019_c20260323.csv.gz,https://www.ncdc.noaa.gov/stormevents/eventdetails.jsp?id=824780
2019,July,05-JUL-19 18:32:00,05-JUL-19 18:32:00,COLORADO,ADAMS,FEDERAL HGT,Hail,0.88,,Trained Spotter,39.88,-105.03,137382,824781,,39.436,2019,StormEvents_details-ftp_v1.0_d2019_c20260323.csv.gz,https://www.ncei.noaa.gov/pub/data/swdi/stormevents/csvfiles/StormEvents_details-ftp_v1.0_d2019_c20260323.csv.gz,https://www.ncdc.noaa.gov/stormevents/eventdetails.jsp?id=824781
2019,July,05-JUL-19 18:32:00,05-JUL-19 18:32:00,COLORADO,JEFFERSON,GOLDEN,Hail,1,,Public,39.82,-105.21,137382,824782,,47.213,2019,StormEvents_details-ftp_v1.0_d2019_c20260323.csv.gz,https://www.ncei.noaa.gov/pub/data/swdi/stormevents/csvfiles/StormEvents_details-ftp_v1.0_d2019_c20260323.csv.gz,https://www.ncdc.noaa.gov/stormevents/eventdetails.jsp?id=824782
2019,July,05-JUL-19 18:34:00,05-JUL-19 18:34:00,COLORADO,BOULDER,BOULDER,Hail,1.25,,Trained Spotter,40.03,-105.25,137382,824783,,36.681,2019,StormEvents_details-ftp_v1.0_d2019_c20260323.csv.gz,https://www.ncei.noaa.gov/pub/data/swdi/stormevents/csvfiles/StormEvents_details-ftp_v1.0_d2019_c20260323.csv.gz,https://www.ncdc.noaa.gov/stormevents/eventdetails.jsp?id=824783
2019,July,05-JUL-19 18:35:00,05-JUL-19 18:35:00,COLORADO,ADAMS,FEDERAL HGT,Hail,1,,Public,39.88,-105.05,137382,824784,,39.813,2019,StormEvents_details-ftp_v1.0_d2019_c20260323.csv.gz,https://www.ncei.noaa.gov/pub/data/swdi/stormevents/csvfiles/StormEvents_details-ftp_v1.0_d2019_c20260323.csv.gz,https://www.ncdc.noaa.gov/stormevents/eventdetails.jsp?id=824784
2019,July,05-JUL-19 18:35:00,05-JUL-19 18:35:00,COLORADO,BOULDER,BOULDER,Hail,1.25,,Trained Spotter,39.99,-105.26,137382,824785,,39.086,2019,StormEvents_details-ftp_v1.0_d2019_c20260323.csv.gz,https://www.ncei.noaa.gov/pub/data/swdi/stormevents/csvfiles/StormEvents_details-ftp_v1.0_d2019_c20260323.csv.gz,https://www.ncdc.noaa.gov/stormevents/eventdetails.jsp?id=824785
2019,July,05-JUL-19 18:39:00,05-JUL-19 18:39:00,COLORADO,BOULDER,BOULDER,Hail,1,,Public,40.03,-105.25,137382,824786,,36.681,2019,StormEvents_details-ftp_v1.0_d2019_c20260323.csv.gz,https://www.ncei.noaa.gov/pub/data/swdi/stormevents/csvfiles/StormEvents_details-ftp_v1.0_d2019_c20260323.csv.gz,https://www.ncdc.noaa.gov/stormevents/eventdetails.jsp?id=824786
2019,July,05-JUL-19 18:40:00,05-JUL-19 18:40:00,COLORADO,BOULDER,LOUISVILLE,Hail,1.75,,Trained Spotter,40.02,-105.16,137382,824787,,34.148,2019,StormEvents_details-ftp_v1.0_d2019_c20260323.csv.gz,https://www.ncei.noaa.gov/pub/data/swdi/stormevents/csvfiles/StormEvents_details-ftp_v1.0_d2019_c20260323.csv.gz,https://www.ncdc.noaa.gov/stormevents/eventdetails.jsp?id=824787
2019,July,05-JUL-19 18:41:00,05-JUL-19 18:41:00,COLORADO,JEFFERSON,BROOMFIELD,Hail,1.25,,Trained Spotter,39.89,-105.09,137382,824788,,40.011,2019,StormEvents_details-ftp_v1.0_d2019_c20260323.csv.gz,https://www.ncei.noaa.gov/pub/data/swdi/stormevents/csvfiles/StormEvents_details-ftp_v1.0_d2019_c20260323.csv.gz,https://www.ncdc.noaa.gov/stormevents/eventdetails.jsp?id=824788
2019,July,05-JUL-19 18:45:00,05-JUL-19 18:45:00,COLORADO,BOULDER,LOUISVILLE,Hail,1.75,,Public,40,-105.14,137382,824789,,34.663,2019,StormEvents_details-ftp_v1.0_d2019_c20260323.csv.gz,https://www.ncei.noaa.gov/pub/data/swdi/stormevents/csvfiles/StormEvents_details-ftp_v1.0_d2019_c20260323.csv.gz,https://www.ncdc.noaa.gov/stormevents/eventdetails.jsp?id=824789
2019,July,05-JUL-19 18:46:00,05-JUL-19 18:46:00,COLORADO,BOULDER,LOUISVILLE,Hail,1.25,,Public,39.99,-105.14,137382,824790,,35.239,2019,StormEvents_details-ftp_v1.0_d2019_c20260323.csv.gz,https://www.ncei.noaa.gov/pub/data/swdi/stormevents/csvfiles/StormEvents_details-ftp_v1.0_d2019_c20260323.csv.gz,https://www.ncdc.noaa.gov/stormevents/eventdetails.jsp?id=824790
2019,July,05-JUL-19 18:49:00,05-JUL-19 18:49:00,COLORADO,BOULDER,LAFAYETTE,Hail,1.75,,Public,39.99,-105.1,137382,824791,,34.122,2019,StormEvents_details-ftp_v1.0_d2019_c20260323.csv.gz,https://www.ncei.noaa.gov/pub/data/swdi/stormevents/csvfiles/StormEvents_details-ftp_v1.0_d2019_c20260323.csv.gz,https://www.ncdc.noaa.gov/stormevents/eventdetails.jsp?id=824791
2019,July,05-JUL-19 18:52:00,05-JUL-19 18:52:00,COLORADO,BOULDER,LOUISVILLE,Hail,2.5,,Public,40.01,-105.12,137382,824792,,33.503,2019,StormEvents_details-ftp_v1.0_d2019_c20260323.csv.gz,https://www.ncei.noaa.gov/pub/data/swdi/stormevents/csvfiles/StormEvents_details-ftp_v1.0_d2019_c20260323.csv.gz,https://www.ncdc.noaa.gov/stormevents/eventdetails.jsp?id=824792
2019,July,05-JUL-19 18:53:00,05-JUL-19 18:53:00,COLORADO,BOULDER,LOUISVILLE,Hail,2,,Public,39.99,-105.17,137382,824793,,36.135,2019,StormEvents_details-ftp_v1.0_d2019_c20260323.csv.gz,https://www.ncei.noaa.gov/pub/data/swdi/stormevents/csvfiles/StormEvents_details-ftp_v1.0_d2019_c20260323.csv.gz,https://www.ncdc.noaa.gov/stormevents/eventdetails.jsp?id=824793
2019,July,05-JUL-19 18:54:00,05-JUL-19 18:54:00,COLORADO,BOULDER,LAFAYETTE,Hail,1.75,,Trained Spotter,40.02,-105.09,137382,824794,,32.071,2019,StormEvents_details-ftp_v1.0_d2019_c20260323.csv.gz,https://www.ncei.noaa.gov/pub/data/swdi/stormevents/csvfiles/StormEvents_details-ftp_v1.0_d2019_c20260323.csv.gz,https://www.ncdc.noaa.gov/stormevents/eventdetails.jsp?id=824794
2019,July,05-JUL-19 18:55:00,05-JUL-19 18:55:00,COLORADO,BOULDER,LOUISVILLE,Hail,1.25,,Public,39.97,-105.14,137382,824796,,36.402,2019,StormEvents_details-ftp_v1.0_d2019_c20260323.csv.gz,https://www.ncei.noaa.gov/pub/data/swdi/stormevents/csvfiles/StormEvents_details-ftp_v1.0_d2019_c20260323.csv.gz,https://www.ncdc.noaa.gov/stormevents/eventdetails.jsp?id=824796
2019,July,05-JUL-19 18:55:00,05-JUL-19 18:55:00,COLORADO,BOULDER,LAFAYETTE,Hail,2,,Public,39.99,-105.1,137382,824798,,34.122,2019,StormEvents_details-ftp_v1.0_d2019_c20260323.csv.gz,https://www.ncei.noaa.gov/pub/data/swdi/stormevents/csvfiles/StormEvents_details-ftp_v1.0_d2019_c20260323.csv.gz,https://www.ncdc.noaa.gov/stormevents/eventdetails.jsp?id=824798
2019,July,05-JUL-19 18:55:00,05-JUL-19 18:55:00,COLORADO,BOULDER,BOULDER ARPT,Hail,1,,Trained Spotter,40,-105.22,137382,824801,,37.192,2019,StormEvents_details-ftp_v1.0_d2019_c20260323.csv.gz,https://www.ncei.noaa.gov/pub/data/swdi/stormevents/csvfiles/StormEvents_details-ftp_v1.0_d2019_c20260323.csv.gz,https://www.ncdc.noaa.gov/stormevents/eventdetails.jsp?id=824801
2019,July,05-JUL-19 18:58:00,05-JUL-19 18:58:00,COLORADO,BOULDER,BOULDER ARPT,Hail,1.5,,Trained Spotter,40.05,-105.17,137382,824806,,32.843,2019,StormEvents_details-ftp_v1.0_d2019_c20260323.csv.gz,https://www.ncei.noaa.gov/pub/data/swdi/stormevents/csvfiles/StormEvents_details-ftp_v1.0_d2019_c20260323.csv.gz,https://www.ncdc.noaa.gov/stormevents/eventdetails.jsp?id=824806
2019,July,05-JUL-19 19:01:00,05-JUL-19 19:01:00,COLORADO,WELD,ERIE,Hail,1,,Trained Spotter,40.04,-105.05,137382,824808,,29.808,2019,StormEvents_details-ftp_v1.0_d2019_c20260323.csv.gz,https://www.ncei.noaa.gov/pub/data/swdi/stormevents/csvfiles/StormEvents_details-ftp_v1.0_d2019_c20260323.csv.gz,https://www.ncdc.noaa.gov/stormevents/eventdetails.jsp?id=824808
2019,July,05-JUL-19 19:15:00,05-JUL-19 19:15:00,COLORADO,BOULDER,LAFAYETTE,Hail,1.75,,Public,40.02,-105.1,137382,824809,,32.35,2019,StormEvents_details-ftp_v1.0_d2019_c20260323.csv.gz,https://www.ncei.noaa.gov/pub/data/swdi/stormevents/csvfiles/StormEvents_details-ftp_v1.0_d2019_c20260323.csv.gz,https://www.ncdc.noaa.gov/stormevents/eventdetails.jsp?id=824809
2019,July,05-JUL-19 19:15:00,05-JUL-19 19:15:00,COLORADO,BOULDER,LAFAYETTE,Hail,1,,Public,40.04,-105.06,137382,824810,,30.071,2019,StormEvents_details-ftp_v1.0_d2019_c20260323.csv.gz,https://www.ncei.noaa.gov/pub/data/swdi/stormevents/csvfiles/StormEvents_details-ftp_v1.0_d2019_c20260323.csv.gz,https://www.ncdc.noaa.gov/stormevents/eventdetails.jsp?id=824810
2019,July,05-JUL-19 19:21:00,05-JUL-19 19:21:00,COLORADO,LARIMER,LOVELAND,Hail,1.75,,Trained Spotter,40.39,-105.11,137382,824812,,17.864,2019,StormEvents_details-ftp_v1.0_d2019_c20260323.csv.gz,https://www.ncei.noaa.gov/pub/data/swdi/stormevents/csvfiles/StormEvents_details-ftp_v1.0_d2019_c20260323.csv.gz,https://www.ncdc.noaa.gov/stormevents/eventdetails.jsp?id=824812
2019,July,05-JUL-19 19:26:00,05-JUL-19 19:26:00,COLORADO,LARIMER,LOVELAND,Hail,1.75,,Public,40.39,-105.03,137382,824818,,13.682,2019,StormEvents_details-ftp_v1.0_d2019_c20260323.csv.gz,https://www.ncei.noaa.gov/pub/data/swdi/stormevents/csvfiles/StormEvents_details-ftp_v1.0_d2019_c20260323.csv.gz,https://www.ncdc.noaa.gov/stormevents/eventdetails.jsp?id=824818
2019,July,05-JUL-19 19:27:00,05-JUL-19 19:27:00,COLORADO,LARIMER,LOVELAND,Hail,1.25,,Trained Spotter,40.4,-105.03,137382,824820,,13.609,2019,StormEvents_details-ftp_v1.0_d2019_c20260323.csv.gz,https://www.ncei.noaa.gov/pub/data/swdi/stormevents/csvfiles/StormEvents_details-ftp_v1.0_d2019_c20260323.csv.gz,https://www.ncdc.noaa.gov/stormevents/eventdetails.jsp?id=824820
2019,July,05-JUL-19 19:28:00,05-JUL-19 19:28:00,COLORADO,BOULDER,LONGMONT,Hail,1.25,,Trained Spotter,40.2,-105.11,137382,824822,,23.214,2019,StormEvents_details-ftp_v1.0_d2019_c20260323.csv.gz,https://www.ncei.noaa.gov/pub/data/swdi/stormevents/csvfiles/StormEvents_details-ftp_v1.0_d2019_c20260323.csv.gz,https://www.ncdc.noaa.gov/stormevents/eventdetails.jsp?id=824822
2019,July,05-JUL-19 19:34:00,05-JUL-19 19:34:00,COLORADO,BOULDER,HYGIENE,Hail,1.25,,Trained Spotter,40.21,-105.14,137382,824824,,24.031,2019,StormEvents_details-ftp_v1.0_d2019_c20260323.csv.gz,https://www.ncei.noaa.gov/pub/data/swdi/stormevents/csvfiles/StormEvents_details-ftp_v1.0_d2019_c20260323.csv.gz,https://www.ncdc.noaa.gov/stormevents/eventdetails.jsp?id=824824
2019,July,05-JUL-19 19:37:00,05-JUL-19 19:37:00,COLORADO,BOULDER,LONGMONT,Hail,1,,Public,40.18,-105.1,137382,824825,,23.74,2019,StormEvents_details-ftp_v1.0_d2019_c20260323.csv.gz,https://www.ncei.noaa.gov/pub/data/swdi/stormevents/csvfiles/StormEvents_details-ftp_v1.0_d2019_c20260323.csv.gz,https://www.ncdc.noaa.gov/stormevents/eventdetails.jsp?id=824825
2019,July,05-JUL-19 19:47:00,05-JUL-19 19:47:00,COLORADO,WELD,WINDSOR,Hail,1.5,,Public,40.45,-104.92,137382,824827,,8.13,2019,StormEvents_details-ftp_v1.0_d2019_c20260323.csv.gz,https://www.ncei.noaa.gov/pub/data/swdi/stormevents/csvfiles/StormEvents_details-ftp_v1.0_d2019_c20260323.csv.gz,https://www.ncdc.noaa.gov/stormevents/eventdetails.jsp?id=824827
2019,July,05-JUL-19 19:50:00,05-JUL-19 19:50:00,COLORADO,WELD,WINDSOR,Hail,2,,Public,40.47,-104.91,137382,824828,,8.163,2019,StormEvents_details-ftp_v1.0_d2019_c20260323.csv.gz,https://www.ncei.noaa.gov/pub/data/swdi/stormevents/csvfiles/StormEvents_details-ftp_v1.0_d2019_c20260323.csv.gz,https://www.ncdc.noaa.gov/stormevents/eventdetails.jsp?id=824828
2019,July,05-JUL-19 19:52:00,05-JUL-19 19:52:00,COLORADO,LARIMER,FT COLLINS/LOVELAND,Hail,1,,Trained Spotter,40.47,-105,137382,824829,,12.556,2019,StormEvents_details-ftp_v1.0_d2019_c20260323.csv.gz,https://www.ncei.noaa.gov/pub/data/swdi/stormevents/csvfiles/StormEvents_details-ftp_v1.0_d2019_c20260323.csv.gz,https://www.ncdc.noaa.gov/stormevents/eventdetails.jsp?id=824829
2019,July,05-JUL-19 20:05:00,05-JUL-19 20:05:00,COLORADO,LARIMER,LOVELAND,Hail,1,,Trained Spotter,40.42,-105.07,137382,824831,,15.671,2019,StormEvents_details-ftp_v1.0_d2019_c20260323.csv.gz,https://www.ncei.noaa.gov/pub/data/swdi/stormevents/csvfiles/StormEvents_details-ftp_v1.0_d2019_c20260323.csv.gz,https://www.ncdc.noaa.gov/stormevents/eventdetails.jsp?id=824831
2019,July,05-JUL-19 20:09:00,05-JUL-19 20:09:00,COLORADO,LARIMER,HARMONY,Hail,1.5,,Public,40.46,-105.07,137382,824832,,15.96,2019,StormEvents_details-ftp_v1.0_d2019_c20260323.csv.gz,https://www.ncei.noaa.gov/pub/data/swdi/stormevents/csvfiles/StormEvents_details-ftp_v1.0_d2019_c20260323.csv.gz,https://www.ncdc.noaa.gov/stormevents/eventdetails.jsp?id=824832
2019,July,05-JUL-19 20:13:00,05-JUL-19 20:13:00,COLORADO,LARIMER,HARMONY,Hail,1,,Trained Spotter,40.48,-105.08,137382,824833,,16.786,2019,StormEvents_details-ftp_v1.0_d2019_c20260323.csv.gz,https://www.ncei.noaa.gov/pub/data/swdi/stormevents/csvfiles/StormEvents_details-ftp_v1.0_d2019_c20260323.csv.gz,https://www.ncdc.noaa.gov/stormevents/eventdetails.jsp?id=824833
2019,July,05-JUL-19 20:14:00,05-JUL-19 20:14:00,COLORADO,LARIMER,HARMONY,Hail,1.5,,Trained Spotter,40.49,-105.06,137382,824834,,15.982,2019,StormEvents_details-ftp_v1.0_d2019_c20260323.csv.gz,https://www.ncei.noaa.gov/pub/data/swdi/stormevents/csvfiles/StormEvents_details-ftp_v1.0_d2019_c20260323.csv.gz,https://www.ncdc.noaa.gov/stormevents/eventdetails.jsp?id=824834
2019,July,05-JUL-19 20:20:00,05-JUL-19 20:20:00,COLORADO,LARIMER,DRAKES,Hail,1.75,,Trained Spotter,40.52,-105.04,137382,824836,,15.818,2019,StormEvents_details-ftp_v1.0_d2019_c20260323.csv.gz,https://www.ncei.noaa.gov/pub/data/swdi/stormevents/csvfiles/StormEvents_details-ftp_v1.0_d2019_c20260323.csv.gz,https://www.ncdc.noaa.gov/stormevents/eventdetails.jsp?id=824836
2019,July,05-JUL-19 20:20:00,05-JUL-19 20:20:00,COLORADO,LARIMER,DRAKES,Hail,1,,CoCoRaHS,40.56,-105.06,137382,824839,,18.118,2019,StormEvents_details-ftp_v1.0_d2019_c20260323.csv.gz,https://www.ncei.noaa.gov/pub/data/swdi/stormevents/csvfiles/StormEvents_details-ftp_v1.0_d2019_c20260323.csv.gz,https://www.ncdc.noaa.gov/stormevents/eventdetails.jsp?id=824839
2019,July,05-JUL-19 20:21:00,05-JUL-19 20:21:00,COLORADO,LARIMER,FT COLLINS,Hail,1.5,,CoCoRaHS,40.57,-105.05,137382,824841,,18.079,2019,StormEvents_details-ftp_v1.0_d2019_c20260323.csv.gz,https://www.ncei.noaa.gov/pub/data/swdi/stormevents/csvfiles/StormEvents_details-ftp_v1.0_d2019_c20260323.csv.gz,https://www.ncdc.noaa.gov/stormevents/eventdetails.jsp?id=824841
2019,July,05-JUL-19 20:28:00,05-JUL-19 20:28:00,COLORADO,LARIMER,DRAKES,Hail,1,,Trained Spotter,40.55,-105.09,137382,824842,,19.109,2019,StormEvents_details-ftp_v1.0_d2019_c20260323.csv.gz,https://www.ncei.noaa.gov/pub/data/swdi/stormevents/csvfiles/StormEvents_details-ftp_v1.0_d2019_c20260323.csv.gz,https://www.ncdc.noaa.gov/stormevents/eventdetails.jsp?id=824842
2019,July,05-JUL-19 20:30:00,05-JUL-19 20:30:00,COLORADO,LARIMER,FT COLLINS,Hail,1.5,,Trained Spotter,40.57,-105.05,137382,824845,,18.079,2019,StormEvents_details-ftp_v1.0_d2019_c20260323.csv.gz,https://www.ncei.noaa.gov/pub/data/swdi/stormevents/csvfiles/StormEvents_details-ftp_v1.0_d2019_c20260323.csv.gz,https://www.ncdc.noaa.gov/stormevents/eventdetails.jsp?id=824845
2019,July,05-JUL-19 20:32:00,05-JUL-19 20:32:00,COLORADO,LARIMER,DRAKES,Hail,1.5,,Trained Spotter,40.51,-105.07,137382,824847,,16.96,2019,StormEvents_details-ftp_v1.0_d2019_c20260323.csv.gz,https://www.ncei.noaa.gov/pub/data/swdi/stormevents/csvfiles/StormEvents_details-ftp_v1.0_d2019_c20260323.csv.gz,https://www.ncdc.noaa.gov/stormevents/eventdetails.jsp?id=824847
2019,July,05-JUL-19 20:38:00,05-JUL-19 20:38:00,COLORADO,LARIMER,FT COLLINS,Hail,1,,Public,40.58,-105.02,137382,824849,,17.277,2019,StormEvents_details-ftp_v1.0_d2019_c20260323.csv.gz,https://www.ncei.noaa.gov/pub/data/swdi/stormevents/csvfiles/StormEvents_details-ftp_v1.0_d2019_c20260323.csv.gz,https://www.ncdc.noaa.gov/stormevents/eventdetails.jsp?id=824849
2019,July,05-JUL-19 20:40:00,05-JUL-19 20:40:00,COLORADO,LARIMER,FT COLLINS,Hail,1,,CoCoRaHS,40.61,-105.04,137382,824850,,19.449,2019,StormEvents_details-ftp_v1.0_d2019_c20260323.csv.gz,https://www.ncei.noaa.gov/pub/data/swdi/stormevents/csvfiles/StormEvents_details-ftp_v1.0_d2019_c20260323.csv.gz,https://www.ncdc.noaa.gov/stormevents/eventdetails.jsp?id=824850
2019,July,07-JUL-19 17:02:00,07-JUL-19 17:02:00,COLORADO,BOULDER,LOUISVILLE,Hail,0.75,,Amateur Radio,39.98,-105.15,138765,834431,,36.107,2019,StormEvents_details-ftp_v1.0_d2019_c20260323.csv.gz,https://www.ncei.noaa.gov/pub/data/swdi/stormevents/csvfiles/StormEvents_details-ftp_v1.0_d2019_c20260323.csv.gz,https://www.ncdc.noaa.gov/stormevents/eventdetails.jsp?id=834431
2019,July,07-JUL-19 17:05:00,07-JUL-19 17:05:00,COLORADO,BOULDER,LOUISVILLE,Hail,0.75,,Public,40,-105.12,138765,834432,,34.084,2019,StormEvents_details-ftp_v1.0_d2019_c20260323.csv.gz,https://www.ncei.noaa.gov/pub/data/swdi/stormevents/csvfiles/StormEvents_details-ftp_v1.0_d2019_c20260323.csv.gz,https://www.ncdc.noaa.gov/stormevents/eventdetails.jsp?id=834432
2019,June,07-JUN-19 14:30:00,07-JUN-19 14:30:00,COLORADO,MORGAN,GOODRICH,Hail,0.88,,Trained Spotter,40.3,-104.06,136382,818461,The hail accumulated up to 2 inches deep on the roadway.,38.337,2019,StormEvents_details-ftp_v1.0_d2019_c20260323.csv.gz,https://www.ncei.noaa.gov/pub/data/swdi/stormevents/csvfiles/StormEvents_details-ftp_v1.0_d2019_c20260323.csv.gz,https://www.ncdc.noaa.gov/stormevents/eventdetails.jsp?id=818461
2019,June,07-JUN-19 14:44:00,07-JUN-19 14:44:00,COLORADO,WELD,BUCKINGHAM,Hail,1.25,,Storm Chaser,40.6,-103.88,136382,818462,,48.567,2019,StormEvents_details-ftp_v1.0_d2019_c20260323.csv.gz,https://www.ncei.noaa.gov/pub/data/swdi/stormevents/csvfiles/StormEvents_details-ftp_v1.0_d2019_c20260323.csv.gz,https://www.ncdc.noaa.gov/stormevents/eventdetails.jsp?id=818462
2019,June,07-JUN-19 14:48:00,07-JUN-19 14:48:00,COLORADO,MORGAN,WELDONA,Hail,1,,Trained Spotter,40.52,-103.88,136382,818464,,47.446,2019,StormEvents_details-ftp_v1.0_d2019_c20260323.csv.gz,https://www.ncei.noaa.gov/pub/data/swdi/stormevents/csvfiles/StormEvents_details-ftp_v1.0_d2019_c20260323.csv.gz,https://www.ncdc.noaa.gov/stormevents/eventdetails.jsp?id=818464
2019,July,08-JUL-19 18:16:00,08-JUL-19 18:16:00,COLORADO,WELD,ERIE,Hail,0.75,,Trained Spotter,40.04,-105.04,138053,834382,,29.552,2019,StormEvents_details-ftp_v1.0_d2019_c20260323.csv.gz,https://www.ncei.noaa.gov/pub/data/swdi/stormevents/csvfiles/StormEvents_details-ftp_v1.0_d2019_c20260323.csv.gz,https://www.ncdc.noaa.gov/stormevents/eventdetails.jsp?id=834382
2019,July,08-JUL-19 18:29:00,08-JUL-19 18:29:00,COLORADO,WELD,DACONO,Hail,1,,Trained Spotter,40.08,-104.94,138053,834383,,24.824,2019,StormEvents_details-ftp_v1.0_d2019_c20260323.csv.gz,https://www.ncei.noaa.gov/pub/data/swdi/stormevents/csvfiles/StormEvents_details-ftp_v1.0_d2019_c20260323.csv.gz,https://www.ncdc.noaa.gov/stormevents/eventdetails.jsp?id=834383
2019,June,08-JUN-19 14:13:00,08-JUN-19 14:16:00,WYOMING,LARAMIE,SOUTH GREELEY,Hail,1,,NWS Employee,41.1153,-104.8073,136353,818347,,48.375,2019,StormEvents_details-ftp_v1.0_d2019_c20260323.csv.gz,https://www.ncei.noaa.gov/pub/data/swdi/stormevents/csvfiles/StormEvents_details-ftp_v1.0_d2019_c20260323.csv.gz,https://www.ncdc.noaa.gov/stormevents/eventdetails.jsp?id=818347
2019,June,08-JUN-19 14:15:00,08-JUN-19 14:15:00,WYOMING,LARAMIE,SOUTH GREELEY,Hail,0.88,,Trained Spotter,41.11,-104.75,136353,818348,,47.988,2019,StormEvents_details-ftp_v1.0_d2019_c20260323.csv.gz,https://www.ncei.noaa.gov/pub/data/swdi/stormevents/csvfiles/StormEvents_details-ftp_v1.0_d2019_c20260323.csv.gz,https://www.ncdc.noaa.gov/stormevents/eventdetails.jsp?id=818348
2019,June,08-JUN-19 14:17:00,08-JUN-19 14:17:00,WYOMING,LARAMIE,ORCHARD VALLY,Hail,0.75,,NWS Employee,41.0995,-104.8505,136353,818366,,47.426,2019,StormEvents_details-ftp_v1.0_d2019_c20260323.csv.gz,https://www.ncei.noaa.gov/pub/data/swdi/stormevents/csvfiles/StormEvents_details-ftp_v1.0_d2019_c20260323.csv.gz,https://www.ncdc.noaa.gov/stormevents/eventdetails.jsp?id=818366
2019,June,08-JUN-19 14:20:00,08-JUN-19 14:20:00,WYOMING,LARAMIE,SOUTH GREELEY,Hail,1.75,,Emergency Manager,41.12,-104.79,136353,818351,,48.674,2019,StormEvents_details-ftp_v1.0_d2019_c20260323.csv.gz,https://www.ncei.noaa.gov/pub/data/swdi/stormevents/csvfiles/StormEvents_details-ftp_v1.0_d2019_c20260323.csv.gz,https://www.ncdc.noaa.gov/stormevents/eventdetails.jsp?id=818351
2019,June,08-JUN-19 14:40:00,08-JUN-19 14:40:00,COLORADO,BOULDER,BOULDER ARPT,Hail,0.75,,Trained Spotter,40.03,-105.16,136384,818472,,33.596,2019,StormEvents_details-ftp_v1.0_d2019_c20260323.csv.gz,https://www.ncei.noaa.gov/pub/data/swdi/stormevents/csvfiles/StormEvents_details-ftp_v1.0_d2019_c20260323.csv.gz,https://www.ncdc.noaa.gov/stormevents/eventdetails.jsp?id=818472
2019,June,08-JUN-19 14:50:00,08-JUN-19 14:50:00,COLORADO,BOULDER,LOUISVILLE,Hail,1,,Trained Spotter,39.97,-105.1,136384,818473,,35.321,2019,StormEvents_details-ftp_v1.0_d2019_c20260323.csv.gz,https://www.ncei.noaa.gov/pub/data/swdi/stormevents/csvfiles/StormEvents_details-ftp_v1.0_d2019_c20260323.csv.gz,https://www.ncdc.noaa.gov/stormevents/eventdetails.jsp?id=818473
2019,June,08-JUN-19 14:55:00,08-JUN-19 14:55:00,COLORADO,BROOMFIELD,BROOMFIELD,Hail,1.25,,Public,40,-105.04,136384,818474,,32.009,2019,StormEvents_details-ftp_v1.0_d2019_c20260323.csv.gz,https://www.ncei.noaa.gov/pub/data/swdi/stormevents/csvfiles/StormEvents_details-ftp_v1.0_d2019_c20260323.csv.gz,https://www.ncdc.noaa.gov/stormevents/eventdetails.jsp?id=818474
2019,June,08-JUN-19 14:58:00,08-JUN-19 14:58:00,COLORADO,BOULDER,LOUISVILLE,Hail,1,,Trained Spotter,39.97,-105.14,136384,818475,,36.402,2019,StormEvents_details-ftp_v1.0_d2019_c20260323.csv.gz,https://www.ncei.noaa.gov/pub/data/swdi/stormevents/csvfiles/StormEvents_details-ftp_v1.0_d2019_c20260323.csv.gz,https://www.ncdc.noaa.gov/stormevents/eventdetails.jsp?id=818475
2019,June,08-JUN-19 15:00:00,08-JUN-19 15:00:00,COLORADO,BOULDER,LAFAYETTE,Hail,0.88,,Trained Spotter,39.98,-105.08,136384,818476,,34.206,2019,StormEvents_details-ftp_v1.0_d2019_c20260323.csv.gz,https://www.ncei.noaa.gov/pub/data/swdi/stormevents/csvfiles/StormEvents_details-ftp_v1.0_d2019_c20260323.csv.gz,https://www.ncdc.noaa.gov/stormevents/eventdetails.jsp?id=818476
2019,June,08-JUN-19 15:25:00,08-JUN-19 15:25:00,COLORADO,BROOMFIELD,BROOMFIELD,Hail,1,,Trained Spotter,39.94,-105.02,136384,818477,,35.374,2019,StormEvents_details-ftp_v1.0_d2019_c20260323.csv.gz,https://www.ncei.noaa.gov/pub/data/swdi/stormevents/csvfiles/StormEvents_details-ftp_v1.0_d2019_c20260323.csv.gz,https://www.ncdc.noaa.gov/stormevents/eventdetails.jsp?id=818477
2019,June,08-JUN-19 15:37:00,08-JUN-19 15:37:00,COLORADO,BROOMFIELD,BROOMFIELD,Hail,0.88,,Trained Spotter,39.92,-105.02,136384,818478,,36.662,2019,StormEvents_details-ftp_v1.0_d2019_c20260323.csv.gz,https://www.ncei.noaa.gov/pub/data/swdi/stormevents/csvfiles/StormEvents_details-ftp_v1.0_d2019_c20260323.csv.gz,https://www.ncdc.noaa.gov/stormevents/eventdetails.jsp?id=818478
2019,June,08-JUN-19 15:55:00,08-JUN-19 15:55:00,COLORADO,ADAMS,HENDERSON,Hail,1,,Trained Spotter,39.94,-104.85,136384,818479,,33.121,2019,StormEvents_details-ftp_v1.0_d2019_c20260323.csv.gz,https://www.ncei.noaa.gov/pub/data/swdi/stormevents/csvfiles/StormEvents_details-ftp_v1.0_d2019_c20260323.csv.gz,https://www.ncdc.noaa.gov/stormevents/eventdetails.jsp?id=818479
2019,June,08-JUN-19 16:05:00,08-JUN-19 16:05:00,COLORADO,ADAMS,BARR LAKE,Hail,1,,Trained Spotter,39.91,-104.77,136384,818485,,34.938,2019,StormEvents_details-ftp_v1.0_d2019_c20260323.csv.gz,https://www.ncei.noaa.gov/pub/data/swdi/stormevents/csvfiles/StormEvents_details-ftp_v1.0_d2019_c20260323.csv.gz,https://www.ncdc.noaa.gov/stormevents/eventdetails.jsp?id=818485
2019,June,08-JUN-19 16:11:00,08-JUN-19 16:11:00,COLORADO,WELD,ERIE,Hail,1.5,,Public,40.03,-105.05,136384,818489,,30.412,2019,StormEvents_details-ftp_v1.0_d2019_c20260323.csv.gz,https://www.ncei.noaa.gov/pub/data/swdi/stormevents/csvfiles/StormEvents_details-ftp_v1.0_d2019_c20260323.csv.gz,https://www.ncdc.noaa.gov/stormevents/eventdetails.jsp?id=818489
2019,June,08-JUN-19 16:15:00,08-JUN-19 16:15:00,COLORADO,ADAMS,BARR LAKE,Hail,1,,Public,39.92,-104.64,136384,818491,,34.95,2019,StormEvents_details-ftp_v1.0_d2019_c20260323.csv.gz,https://www.ncei.noaa.gov/pub/data/swdi/stormevents/csvfiles/StormEvents_details-ftp_v1.0_d2019_c20260323.csv.gz,https://www.ncdc.noaa.gov/stormevents/eventdetails.jsp?id=818491
2019,June,08-JUN-19 16:55:00,08-JUN-19 16:55:00,COLORADO,ARAPAHOE,(BKF)BUCKLEY AIR FORCE BASE,Hail,1,,Trained Spotter,39.7,-104.85,136384,818500,,49.618,2019,StormEvents_details-ftp_v1.0_d2019_c20260323.csv.gz,https://www.ncei.noaa.gov/pub/data/swdi/stormevents/csvfiles/StormEvents_details-ftp_v1.0_d2019_c20260323.csv.gz,https://www.ncdc.noaa.gov/stormevents/eventdetails.jsp?id=818500
2019,June,08-JUN-19 17:00:00,08-JUN-19 17:00:00,COLORADO,WELD,MEAD,Hail,1,,Trained Spotter,40.22,-105.05,136384,818503,,19.925,2019,StormEvents_details-ftp_v1.0_d2019_c20260323.csv.gz,https://www.ncei.noaa.gov/pub/data/swdi/stormevents/csvfiles/StormEvents_details-ftp_v1.0_d2019_c20260323.csv.gz,https://www.ncdc.noaa.gov/stormevents/eventdetails.jsp?id=818503
2019,June,08-JUN-19 17:13:00,08-JUN-19 17:13:00,COLORADO,WELD,MEAD,Hail,1,,Trained Spotter,40.24,-105.01,136384,818506,,17.443,2019,StormEvents_details-ftp_v1.0_d2019_c20260323.csv.gz,https://www.ncei.noaa.gov/pub/data/swdi/stormevents/csvfiles/StormEvents_details-ftp_v1.0_d2019_c20260323.csv.gz,https://www.ncdc.noaa.gov/stormevents/eventdetails.jsp?id=818506
2019,June,08-JUN-19 19:47:00,08-JUN-19 19:47:00,COLORADO,WELD,MEAD,Hail,0.75,,Trained Spotter,40.24,-105.01,136384,818513,,17.443,2019,StormEvents_details-ftp_v1.0_d2019_c20260323.csv.gz,https://www.ncei.noaa.gov/pub/data/swdi/stormevents/csvfiles/StormEvents_details-ftp_v1.0_d2019_c20260323.csv.gz,https://www.ncdc.noaa.gov/stormevents/eventdetails.jsp?id=818513
2019,September,10-SEP-19 01:45:00,10-SEP-19 01:45:00,COLORADO,WELD,NEW RAYMER ARPT,Hail,1.5,,Public,40.53,-103.89,140555,844994,,47.034,2019,StormEvents_details-ftp_v1.0_d2019_c20260323.csv.gz,https://www.ncei.noaa.gov/pub/data/swdi/stormevents/csvfiles/StormEvents_details-ftp_v1.0_d2019_c20260323.csv.gz,https://www.ncdc.noaa.gov/stormevents/eventdetails.jsp?id=844994
2019,September,10-SEP-19 16:50:00,10-SEP-19 16:50:00,COLORADO,WELD,MEAD,Hail,1,,Other Federal Agency,40.16,-105.05,140555,844996,,22.945,2019,StormEvents_details-ftp_v1.0_d2019_c20260323.csv.gz,https://www.ncei.noaa.gov/pub/data/swdi/stormevents/csvfiles/StormEvents_details-ftp_v1.0_d2019_c20260323.csv.gz,https://www.ncdc.noaa.gov/stormevents/eventdetails.jsp?id=844996
2019,September,10-SEP-19 16:50:00,10-SEP-19 16:50:00,COLORADO,BOULDER,LONGMONT,Hail,1,,Trained Spotter,40.16,-105.05,140555,845035,,22.945,2019,StormEvents_details-ftp_v1.0_d2019_c20260323.csv.gz,https://www.ncei.noaa.gov/pub/data/swdi/stormevents/csvfiles/StormEvents_details-ftp_v1.0_d2019_c20260323.csv.gz,https://www.ncdc.noaa.gov/stormevents/eventdetails.jsp?id=845035
2019,September,10-SEP-19 17:00:00,10-SEP-19 17:00:00,COLORADO,WELD,LA SALLE,Hail,1,,Public,40.39,-104.77,140555,844997,,1.777,2019,StormEvents_details-ftp_v1.0_d2019_c20260323.csv.gz,https://www.ncei.noaa.gov/pub/data/swdi/stormevents/csvfiles/StormEvents_details-ftp_v1.0_d2019_c20260323.csv.gz,https://www.ncdc.noaa.gov/stormevents/eventdetails.jsp?id=844997
2019,September,10-SEP-19 17:07:00,10-SEP-19 17:07:00,COLORADO,WELD,GREELEY,Hail,1,,Trained Spotter,40.43,-104.72,140555,844998,,2.917,2019,StormEvents_details-ftp_v1.0_d2019_c20260323.csv.gz,https://www.ncei.noaa.gov/pub/data/swdi/stormevents/csvfiles/StormEvents_details-ftp_v1.0_d2019_c20260323.csv.gz,https://www.ncdc.noaa.gov/stormevents/eventdetails.jsp?id=844998
2019,September,10-SEP-19 17:08:00,10-SEP-19 17:08:00,COLORADO,WELD,LA SALLE,Hail,1,,Trained Spotter,40.38,-104.77,140555,844999,,2.466,2019,StormEvents_details-ftp_v1.0_d2019_c20260323.csv.gz,https://www.ncei.noaa.gov/pub/data/swdi/stormevents/csvfiles/StormEvents_details-ftp_v1.0_d2019_c20260323.csv.gz,https://www.ncdc.noaa.gov/stormevents/eventdetails.jsp?id=844999
2019,September,10-SEP-19 17:24:00,10-SEP-19 17:24:00,COLORADO,WELD,GILL,Hail,1.75,,Trained Spotter,40.44,-104.58,140555,845000,,10.245,2019,StormEvents_details-ftp_v1.0_d2019_c20260323.csv.gz,https://www.ncei.noaa.gov/pub/data/swdi/stormevents/csvfiles/StormEvents_details-ftp_v1.0_d2019_c20260323.csv.gz,https://www.ncdc.noaa.gov/stormevents/eventdetails.jsp?id=845000
2019,September,10-SEP-19 17:26:00,10-SEP-19 17:26:00,COLORADO,WELD,GILL,Hail,1,,Trained Spotter,40.48,-104.54,140555,845001,,12.991,2019,StormEvents_details-ftp_v1.0_d2019_c20260323.csv.gz,https://www.ncei.noaa.gov/pub/data/swdi/stormevents/csvfiles/StormEvents_details-ftp_v1.0_d2019_c20260323.csv.gz,https://www.ncdc.noaa.gov/stormevents/eventdetails.jsp?id=845001
2019,September,10-SEP-19 17:30:00,10-SEP-19 17:30:00,COLORADO,WELD,GILL,Hail,1.75,,Broadcast Media,40.45,-104.55,140555,845002,,11.922,2019,StormEvents_details-ftp_v1.0_d2019_c20260323.csv.gz,https://www.ncei.noaa.gov/pub/data/swdi/stormevents/csvfiles/StormEvents_details-ftp_v1.0_d2019_c20260323.csv.gz,https://www.ncdc.noaa.gov/stormevents/eventdetails.jsp?id=845002
2019,September,10-SEP-19 17:30:00,10-SEP-19 17:30:00,COLORADO,WELD,GILL,Hail,2,,Public,40.46,-104.53,140555,845003,,13.098,2019,StormEvents_details-ftp_v1.0_d2019_c20260323.csv.gz,https://www.ncei.noaa.gov/pub/data/swdi/stormevents/csvfiles/StormEvents_details-ftp_v1.0_d2019_c20260323.csv.gz,https://www.ncdc.noaa.gov/stormevents/eventdetails.jsp?id=845003
2019,September,10-SEP-19 17:36:00,10-SEP-19 17:36:00,COLORADO,WELD,GALETON,Hail,1,,Public,40.52,-104.52,140555,845004,,15.088,2019,StormEvents_details-ftp_v1.0_d2019_c20260323.csv.gz,https://www.ncei.noaa.gov/pub/data/swdi/stormevents/csvfiles/StormEvents_details-ftp_v1.0_d2019_c20260323.csv.gz,https://www.ncdc.noaa.gov/stormevents/eventdetails.jsp?id=845004
2019,September,11-SEP-19 15:27:00,11-SEP-19 15:27:00,COLORADO,BOULDER,LONGMONT MUNI ARPT,Hail,1,,Trained Spotter,40.14,-105.15,140556,844822,,27.558,2019,StormEvents_details-ftp_v1.0_d2019_c20260323.csv.gz,https://www.ncei.noaa.gov/pub/data/swdi/stormevents/csvfiles/StormEvents_details-ftp_v1.0_d2019_c20260323.csv.gz,https://www.ncdc.noaa.gov/stormevents/eventdetails.jsp?id=844822
2019,September,11-SEP-19 15:27:00,11-SEP-19 15:27:00,COLORADO,BOULDER,LONGMONT,Hail,1.5,,Trained Spotter,40.21,-105.11,140556,844823,,22.776,2019,StormEvents_details-ftp_v1.0_d2019_c20260323.csv.gz,https://www.ncei.noaa.gov/pub/data/swdi/stormevents/csvfiles/StormEvents_details-ftp_v1.0_d2019_c20260323.csv.gz,https://www.ncdc.noaa.gov/stormevents/eventdetails.jsp?id=844823
2019,September,11-SEP-19 15:28:00,11-SEP-19 15:28:00,COLORADO,BOULDER,LONGMONT,Hail,1,,Trained Spotter,40.18,-105.11,140556,844824,,24.127,2019,StormEvents_details-ftp_v1.0_d2019_c20260323.csv.gz,https://www.ncei.noaa.gov/pub/data/swdi/stormevents/csvfiles/StormEvents_details-ftp_v1.0_d2019_c20260323.csv.gz,https://www.ncdc.noaa.gov/stormevents/eventdetails.jsp?id=844824
2019,September,11-SEP-19 15:30:00,11-SEP-19 15:30:00,COLORADO,BOULDER,LONGMONT,Hail,1,,Trained Spotter,40.19,-105.11,140556,844825,,23.665,2019,StormEvents_details-ftp_v1.0_d2019_c20260323.csv.gz,https://www.ncei.noaa.gov/pub/data/swdi/stormevents/csvfiles/StormEvents_details-ftp_v1.0_d2019_c20260323.csv.gz,https://www.ncdc.noaa.gov/stormevents/eventdetails.jsp?id=844825
2019,September,11-SEP-19 15:34:00,11-SEP-19 15:34:00,COLORADO,BOULDER,LONGMONT,Hail,1,,Trained Spotter,40.18,-105.13,140556,844826,,24.914,2019,StormEvents_details-ftp_v1.0_d2019_c20260323.csv.gz,https://www.ncei.noaa.gov/pub/data/swdi/stormevents/csvfiles/StormEvents_details-ftp_v1.0_d2019_c20260323.csv.gz,https://www.ncdc.noaa.gov/stormevents/eventdetails.jsp?id=844826
2019,September,11-SEP-19 15:37:00,11-SEP-19 15:37:00,COLORADO,BOULDER,LONGMONT,Hail,1.25,,Trained Spotter,40.19,-105.12,140556,844827,,24.064,2019,StormEvents_details-ftp_v1.0_d2019_c20260323.csv.gz,https://www.ncei.noaa.gov/pub/data/swdi/stormevents/csvfiles/StormEvents_details-ftp_v1.0_d2019_c20260323.csv.gz,https://www.ncdc.noaa.gov/stormevents/eventdetails.jsp?id=844827
2019,September,11-SEP-19 16:03:00,11-SEP-19 16:03:00,COLORADO,WELD,JOHNSTOWN,Hail,1,,Public,40.35,-104.87,140556,844828,,6.863,2019,StormEvents_details-ftp_v1.0_d2019_c20260323.csv.gz,https://www.ncei.noaa.gov/pub/data/swdi/stormevents/csvfiles/StormEvents_details-ftp_v1.0_d2019_c20260323.csv.gz,https://www.ncdc.noaa.gov/stormevents/eventdetails.jsp?id=844828
2019,September,11-SEP-19 16:05:00,11-SEP-19 16:05:00,COLORADO,WELD,JOHNSTOWN,Hail,1.25,,Public,40.36,-104.87,140556,844829,"The hail shredded leaves, dented a car and damaged shingles.",6.427,2019,StormEvents_details-ftp_v1.0_d2019_c20260323.csv.gz,https://www.ncei.noaa.gov/pub/data/swdi/stormevents/csvfiles/StormEvents_details-ftp_v1.0_d2019_c20260323.csv.gz,https://www.ncdc.noaa.gov/stormevents/eventdetails.jsp?id=844829
2019,September,11-SEP-19 16:06:00,11-SEP-19 16:06:00,COLORADO,WELD,GREELEY,Hail,1.25,,Public,40.41,-104.79,140556,844830,,1.017,2019,StormEvents_details-ftp_v1.0_d2019_c20260323.csv.gz,https://www.ncei.noaa.gov/pub/data/swdi/stormevents/csvfiles/StormEvents_details-ftp_v1.0_d2019_c20260323.csv.gz,https://www.ncdc.noaa.gov/stormevents/eventdetails.jsp?id=844830
2019,September,11-SEP-19 16:10:00,11-SEP-19 16:10:00,COLORADO,WELD,GREELEY,Hail,1,,Trained Spotter,40.43,-104.76,140556,844831,,1.179,2019,StormEvents_details-ftp_v1.0_d2019_c20260323.csv.gz,https://www.ncei.noaa.gov/pub/data/swdi/stormevents/csvfiles/StormEvents_details-ftp_v1.0_d2019_c20260323.csv.gz,https://www.ncdc.noaa.gov/stormevents/eventdetails.jsp?id=844831
2019,September,11-SEP-19 16:12:00,11-SEP-19 16:12:00,COLORADO,WELD,GREELEY,Hail,1,,Trained Spotter,40.43,-104.76,140556,844832,,1.179,2019,StormEvents_details-ftp_v1.0_d2019_c20260323.csv.gz,https://www.ncei.noaa.gov/pub/data/swdi/stormevents/csvfiles/StormEvents_details-ftp_v1.0_d2019_c20260323.csv.gz,https://www.ncdc.noaa.gov/stormevents/eventdetails.jsp?id=844832
2019,September,11-SEP-19 16:17:00,11-SEP-19 16:17:00,COLORADO,WELD,GREELEY,Hail,1,,Trained Spotter,40.4,-104.69,140556,844833,,4.455,2019,StormEvents_details-ftp_v1.0_d2019_c20260323.csv.gz,https://www.ncei.noaa.gov/pub/data/swdi/stormevents/csvfiles/StormEvents_details-ftp_v1.0_d2019_c20260323.csv.gz,https://www.ncdc.noaa.gov/stormevents/eventdetails.jsp?id=844833
2019,September,11-SEP-19 16:20:00,11-SEP-19 16:20:00,COLORADO,WELD,GREELEY,Hail,1.25,,Trained Spotter,40.43,-104.76,140556,844834,,1.179,2019,StormEvents_details-ftp_v1.0_d2019_c20260323.csv.gz,https://www.ncei.noaa.gov/pub/data/swdi/stormevents/csvfiles/StormEvents_details-ftp_v1.0_d2019_c20260323.csv.gz,https://www.ncdc.noaa.gov/stormevents/eventdetails.jsp?id=844834
2019,September,11-SEP-19 16:22:00,11-SEP-19 16:22:00,COLORADO,WELD,GREELEY,Hail,1.75,,Trained Spotter,40.43,-104.73,140556,844835,,2.428,2019,StormEvents_details-ftp_v1.0_d2019_c20260323.csv.gz,https://www.ncei.noaa.gov/pub/data/swdi/stormevents/csvfiles/StormEvents_details-ftp_v1.0_d2019_c20260323.csv.gz,https://www.ncdc.noaa.gov/stormevents/eventdetails.jsp?id=844835
2019,September,11-SEP-19 16:26:00,11-SEP-19 16:26:00,COLORADO,WELD,GREELEY,Hail,1.5,,Trained Spotter,40.41,-104.72,140556,844836,,2.771,2019,StormEvents_details-ftp_v1.0_d2019_c20260323.csv.gz,https://www.ncei.noaa.gov/pub/data/swdi/stormevents/csvfiles/StormEvents_details-ftp_v1.0_d2019_c20260323.csv.gz,https://www.ncdc.noaa.gov/stormevents/eventdetails.jsp?id=844836
2019,September,11-SEP-19 16:56:00,11-SEP-19 16:56:00,COLORADO,WELD,FIRESTONE,Hail,1,,Trained Spotter,40.16,-104.99,140556,844837,,21.068,2019,StormEvents_details-ftp_v1.0_d2019_c20260323.csv.gz,https://www.ncei.noaa.gov/pub/data/swdi/stormevents/csvfiles/StormEvents_details-ftp_v1.0_d2019_c20260323.csv.gz,https://www.ncdc.noaa.gov/stormevents/eventdetails.jsp?id=844837
2019,September,11-SEP-19 16:57:00,11-SEP-19 16:57:00,COLORADO,WELD,FIRESTONE,Hail,1,,Trained Spotter,40.11,-104.94,140556,844838,,22.898,2019,StormEvents_details-ftp_v1.0_d2019_c20260323.csv.gz,https://www.ncei.noaa.gov/pub/data/swdi/stormevents/csvfiles/StormEvents_details-ftp_v1.0_d2019_c20260323.csv.gz,https://www.ncdc.noaa.gov/stormevents/eventdetails.jsp?id=844838
2019,September,11-SEP-19 17:00:00,11-SEP-19 17:00:00,COLORADO,WELD,FIRESTONE,Hail,1,,NWS Employee,40.12,-104.96,140556,844839,,22.702,2019,StormEvents_details-ftp_v1.0_d2019_c20260323.csv.gz,https://www.ncei.noaa.gov/pub/data/swdi/stormevents/csvfiles/StormEvents_details-ftp_v1.0_d2019_c20260323.csv.gz,https://www.ncdc.noaa.gov/stormevents/eventdetails.jsp?id=844839
2019,September,11-SEP-19 17:05:00,11-SEP-19 17:05:00,COLORADO,BOULDER,LOUISVILLE,Hail,1,,Amateur Radio,39.99,-105.14,140556,844840,,35.239,2019,StormEvents_details-ftp_v1.0_d2019_c20260323.csv.gz,https://www.ncei.noaa.gov/pub/data/swdi/stormevents/csvfiles/StormEvents_details-ftp_v1.0_d2019_c20260323.csv.gz,https://www.ncdc.noaa.gov/stormevents/eventdetails.jsp?id=844840
2019,September,11-SEP-19 17:10:00,11-SEP-19 17:10:00,COLORADO,BOULDER,LAFAYETTE,Hail,1.5,,Trained Spotter,40.04,-105.08,140556,844841,,30.617,2019,StormEvents_details-ftp_v1.0_d2019_c20260323.csv.gz,https://www.ncei.noaa.gov/pub/data/swdi/stormevents/csvfiles/StormEvents_details-ftp_v1.0_d2019_c20260323.csv.gz,https://www.ncdc.noaa.gov/stormevents/eventdetails.jsp?id=844841
2019,September,11-SEP-19 17:11:00,11-SEP-19 17:11:00,COLORADO,WELD,FIRESTONE,Hail,1,,Trained Spotter,40.15,-104.95,140556,844842,,20.611,2019,StormEvents_details-ftp_v1.0_d2019_c20260323.csv.gz,https://www.ncei.noaa.gov/pub/data/swdi/stormevents/csvfiles/StormEvents_details-ftp_v1.0_d2019_c20260323.csv.gz,https://www.ncdc.noaa.gov/stormevents/eventdetails.jsp?id=844842
2019,September,11-SEP-19 17:13:00,11-SEP-19 17:13:00,COLORADO,WELD,ERIE,Hail,1,,Trained Spotter,40.05,-105.03,140556,844843,,28.693,2019,StormEvents_details-ftp_v1.0_d2019_c20260323.csv.gz,https://www.ncei.noaa.gov/pub/data/swdi/stormevents/csvfiles/StormEvents_details-ftp_v1.0_d2019_c20260323.csv.gz,https://www.ncdc.noaa.gov/stormevents/eventdetails.jsp?id=844843
2019,September,11-SEP-19 17:14:00,11-SEP-19 17:14:00,COLORADO,WELD,ERIE,Hail,1,,Trained Spotter,40.05,-105.03,140556,844844,,28.693,2019,StormEvents_details-ftp_v1.0_d2019_c20260323.csv.gz,https://www.ncei.noaa.gov/pub/data/swdi/stormevents/csvfiles/StormEvents_details-ftp_v1.0_d2019_c20260323.csv.gz,https://www.ncdc.noaa.gov/stormevents/eventdetails.jsp?id=844844
2019,September,11-SEP-19 17:17:00,11-SEP-19 17:17:00,COLORADO,MORGAN,WELDONA,Hail,2.75,,Trained Spotter,40.51,-103.93,140556,844845,,44.747,2019,StormEvents_details-ftp_v1.0_d2019_c20260323.csv.gz,https://www.ncei.noaa.gov/pub/data/swdi/stormevents/csvfiles/StormEvents_details-ftp_v1.0_d2019_c20260323.csv.gz,https://www.ncdc.noaa.gov/stormevents/eventdetails.jsp?id=844845
2019,September,11-SEP-19 17:18:00,11-SEP-19 17:18:00,COLORADO,WELD,FIRESTONE,Hail,1.5,,Trained Spotter,40.12,-104.96,140556,844846,,22.702,2019,StormEvents_details-ftp_v1.0_d2019_c20260323.csv.gz,https://www.ncei.noaa.gov/pub/data/swdi/stormevents/csvfiles/StormEvents_details-ftp_v1.0_d2019_c20260323.csv.gz,https://www.ncdc.noaa.gov/stormevents/eventdetails.jsp?id=844846
2019,September,11-SEP-19 17:30:00,11-SEP-19 17:30:00,COLORADO,WELD,BUCKINGHAM,Hail,2.75,,Storm Chaser,40.6,-103.86,140556,844847,,49.582,2019,StormEvents_details-ftp_v1.0_d2019_c20260323.csv.gz,https://www.ncei.noaa.gov/pub/data/swdi/stormevents/csvfiles/StormEvents_details-ftp_v1.0_d2019_c20260323.csv.gz,https://www.ncdc.noaa.gov/stormevents/eventdetails.jsp?id=844847
2019,September,11-SEP-19 18:12:00,11-SEP-19 18:12:00,COLORADO,BOULDER,LAFAYETTE,Hail,1.5,,Trained Spotter,40.04,-105.08,140556,844855,,30.617,2019,StormEvents_details-ftp_v1.0_d2019_c20260323.csv.gz,https://www.ncei.noaa.gov/pub/data/swdi/stormevents/csvfiles/StormEvents_details-ftp_v1.0_d2019_c20260323.csv.gz,https://www.ncdc.noaa.gov/stormevents/eventdetails.jsp?id=844855
2019,August,13-AUG-19 20:44:00,13-AUG-19 20:44:00,COLORADO,BOULDER,LONGMONT MUNI ARPT,Hail,0.88,,Public,40.17,-105.17,139115,836727,,26.976,2019,StormEvents_details-ftp_v1.0_d2019_c20260323.csv.gz,https://www.ncei.noaa.gov/pub/data/swdi/stormevents/csvfiles/StormEvents_details-ftp_v1.0_d2019_c20260323.csv.gz,https://www.ncdc.noaa.gov/stormevents/eventdetails.jsp?id=836727
2019,August,13-AUG-19 21:00:00,13-AUG-19 21:00:00,COLORADO,LARIMER,FT COLLINS/LOVELAND,Hail,1,,Public,40.45,-104.97,139115,836728,,10.672,2019,StormEvents_details-ftp_v1.0_d2019_c20260323.csv.gz,https://www.ncei.noaa.gov/pub/data/swdi/stormevents/csvfiles/StormEvents_details-ftp_v1.0_d2019_c20260323.csv.gz,https://www.ncdc.noaa.gov/stormevents/eventdetails.jsp?id=836728
2019,August,13-AUG-19 21:00:00,13-AUG-19 21:00:00,COLORADO,WELD,WINDSOR,Hail,1,,Trained Spotter,40.48,-104.91,139115,836729,,8.503,2019,StormEvents_details-ftp_v1.0_d2019_c20260323.csv.gz,https://www.ncei.noaa.gov/pub/data/swdi/stormevents/csvfiles/StormEvents_details-ftp_v1.0_d2019_c20260323.csv.gz,https://www.ncdc.noaa.gov/stormevents/eventdetails.jsp?id=836729
2019,August,13-AUG-19 21:23:00,13-AUG-19 21:23:00,COLORADO,WELD,MEAD,Hail,1.25,,Public,40.24,-105.01,139115,836730,,17.443,2019,StormEvents_details-ftp_v1.0_d2019_c20260323.csv.gz,https://www.ncei.noaa.gov/pub/data/swdi/stormevents/csvfiles/StormEvents_details-ftp_v1.0_d2019_c20260323.csv.gz,https://www.ncdc.noaa.gov/stormevents/eventdetails.jsp?id=836730
2019,August,13-AUG-19 21:44:00,13-AUG-19 21:44:00,COLORADO,WELD,FIRESTONE,Hail,1,,Public,40.12,-104.96,139115,836731,,22.702,2019,StormEvents_details-ftp_v1.0_d2019_c20260323.csv.gz,https://www.ncei.noaa.gov/pub/data/swdi/stormevents/csvfiles/StormEvents_details-ftp_v1.0_d2019_c20260323.csv.gz,https://www.ncdc.noaa.gov/stormevents/eventdetails.jsp?id=836731
2019,August,13-AUG-19 21:45:00,13-AUG-19 21:45:00,COLORADO,WELD,FREDERICK,Hail,1,,Trained Spotter,40.09,-104.92,139115,836732,,23.813,2019,StormEvents_details-ftp_v1.0_d2019_c20260323.csv.gz,https://www.ncei.noaa.gov/pub/data/swdi/stormevents/csvfiles/StormEvents_details-ftp_v1.0_d2019_c20260323.csv.gz,https://www.ncdc.noaa.gov/stormevents/eventdetails.jsp?id=836732
2019,August,13-AUG-19 21:46:00,13-AUG-19 21:46:00,COLORADO,WELD,FREDERICK,Hail,1.25,,NWS Employee,40.09,-104.92,139115,836733,,23.813,2019,StormEvents_details-ftp_v1.0_d2019_c20260323.csv.gz,https://www.ncei.noaa.gov/pub/data/swdi/stormevents/csvfiles/StormEvents_details-ftp_v1.0_d2019_c20260323.csv.gz,https://www.ncdc.noaa.gov/stormevents/eventdetails.jsp?id=836733
2019,August,13-AUG-19 21:46:00,13-AUG-19 21:46:00,COLORADO,WELD,FREDERICK,Hail,1.75,,Trained Spotter,40.09,-105,139115,836734,,25.508,2019,StormEvents_details-ftp_v1.0_d2019_c20260323.csv.gz,https://www.ncei.noaa.gov/pub/data/swdi/stormevents/csvfiles/StormEvents_details-ftp_v1.0_d2019_c20260323.csv.gz,https://www.ncdc.noaa.gov/stormevents/eventdetails.jsp?id=836734
2019,August,13-AUG-19 21:56:00,13-AUG-19 21:56:00,COLORADO,WELD,FREDERICK,Hail,1,,Emergency Manager,40.09,-104.94,139115,836735,,24.179,2019,StormEvents_details-ftp_v1.0_d2019_c20260323.csv.gz,https://www.ncei.noaa.gov/pub/data/swdi/stormevents/csvfiles/StormEvents_details-ftp_v1.0_d2019_c20260323.csv.gz,https://www.ncdc.noaa.gov/stormevents/eventdetails.jsp?id=836735
2019,August,13-AUG-19 22:10:00,13-AUG-19 22:10:00,COLORADO,WELD,DACONO,Hail,1.25,,Trained Spotter,40.08,-104.9,139115,836736,,24.152,2019,StormEvents_details-ftp_v1.0_d2019_c20260323.csv.gz,https://www.ncei.noaa.gov/pub/data/swdi/stormevents/csvfiles/StormEvents_details-ftp_v1.0_d2019_c20260323.csv.gz,https://www.ncdc.noaa.gov/stormevents/eventdetails.jsp?id=836736
2019,July,13-JUL-19 18:17:00,13-JUL-19 18:17:00,COLORADO,BROOMFIELD,BROOMFIELD,Hail,1,,Trained Spotter,39.94,-105.02,138755,834401,,35.374,2019,StormEvents_details-ftp_v1.0_d2019_c20260323.csv.gz,https://www.ncei.noaa.gov/pub/data/swdi/stormevents/csvfiles/StormEvents_details-ftp_v1.0_d2019_c20260323.csv.gz,https://www.ncdc.noaa.gov/stormevents/eventdetails.jsp?id=834401
2019,July,15-JUL-19 13:38:00,15-JUL-19 13:38:00,COLORADO,BOULDER,BOULDER,Hail,0.75,,Trained Spotter,40.04,-105.32,138753,834386,,38.844,2019,StormEvents_details-ftp_v1.0_d2019_c20260323.csv.gz,https://www.ncei.noaa.gov/pub/data/swdi/stormevents/csvfiles/StormEvents_details-ftp_v1.0_d2019_c20260323.csv.gz,https://www.ncdc.noaa.gov/stormevents/eventdetails.jsp?id=834386
2019,July,15-JUL-19 14:36:00,15-JUL-19 14:36:00,COLORADO,LARIMER,DRAKE,Hail,1.5,,Trained Spotter,40.3,-105.28,138753,834387,,27.907,2019,StormEvents_details-ftp_v1.0_d2019_c20260323.csv.gz,https://www.ncei.noaa.gov/pub/data/swdi/stormevents/csvfiles/StormEvents_details-ftp_v1.0_d2019_c20260323.csv.gz,https://www.ncdc.noaa.gov/stormevents/eventdetails.jsp?id=834387
2019,July,15-JUL-19 14:37:00,15-JUL-19 14:37:00,COLORADO,LARIMER,LOVELAND HGTS,Hail,1,,Public,40.38,-105.48,138753,834388,,37.328,2019,StormEvents_details-ftp_v1.0_d2019_c20260323.csv.gz,https://www.ncei.noaa.gov/pub/data/swdi/stormevents/csvfiles/StormEvents_details-ftp_v1.0_d2019_c20260323.csv.gz,https://www.ncdc.noaa.gov/stormevents/eventdetails.jsp?id=834388
2019,July,15-JUL-19 15:04:00,15-JUL-19 15:04:00,COLORADO,LARIMER,CAMPION,Hail,1,,Trained Spotter,40.35,-105.15,138753,834390,,20.397,2019,StormEvents_details-ftp_v1.0_d2019_c20260323.csv.gz,https://www.ncei.noaa.gov/pub/data/swdi/stormevents/csvfiles/StormEvents_details-ftp_v1.0_d2019_c20260323.csv.gz,https://www.ncdc.noaa.gov/stormevents/eventdetails.jsp?id=834390
2019,June,16-JUN-19 19:58:00,16-JUN-19 19:58:00,COLORADO,WELD,PLATTEVILLE,Hail,1.5,,Trained Spotter,40.25,-104.88,137179,823279,,12.778,2019,StormEvents_details-ftp_v1.0_d2019_c20260323.csv.gz,https://www.ncei.noaa.gov/pub/data/swdi/stormevents/csvfiles/StormEvents_details-ftp_v1.0_d2019_c20260323.csv.gz,https://www.ncdc.noaa.gov/stormevents/eventdetails.jsp?id=823279
2019,May,17-MAY-19 13:01:00,17-MAY-19 13:01:00,COLORADO,WELD,WINDSOR,Hail,1.25,,Trained Spotter,40.42,-104.9,135592,813501,,6.732,2019,StormEvents_details-ftp_v1.0_d2019_c20260323.csv.gz,https://www.ncei.noaa.gov/pub/data/swdi/stormevents/csvfiles/StormEvents_details-ftp_v1.0_d2019_c20260323.csv.gz,https://www.ncdc.noaa.gov/stormevents/eventdetails.jsp?id=813501
2019,May,17-MAY-19 13:17:00,17-MAY-19 13:17:00,COLORADO,WELD,FREDERICK,Hail,1,,Public,40.1,-104.94,135592,813502,,23.537,2019,StormEvents_details-ftp_v1.0_d2019_c20260323.csv.gz,https://www.ncei.noaa.gov/pub/data/swdi/stormevents/csvfiles/StormEvents_details-ftp_v1.0_d2019_c20260323.csv.gz,https://www.ncdc.noaa.gov/stormevents/eventdetails.jsp?id=813502
2019,August,20-AUG-19 15:10:00,20-AUG-19 15:10:00,COLORADO,WELD,GALETON,Hail,1.5,,Trained Spotter,40.52,-104.54,139890,841491,,14.173,2019,StormEvents_details-ftp_v1.0_d2019_c20260323.csv.gz,https://www.ncei.noaa.gov/pub/data/swdi/stormevents/csvfiles/StormEvents_details-ftp_v1.0_d2019_c20260323.csv.gz,https://www.ncdc.noaa.gov/stormevents/eventdetails.jsp?id=841491
2019,August,20-AUG-19 15:18:00,20-AUG-19 15:18:00,COLORADO,WELD,BARNESVILLE,Hail,1.75,,Trained Spotter,40.52,-104.49,139890,841494,,16.49,2019,StormEvents_details-ftp_v1.0_d2019_c20260323.csv.gz,https://www.ncei.noaa.gov/pub/data/swdi/stormevents/csvfiles/StormEvents_details-ftp_v1.0_d2019_c20260323.csv.gz,https://www.ncdc.noaa.gov/stormevents/eventdetails.jsp?id=841494
2019,August,20-AUG-19 15:40:00,20-AUG-19 15:40:00,COLORADO,WELD,GALETON,Hail,1.5,,Trained Spotter,40.52,-104.54,139890,848861,,14.173,2019,StormEvents_details-ftp_v1.0_d2019_c20260323.csv.gz,https://www.ncei.noaa.gov/pub/data/swdi/stormevents/csvfiles/StormEvents_details-ftp_v1.0_d2019_c20260323.csv.gz,https://www.ncdc.noaa.gov/stormevents/eventdetails.jsp?id=848861
2019,August,20-AUG-19 15:46:00,20-AUG-19 15:46:00,COLORADO,WELD,GALETON,Hail,1,,Trained Spotter,40.54,-104.53,139890,841495,,15.355,2019,StormEvents_details-ftp_v1.0_d2019_c20260323.csv.gz,https://www.ncei.noaa.gov/pub/data/swdi/stormevents/csvfiles/StormEvents_details-ftp_v1.0_d2019_c20260323.csv.gz,https://www.ncdc.noaa.gov/stormevents/eventdetails.jsp?id=841495
2019,August,20-AUG-19 16:43:00,20-AUG-19 16:43:00,COLORADO,WELD,PROSPECT VALLEY,Hail,1,,Trained Spotter,40.11,-104.37,139890,841496,,29.926,2019,StormEvents_details-ftp_v1.0_d2019_c20260323.csv.gz,https://www.ncei.noaa.gov/pub/data/swdi/stormevents/csvfiles/StormEvents_details-ftp_v1.0_d2019_c20260323.csv.gz,https://www.ncdc.noaa.gov/stormevents/eventdetails.jsp?id=841496
2019,August,20-AUG-19 17:04:00,20-AUG-19 17:04:00,COLORADO,WELD,ROGGEN,Hail,1.5,,Public,40.16,-104.44,139890,841497,,24.869,2019,StormEvents_details-ftp_v1.0_d2019_c20260323.csv.gz,https://www.ncei.noaa.gov/pub/data/swdi/stormevents/csvfiles/StormEvents_details-ftp_v1.0_d2019_c20260323.csv.gz,https://www.ncdc.noaa.gov/stormevents/eventdetails.jsp?id=841497
2019,August,20-AUG-19 17:45:00,20-AUG-19 17:45:00,COLORADO,ADAMS,STRASBURG,Hail,1,,Trained Spotter,39.88,-104.3,139890,841499,,44.627,2019,StormEvents_details-ftp_v1.0_d2019_c20260323.csv.gz,https://www.ncei.noaa.gov/pub/data/swdi/stormevents/csvfiles/StormEvents_details-ftp_v1.0_d2019_c20260323.csv.gz,https://www.ncdc.noaa.gov/stormevents/eventdetails.jsp?id=841499
2019,June,20-JUN-19 14:31:00,20-JUN-19 14:31:00,COLORADO,ARAPAHOE,(BKF)BUCKLEY AIR FORCE BASE,Hail,0.88,,Trained Spotter,39.74,-104.63,137182,823283,,47.285,2019,StormEvents_details-ftp_v1.0_d2019_c20260323.csv.gz,https://www.ncei.noaa.gov/pub/data/swdi/stormevents/csvfiles/StormEvents_details-ftp_v1.0_d2019_c20260323.csv.gz,https://www.ncdc.noaa.gov/stormevents/eventdetails.jsp?id=823283
2019,June,20-JUN-19 16:04:00,20-JUN-19 16:04:00,COLORADO,LARIMER,FT COLLINS,Hail,1.25,,Trained Spotter,40.58,-105.08,137182,823284,,19.762,2019,StormEvents_details-ftp_v1.0_d2019_c20260323.csv.gz,https://www.ncei.noaa.gov/pub/data/swdi/stormevents/csvfiles/StormEvents_details-ftp_v1.0_d2019_c20260323.csv.gz,https://www.ncdc.noaa.gov/stormevents/eventdetails.jsp?id=823284
2019,June,20-JUN-19 16:05:00,20-JUN-19 16:05:00,COLORADO,LARIMER,DRAKES,Hail,0.88,,Trained Spotter,40.53,-105.09,137182,823286,,18.48,2019,StormEvents_details-ftp_v1.0_d2019_c20260323.csv.gz,https://www.ncei.noaa.gov/pub/data/swdi/stormevents/csvfiles/StormEvents_details-ftp_v1.0_d2019_c20260323.csv.gz,https://www.ncdc.noaa.gov/stormevents/eventdetails.jsp?id=823286
2019,June,20-JUN-19 16:05:00,20-JUN-19 16:05:00,COLORADO,LARIMER,FT COLLINS,Hail,1,,Public,40.57,-105.05,137182,823287,,18.079,2019,StormEvents_details-ftp_v1.0_d2019_c20260323.csv.gz,https://www.ncei.noaa.gov/pub/data/swdi/stormevents/csvfiles/StormEvents_details-ftp_v1.0_d2019_c20260323.csv.gz,https://www.ncdc.noaa.gov/stormevents/eventdetails.jsp?id=823287
2019,August,21-AUG-19 17:40:00,21-AUG-19 17:40:00,COLORADO,ARAPAHOE,GREENWOOD VLG,Hail,1,,Mesonet,39.7,-104.88,139892,841509,,49.775,2019,StormEvents_details-ftp_v1.0_d2019_c20260323.csv.gz,https://www.ncei.noaa.gov/pub/data/swdi/stormevents/csvfiles/StormEvents_details-ftp_v1.0_d2019_c20260323.csv.gz,https://www.ncdc.noaa.gov/stormevents/eventdetails.jsp?id=841509
2019,August,21-AUG-19 17:45:00,21-AUG-19 17:45:00,COLORADO,DENVER,DENVER,Hail,1,,Trained Spotter,39.72,-104.95,139892,841511,,48.977,2019,StormEvents_details-ftp_v1.0_d2019_c20260323.csv.gz,https://www.ncei.noaa.gov/pub/data/swdi/stormevents/csvfiles/StormEvents_details-ftp_v1.0_d2019_c20260323.csv.gz,https://www.ncdc.noaa.gov/stormevents/eventdetails.jsp?id=841511
2019,July,22-JUL-19 16:52:00,22-JUL-19 16:52:00,COLORADO,WELD,PROSPECT VALLEY,Hail,1,,Trained Spotter,40.02,-104.48,138760,834421,,31.383,2019,StormEvents_details-ftp_v1.0_d2019_c20260323.csv.gz,https://www.ncei.noaa.gov/pub/data/swdi/stormevents/csvfiles/StormEvents_details-ftp_v1.0_d2019_c20260323.csv.gz,https://www.ncdc.noaa.gov/stormevents/eventdetails.jsp?id=834421
2019,August,23-AUG-19 14:21:00,23-AUG-19 14:21:00,COLORADO,ADAMS,BENNETT,Hail,1.75,,Public,39.76,-104.41,139896,841587,,49.18,2019,StormEvents_details-ftp_v1.0_d2019_c20260323.csv.gz,https://www.ncei.noaa.gov/pub/data/swdi/stormevents/csvfiles/StormEvents_details-ftp_v1.0_d2019_c20260323.csv.gz,https://www.ncdc.noaa.gov/stormevents/eventdetails.jsp?id=841587
2019,August,23-AUG-19 16:52:00,23-AUG-19 16:52:00,COLORADO,WELD,AULT,Hail,1,,Trained Spotter,40.58,-104.76,139896,841590,,11.373,2019,StormEvents_details-ftp_v1.0_d2019_c20260323.csv.gz,https://www.ncei.noaa.gov/pub/data/swdi/stormevents/csvfiles/StormEvents_details-ftp_v1.0_d2019_c20260323.csv.gz,https://www.ncdc.noaa.gov/stormevents/eventdetails.jsp?id=841590
2019,August,23-AUG-19 16:52:00,23-AUG-19 16:52:00,COLORADO,WELD,AULT,Hail,0.88,,Trained Spotter,40.59,-104.73,139896,841591,,12.248,2019,StormEvents_details-ftp_v1.0_d2019_c20260323.csv.gz,https://www.ncei.noaa.gov/pub/data/swdi/stormevents/csvfiles/StormEvents_details-ftp_v1.0_d2019_c20260323.csv.gz,https://www.ncdc.noaa.gov/stormevents/eventdetails.jsp?id=841591
2019,May,26-MAY-19 14:52:00,26-MAY-19 14:52:00,COLORADO,WELD,FT LUPTON,Hail,0.88,,Trained Spotter,40.09,-104.81,135965,815865,,22.589,2019,StormEvents_details-ftp_v1.0_d2019_c20260323.csv.gz,https://www.ncei.noaa.gov/pub/data/swdi/stormevents/csvfiles/StormEvents_details-ftp_v1.0_d2019_c20260323.csv.gz,https://www.ncdc.noaa.gov/stormevents/eventdetails.jsp?id=815865
2019,May,26-MAY-19 15:00:00,26-MAY-19 15:00:00,COLORADO,MORGAN,ORCHARD,Hail,1.25,,Trained Spotter,40.33,-104.12,135965,815866,,34.835,2019,StormEvents_details-ftp_v1.0_d2019_c20260323.csv.gz,https://www.ncei.noaa.gov/pub/data/swdi/stormevents/csvfiles/StormEvents_details-ftp_v1.0_d2019_c20260323.csv.gz,https://www.ncdc.noaa.gov/stormevents/eventdetails.jsp?id=815866
2019,May,26-MAY-19 15:13:00,26-MAY-19 15:13:00,COLORADO,WELD,HUDSON,Hail,1.25,,Storm Chaser,40.13,-104.63,135965,815867,,21.112,2019,StormEvents_details-ftp_v1.0_d2019_c20260323.csv.gz,https://www.ncei.noaa.gov/pub/data/swdi/stormevents/csvfiles/StormEvents_details-ftp_v1.0_d2019_c20260323.csv.gz,https://www.ncdc.noaa.gov/stormevents/eventdetails.jsp?id=815867
2019,May,26-MAY-19 15:20:00,26-MAY-19 15:20:00,COLORADO,ADAMS,BARR LAKE,Hail,1.25,,Storm Chaser,39.89,-104.78,135965,815868,,36.322,2019,StormEvents_details-ftp_v1.0_d2019_c20260323.csv.gz,https://www.ncei.noaa.gov/pub/data/swdi/stormevents/csvfiles/StormEvents_details-ftp_v1.0_d2019_c20260323.csv.gz,https://www.ncdc.noaa.gov/stormevents/eventdetails.jsp?id=815868
2019,May,26-MAY-19 15:27:00,26-MAY-19 15:27:00,COLORADO,WELD,KEENESBURG,Hail,1.5,,Trained Spotter,40.17,-104.6,135965,815869,,19.246,2019,StormEvents_details-ftp_v1.0_d2019_c20260323.csv.gz,https://www.ncei.noaa.gov/pub/data/swdi/stormevents/csvfiles/StormEvents_details-ftp_v1.0_d2019_c20260323.csv.gz,https://www.ncdc.noaa.gov/stormevents/eventdetails.jsp?id=815869
2019,May,26-MAY-19 15:33:00,26-MAY-19 15:33:00,COLORADO,WELD,EVANS,Hail,1,,Trained Spotter,40.38,-104.7,135965,815870,,4.526,2019,StormEvents_details-ftp_v1.0_d2019_c20260323.csv.gz,https://www.ncei.noaa.gov/pub/data/swdi/stormevents/csvfiles/StormEvents_details-ftp_v1.0_d2019_c20260323.csv.gz,https://www.ncdc.noaa.gov/stormevents/eventdetails.jsp?id=815870
2019,May,26-MAY-19 16:10:00,26-MAY-19 16:10:00,COLORADO,ARAPAHOE,AURORA CHERRY CREEK,Hail,1,,Insurance Company,39.7,-104.87,135965,815872,,49.717,2019,StormEvents_details-ftp_v1.0_d2019_c20260323.csv.gz,https://www.ncei.noaa.gov/pub/data/swdi/stormevents/csvfiles/StormEvents_details-ftp_v1.0_d2019_c20260323.csv.gz,https://www.ncdc.noaa.gov/stormevents/eventdetails.jsp?id=815872
2019,May,26-MAY-19 16:51:00,26-MAY-19 16:51:00,COLORADO,DENVER,(DEN)DENVER INTL ARP,Hail,0.75,,NWS Employee,39.87,-104.67,135965,815875,"Denver Tower reported that 3 inches of hail had accumulated on airport operating surfaces, which caused flight delays.",38.086,2019,StormEvents_details-ftp_v1.0_d2019_c20260323.csv.gz,https://www.ncei.noaa.gov/pub/data/swdi/stormevents/csvfiles/StormEvents_details-ftp_v1.0_d2019_c20260323.csv.gz,https://www.ncdc.noaa.gov/stormevents/eventdetails.jsp?id=815875
2019,May,26-MAY-19 17:35:00,26-MAY-19 17:35:00,COLORADO,WELD,BUCKINGHAM,Hail,3,,Storm Chaser,40.61,-103.9,135965,815876,,47.74,2019,StormEvents_details-ftp_v1.0_d2019_c20260323.csv.gz,https://www.ncei.noaa.gov/pub/data/swdi/stormevents/csvfiles/StormEvents_details-ftp_v1.0_d2019_c20260323.csv.gz,https://www.ncdc.noaa.gov/stormevents/eventdetails.jsp?id=815876
2019,May,27-MAY-19 12:00:00,27-MAY-19 12:00:00,COLORADO,ADAMS,MANILA,Hail,1,,Trained Spotter,39.75,-104.52,135968,815894,,47.885,2019,StormEvents_details-ftp_v1.0_d2019_c20260323.csv.gz,https://www.ncei.noaa.gov/pub/data/swdi/stormevents/csvfiles/StormEvents_details-ftp_v1.0_d2019_c20260323.csv.gz,https://www.ncdc.noaa.gov/stormevents/eventdetails.jsp?id=815894
2019,May,27-MAY-19 12:13:00,27-MAY-19 12:13:00,COLORADO,ADAMS,WATKINS,Hail,1,,Social Media,39.74,-104.55,135968,815895,,48.138,2019,StormEvents_details-ftp_v1.0_d2019_c20260323.csv.gz,https://www.ncei.noaa.gov/pub/data/swdi/stormevents/csvfiles/StormEvents_details-ftp_v1.0_d2019_c20260323.csv.gz,https://www.ncdc.noaa.gov/stormevents/eventdetails.jsp?id=815895
2019,May,27-MAY-19 12:20:00,27-MAY-19 12:20:00,WYOMING,LARAMIE,SOUTH GREELEY,Hail,0.88,,Public,41.1,-104.79,136111,816833,,47.293,2019,StormEvents_details-ftp_v1.0_d2019_c20260323.csv.gz,https://www.ncei.noaa.gov/pub/data/swdi/stormevents/csvfiles/StormEvents_details-ftp_v1.0_d2019_c20260323.csv.gz,https://www.ncdc.noaa.gov/stormevents/eventdetails.jsp?id=816833
2019,May,27-MAY-19 12:52:00,27-MAY-19 12:52:00,COLORADO,ADAMS,STRASBURG,Hail,1,,Trained Spotter,39.89,-104.3,135968,815896,,44.055,2019,StormEvents_details-ftp_v1.0_d2019_c20260323.csv.gz,https://www.ncei.noaa.gov/pub/data/swdi/stormevents/csvfiles/StormEvents_details-ftp_v1.0_d2019_c20260323.csv.gz,https://www.ncdc.noaa.gov/stormevents/eventdetails.jsp?id=815896
2019,May,27-MAY-19 13:24:00,27-MAY-19 13:24:00,COLORADO,MORGAN,WIGGINS,Hail,1,,Trained Spotter,40.28,-104.02,135968,815897,,40.701,2019,StormEvents_details-ftp_v1.0_d2019_c20260323.csv.gz,https://www.ncei.noaa.gov/pub/data/swdi/stormevents/csvfiles/StormEvents_details-ftp_v1.0_d2019_c20260323.csv.gz,https://www.ncdc.noaa.gov/stormevents/eventdetails.jsp?id=815897
2019,May,27-MAY-19 13:35:00,27-MAY-19 13:35:00,COLORADO,MORGAN,WIGGINS,Hail,1,,Trained Spotter,40.23,-104.07,135968,815898,Hail accumulated up to 3 inches in depth in Wiggins.,39.149,2019,StormEvents_details-ftp_v1.0_d2019_c20260323.csv.gz,https://www.ncei.noaa.gov/pub/data/swdi/stormevents/csvfiles/StormEvents_details-ftp_v1.0_d2019_c20260323.csv.gz,https://www.ncdc.noaa.gov/stormevents/eventdetails.jsp?id=815898
2019,May,27-MAY-19 13:42:00,27-MAY-19 13:42:00,COLORADO,MORGAN,WIGGINS,Hail,1.25,,Public,40.23,-104.07,135968,815899,,39.149,2019,StormEvents_details-ftp_v1.0_d2019_c20260323.csv.gz,https://www.ncei.noaa.gov/pub/data/swdi/stormevents/csvfiles/StormEvents_details-ftp_v1.0_d2019_c20260323.csv.gz,https://www.ncdc.noaa.gov/stormevents/eventdetails.jsp?id=815899
2019,May,27-MAY-19 14:00:00,27-MAY-19 14:00:00,WYOMING,LARAMIE,SOUTH GREELEY,Hail,1,,Storm Chaser,41.1,-104.79,136111,816836,,47.293,2019,StormEvents_details-ftp_v1.0_d2019_c20260323.csv.gz,https://www.ncei.noaa.gov/pub/data/swdi/stormevents/csvfiles/StormEvents_details-ftp_v1.0_d2019_c20260323.csv.gz,https://www.ncdc.noaa.gov/stormevents/eventdetails.jsp?id=816836
2019,May,27-MAY-19 15:57:00,27-MAY-19 15:57:00,COLORADO,WELD,HUDSON ARPT,Hail,1,,Trained Spotter,40.06,-104.72,135968,815903,,24.727,2019,StormEvents_details-ftp_v1.0_d2019_c20260323.csv.gz,https://www.ncei.noaa.gov/pub/data/swdi/stormevents/csvfiles/StormEvents_details-ftp_v1.0_d2019_c20260323.csv.gz,https://www.ncdc.noaa.gov/stormevents/eventdetails.jsp?id=815903
2019,May,27-MAY-19 16:27:00,27-MAY-19 16:27:00,COLORADO,WELD,GREELEY,Hail,1,,Public,40.41,-104.66,135968,815906,,5.913,2019,StormEvents_details-ftp_v1.0_d2019_c20260323.csv.gz,https://www.ncei.noaa.gov/pub/data/swdi/stormevents/csvfiles/StormEvents_details-ftp_v1.0_d2019_c20260323.csv.gz,https://www.ncdc.noaa.gov/stormevents/eventdetails.jsp?id=815906
2019,May,28-MAY-19 00:27:00,28-MAY-19 00:27:00,COLORADO,DENVER,DENVER,Hail,0.88,,Public,39.74,-104.96,135977,815938,,47.728,2019,StormEvents_details-ftp_v1.0_d2019_c20260323.csv.gz,https://www.ncei.noaa.gov/pub/data/swdi/stormevents/csvfiles/StormEvents_details-ftp_v1.0_d2019_c20260323.csv.gz,https://www.ncdc.noaa.gov/stormevents/eventdetails.jsp?id=815938
2019,May,28-MAY-19 00:52:00,28-MAY-19 00:52:00,COLORADO,DENVER,(DEN)DENVER INTL ARP,Hail,1,,Emergency Manager,39.86,-104.69,135977,815939,,38.637,2019,StormEvents_details-ftp_v1.0_d2019_c20260323.csv.gz,https://www.ncei.noaa.gov/pub/data/swdi/stormevents/csvfiles/StormEvents_details-ftp_v1.0_d2019_c20260323.csv.gz,https://www.ncdc.noaa.gov/stormevents/eventdetails.jsp?id=815939
2019,May,28-MAY-19 02:50:00,28-MAY-19 02:50:00,COLORADO,BROOMFIELD,BROOMFIELD,Hail,0.75,,Trained Spotter,39.93,-105.03,135977,815940,,36.212,2019,StormEvents_details-ftp_v1.0_d2019_c20260323.csv.gz,https://www.ncei.noaa.gov/pub/data/swdi/stormevents/csvfiles/StormEvents_details-ftp_v1.0_d2019_c20260323.csv.gz,https://www.ncdc.noaa.gov/stormevents/eventdetails.jsp?id=815940
2019,August,31-AUG-19 17:18:00,31-AUG-19 17:18:00,COLORADO,LARIMER,BUCKEYE,Hail,1.5,,NWS Employee,40.89,-104.95,141358,848862,,34.074,2019,StormEvents_details-ftp_v1.0_d2019_c20260323.csv.gz,https://www.ncei.noaa.gov/pub/data/swdi/stormevents/csvfiles/StormEvents_details-ftp_v1.0_d2019_c20260323.csv.gz,https://www.ncdc.noaa.gov/stormevents/eventdetails.jsp?id=848862
2020,August,01-AUG-20 17:44:00,01-AUG-20 17:44:00,COLORADO,LARIMER,RED FEATHER LAKES,Hail,1.5,,Public,40.77,-105.48,151440,914627,,44.482,2020,StormEvents_details-ftp_v1.0_d2020_c20260323.csv.gz,https://www.ncei.noaa.gov/pub/data/swdi/stormevents/csvfiles/StormEvents_details-ftp_v1.0_d2020_c20260323.csv.gz,https://www.ncdc.noaa.gov/stormevents/eventdetails.jsp?id=914627
2020,August,01-AUG-20 17:58:00,01-AUG-20 17:58:00,COLORADO,LARIMER,RUSTIC,Hail,1,,Trained Spotter,40.75,-105.44,151440,914628,,41.973,2020,StormEvents_details-ftp_v1.0_d2020_c20260323.csv.gz,https://www.ncei.noaa.gov/pub/data/swdi/stormevents/csvfiles/StormEvents_details-ftp_v1.0_d2020_c20260323.csv.gz,https://www.ncdc.noaa.gov/stormevents/eventdetails.jsp?id=914628
2020,August,01-AUG-20 17:58:00,01-AUG-20 17:58:00,COLORADO,LARIMER,RED FEATHER LAKES,Hail,1.75,,Storm Chaser,40.8,-105.48,151440,914629,,45.649,2020,StormEvents_details-ftp_v1.0_d2020_c20260323.csv.gz,https://www.ncei.noaa.gov/pub/data/swdi/stormevents/csvfiles/StormEvents_details-ftp_v1.0_d2020_c20260323.csv.gz,https://www.ncdc.noaa.gov/stormevents/eventdetails.jsp?id=914629
2020,May,02-MAY-20 17:29:00,02-MAY-20 17:29:00,COLORADO,WELD,MASTERS,Hail,0.88,,Public,40.32,-104.19,147173,884729,,31.35,2020,StormEvents_details-ftp_v1.0_d2020_c20260323.csv.gz,https://www.ncei.noaa.gov/pub/data/swdi/stormevents/csvfiles/StormEvents_details-ftp_v1.0_d2020_c20260323.csv.gz,https://www.ncdc.noaa.gov/stormevents/eventdetails.jsp?id=884729
2020,August,04-AUG-20 14:20:00,04-AUG-20 14:20:00,COLORADO,WELD,CARR,Hail,2,,Public,40.84,-104.88,151824,914636,,29.86,2020,StormEvents_details-ftp_v1.0_d2020_c20260323.csv.gz,https://www.ncei.noaa.gov/pub/data/swdi/stormevents/csvfiles/StormEvents_details-ftp_v1.0_d2020_c20260323.csv.gz,https://www.ncdc.noaa.gov/stormevents/eventdetails.jsp?id=914636
2020,August,04-AUG-20 14:25:00,04-AUG-20 14:25:00,COLORADO,WELD,GALETON,Hail,0.75,,Trained Spotter,40.51,-104.58,151824,914638,,12.022,2020,StormEvents_details-ftp_v1.0_d2020_c20260323.csv.gz,https://www.ncei.noaa.gov/pub/data/swdi/stormevents/csvfiles/StormEvents_details-ftp_v1.0_d2020_c20260323.csv.gz,https://www.ncdc.noaa.gov/stormevents/eventdetails.jsp?id=914638
2020,August,04-AUG-20 14:51:00,04-AUG-20 14:51:00,COLORADO,WELD,ROCKPORT,Hail,2,,Storm Chaser,40.95,-104.8,151824,914639,,36.948,2020,StormEvents_details-ftp_v1.0_d2020_c20260323.csv.gz,https://www.ncei.noaa.gov/pub/data/swdi/stormevents/csvfiles/StormEvents_details-ftp_v1.0_d2020_c20260323.csv.gz,https://www.ncdc.noaa.gov/stormevents/eventdetails.jsp?id=914639
2020,August,04-AUG-20 15:01:00,04-AUG-20 15:01:00,COLORADO,WELD,AULT,Hail,1.75,,Public,40.58,-104.75,151824,914640,,11.414,2020,StormEvents_details-ftp_v1.0_d2020_c20260323.csv.gz,https://www.ncei.noaa.gov/pub/data/swdi/stormevents/csvfiles/StormEvents_details-ftp_v1.0_d2020_c20260323.csv.gz,https://www.ncdc.noaa.gov/stormevents/eventdetails.jsp?id=914640
2020,August,04-AUG-20 15:07:00,04-AUG-20 15:07:00,COLORADO,WELD,EATON,Hail,1,,Public,40.53,-104.71,151824,914641,,8.549,2020,StormEvents_details-ftp_v1.0_d2020_c20260323.csv.gz,https://www.ncei.noaa.gov/pub/data/swdi/stormevents/csvfiles/StormEvents_details-ftp_v1.0_d2020_c20260323.csv.gz,https://www.ncdc.noaa.gov/stormevents/eventdetails.jsp?id=914641
2020,August,04-AUG-20 15:08:00,04-AUG-20 15:08:00,COLORADO,WELD,EATON,Hail,1.5,,Trained Spotter,40.52,-104.73,151824,914642,,7.542,2020,StormEvents_details-ftp_v1.0_d2020_c20260323.csv.gz,https://www.ncei.noaa.gov/pub/data/swdi/stormevents/csvfiles/StormEvents_details-ftp_v1.0_d2020_c20260323.csv.gz,https://www.ncdc.noaa.gov/stormevents/eventdetails.jsp?id=914642
2020,August,04-AUG-20 15:21:00,04-AUG-20 15:21:00,COLORADO,WELD,LUCERNE,Hail,2,,Trained Spotter,40.46,-104.7,151824,914643,,4.877,2020,StormEvents_details-ftp_v1.0_d2020_c20260323.csv.gz,https://www.ncei.noaa.gov/pub/data/swdi/stormevents/csvfiles/StormEvents_details-ftp_v1.0_d2020_c20260323.csv.gz,https://www.ncdc.noaa.gov/stormevents/eventdetails.jsp?id=914643
2020,August,04-AUG-20 15:22:00,04-AUG-20 15:22:00,COLORADO,WELD,LUCERNE,Hail,1.5,,Trained Spotter,40.45,-104.7,151824,914644,,4.475,2020,StormEvents_details-ftp_v1.0_d2020_c20260323.csv.gz,https://www.ncei.noaa.gov/pub/data/swdi/stormevents/csvfiles/StormEvents_details-ftp_v1.0_d2020_c20260323.csv.gz,https://www.ncdc.noaa.gov/stormevents/eventdetails.jsp?id=914644
2020,August,04-AUG-20 15:22:00,04-AUG-20 15:22:00,COLORADO,WELD,EATON,Hail,1.75,,Public,40.5,-104.73,151824,914645,,6.234,2020,StormEvents_details-ftp_v1.0_d2020_c20260323.csv.gz,https://www.ncei.noaa.gov/pub/data/swdi/stormevents/csvfiles/StormEvents_details-ftp_v1.0_d2020_c20260323.csv.gz,https://www.ncdc.noaa.gov/stormevents/eventdetails.jsp?id=914645
2020,August,04-AUG-20 15:22:00,04-AUG-20 15:22:00,COLORADO,WELD,ROCKPORT,Hail,1.5,,Trained Spotter,40.91,-104.55,151824,914646,,36.086,2020,StormEvents_details-ftp_v1.0_d2020_c20260323.csv.gz,https://www.ncei.noaa.gov/pub/data/swdi/stormevents/csvfiles/StormEvents_details-ftp_v1.0_d2020_c20260323.csv.gz,https://www.ncdc.noaa.gov/stormevents/eventdetails.jsp?id=914646
2020,August,04-AUG-20 15:28:00,04-AUG-20 15:28:00,COLORADO,WELD,LUCERNE,Hail,1.5,,Trained Spotter,40.45,-104.68,151824,914647,,5.396,2020,StormEvents_details-ftp_v1.0_d2020_c20260323.csv.gz,https://www.ncei.noaa.gov/pub/data/swdi/stormevents/csvfiles/StormEvents_details-ftp_v1.0_d2020_c20260323.csv.gz,https://www.ncdc.noaa.gov/stormevents/eventdetails.jsp?id=914647
2020,August,04-AUG-20 15:35:00,04-AUG-20 15:35:00,COLORADO,WELD,EVANS,Hail,1.5,,Trained Spotter,40.38,-104.64,151824,914648,,7.377,2020,StormEvents_details-ftp_v1.0_d2020_c20260323.csv.gz,https://www.ncei.noaa.gov/pub/data/swdi/stormevents/csvfiles/StormEvents_details-ftp_v1.0_d2020_c20260323.csv.gz,https://www.ncdc.noaa.gov/stormevents/eventdetails.jsp?id=914648
2020,August,04-AUG-20 15:35:00,04-AUG-20 15:35:00,COLORADO,WELD,GREELEY ARPT,Hail,2,,Trained Spotter,40.39,-104.6,151824,914649,,9.23,2020,StormEvents_details-ftp_v1.0_d2020_c20260323.csv.gz,https://www.ncei.noaa.gov/pub/data/swdi/stormevents/csvfiles/StormEvents_details-ftp_v1.0_d2020_c20260323.csv.gz,https://www.ncdc.noaa.gov/stormevents/eventdetails.jsp?id=914649
2020,August,04-AUG-20 15:48:00,04-AUG-20 15:48:00,COLORADO,WELD,HARDIN,Hail,1,,Trained Spotter,40.32,-104.51,151824,914650,,15.301,2020,StormEvents_details-ftp_v1.0_d2020_c20260323.csv.gz,https://www.ncei.noaa.gov/pub/data/swdi/stormevents/csvfiles/StormEvents_details-ftp_v1.0_d2020_c20260323.csv.gz,https://www.ncdc.noaa.gov/stormevents/eventdetails.jsp?id=914650
2020,August,04-AUG-20 16:16:00,04-AUG-20 16:16:00,COLORADO,WELD,GROVER,Hail,1.75,,Public,40.87,-104.23,151824,914652,,42.348,2020,StormEvents_details-ftp_v1.0_d2020_c20260323.csv.gz,https://www.ncei.noaa.gov/pub/data/swdi/stormevents/csvfiles/StormEvents_details-ftp_v1.0_d2020_c20260323.csv.gz,https://www.ncdc.noaa.gov/stormevents/eventdetails.jsp?id=914652
2020,August,04-AUG-20 16:21:00,04-AUG-20 16:21:00,COLORADO,WELD,NUNN,Hail,1.25,,Storm Chaser,40.77,-104.79,151824,914653,,24.5,2020,StormEvents_details-ftp_v1.0_d2020_c20260323.csv.gz,https://www.ncei.noaa.gov/pub/data/swdi/stormevents/csvfiles/StormEvents_details-ftp_v1.0_d2020_c20260323.csv.gz,https://www.ncdc.noaa.gov/stormevents/eventdetails.jsp?id=914653
2020,August,04-AUG-20 16:24:00,04-AUG-20 16:24:00,COLORADO,WELD,GARDEN CITY,Hail,1,,Public,40.33,-104.56,151824,914654,,12.639,2020,StormEvents_details-ftp_v1.0_d2020_c20260323.csv.gz,https://www.ncei.noaa.gov/pub/data/swdi/stormevents/csvfiles/StormEvents_details-ftp_v1.0_d2020_c20260323.csv.gz,https://www.ncdc.noaa.gov/stormevents/eventdetails.jsp?id=914654
2020,August,04-AUG-20 17:14:00,04-AUG-20 17:14:00,COLORADO,WELD,FIRESTONE,Hail,1.25,,NWS Employee,40.12,-104.96,151824,914655,,22.702,2020,StormEvents_details-ftp_v1.0_d2020_c20260323.csv.gz,https://www.ncei.noaa.gov/pub/data/swdi/stormevents/csvfiles/StormEvents_details-ftp_v1.0_d2020_c20260323.csv.gz,https://www.ncdc.noaa.gov/stormevents/eventdetails.jsp?id=914655
2020,August,04-AUG-20 17:15:00,04-AUG-20 17:15:00,COLORADO,WELD,FREDERICK,Hail,1.75,,Public,40.09,-105,151824,914656,,25.508,2020,StormEvents_details-ftp_v1.0_d2020_c20260323.csv.gz,https://www.ncei.noaa.gov/pub/data/swdi/stormevents/csvfiles/StormEvents_details-ftp_v1.0_d2020_c20260323.csv.gz,https://www.ncdc.noaa.gov/stormevents/eventdetails.jsp?id=914656
2020,August,04-AUG-20 17:20:00,04-AUG-20 17:20:00,COLORADO,WELD,DACONO,Hail,1,,Trained Spotter,40.02,-104.95,151824,914657,,28.903,2020,StormEvents_details-ftp_v1.0_d2020_c20260323.csv.gz,https://www.ncei.noaa.gov/pub/data/swdi/stormevents/csvfiles/StormEvents_details-ftp_v1.0_d2020_c20260323.csv.gz,https://www.ncdc.noaa.gov/stormevents/eventdetails.jsp?id=914657
2020,August,04-AUG-20 17:20:00,04-AUG-20 17:20:00,COLORADO,WELD,DACONO,Hail,1.75,,Public,40.08,-104.94,151824,914658,,24.824,2020,StormEvents_details-ftp_v1.0_d2020_c20260323.csv.gz,https://www.ncei.noaa.gov/pub/data/swdi/stormevents/csvfiles/StormEvents_details-ftp_v1.0_d2020_c20260323.csv.gz,https://www.ncdc.noaa.gov/stormevents/eventdetails.jsp?id=914658
2020,August,04-AUG-20 17:27:00,04-AUG-20 17:27:00,COLORADO,WELD,DACONO,Hail,1.25,,Storm Chaser,40.02,-104.96,151824,914659,,29.079,2020,StormEvents_details-ftp_v1.0_d2020_c20260323.csv.gz,https://www.ncei.noaa.gov/pub/data/swdi/stormevents/csvfiles/StormEvents_details-ftp_v1.0_d2020_c20260323.csv.gz,https://www.ncdc.noaa.gov/stormevents/eventdetails.jsp?id=914659
2020,June,08-JUN-20 19:52:00,08-JUN-20 19:52:00,COLORADO,LARIMER,LOVELAND,Hail,0.75,,Public,40.4,-105.03,147877,890449,,13.609,2020,StormEvents_details-ftp_v1.0_d2020_c20260323.csv.gz,https://www.ncei.noaa.gov/pub/data/swdi/stormevents/csvfiles/StormEvents_details-ftp_v1.0_d2020_c20260323.csv.gz,https://www.ncdc.noaa.gov/stormevents/eventdetails.jsp?id=890449
2020,June,08-JUN-20 19:58:00,08-JUN-20 19:58:00,COLORADO,LARIMER,KELIM,Hail,0.75,,Public,40.39,-104.98,147877,890450,,11.079,2020,StormEvents_details-ftp_v1.0_d2020_c20260323.csv.gz,https://www.ncei.noaa.gov/pub/data/swdi/stormevents/csvfiles/StormEvents_details-ftp_v1.0_d2020_c20260323.csv.gz,https://www.ncdc.noaa.gov/stormevents/eventdetails.jsp?id=890450
2020,June,08-JUN-20 20:05:00,08-JUN-20 20:05:00,COLORADO,LARIMER,FT COLLINS/LOVELAND,Hail,0.75,,Public,40.46,-104.95,147877,890451,,9.842,2020,StormEvents_details-ftp_v1.0_d2020_c20260323.csv.gz,https://www.ncei.noaa.gov/pub/data/swdi/stormevents/csvfiles/StormEvents_details-ftp_v1.0_d2020_c20260323.csv.gz,https://www.ncdc.noaa.gov/stormevents/eventdetails.jsp?id=890451
2020,June,08-JUN-20 20:07:00,08-JUN-20 20:07:00,COLORADO,WELD,WINDSOR,Hail,0.88,,NWS Employee,40.48,-104.91,147877,890452,,8.503,2020,StormEvents_details-ftp_v1.0_d2020_c20260323.csv.gz,https://www.ncei.noaa.gov/pub/data/swdi/stormevents/csvfiles/StormEvents_details-ftp_v1.0_d2020_c20260323.csv.gz,https://www.ncdc.noaa.gov/stormevents/eventdetails.jsp?id=890452
2020,June,08-JUN-20 20:10:00,08-JUN-20 20:10:00,COLORADO,LARIMER,TIMNATH,Hail,1,,Public,40.53,-104.98,147877,890453,,13.482,2020,StormEvents_details-ftp_v1.0_d2020_c20260323.csv.gz,https://www.ncei.noaa.gov/pub/data/swdi/stormevents/csvfiles/StormEvents_details-ftp_v1.0_d2020_c20260323.csv.gz,https://www.ncdc.noaa.gov/stormevents/eventdetails.jsp?id=890453
2020,June,08-JUN-20 21:08:00,08-JUN-20 21:08:00,COLORADO,LARIMER,TIMNATH,Hail,0.75,,Public,40.52,-105,147877,890454,,13.979,2020,StormEvents_details-ftp_v1.0_d2020_c20260323.csv.gz,https://www.ncei.noaa.gov/pub/data/swdi/stormevents/csvfiles/StormEvents_details-ftp_v1.0_d2020_c20260323.csv.gz,https://www.ncdc.noaa.gov/stormevents/eventdetails.jsp?id=890454
2020,June,08-JUN-20 21:10:00,08-JUN-20 21:10:00,COLORADO,LARIMER,HARMONY,Hail,0.88,,Trained Spotter,40.48,-105.04,147877,890455,,14.768,2020,StormEvents_details-ftp_v1.0_d2020_c20260323.csv.gz,https://www.ncei.noaa.gov/pub/data/swdi/stormevents/csvfiles/StormEvents_details-ftp_v1.0_d2020_c20260323.csv.gz,https://www.ncdc.noaa.gov/stormevents/eventdetails.jsp?id=890455
2020,June,08-JUN-20 21:12:00,08-JUN-20 21:12:00,COLORADO,LARIMER,DRAKES,Hail,0.75,,Public,40.56,-105.11,147877,890458,,20.363,2020,StormEvents_details-ftp_v1.0_d2020_c20260323.csv.gz,https://www.ncei.noaa.gov/pub/data/swdi/stormevents/csvfiles/StormEvents_details-ftp_v1.0_d2020_c20260323.csv.gz,https://www.ncdc.noaa.gov/stormevents/eventdetails.jsp?id=890458
2020,June,08-JUN-20 21:37:00,08-JUN-20 21:37:00,COLORADO,BOULDER,LONGMONT,Hail,0.75,,Public,40.13,-105.11,147877,890462,,26.585,2020,StormEvents_details-ftp_v1.0_d2020_c20260323.csv.gz,https://www.ncei.noaa.gov/pub/data/swdi/stormevents/csvfiles/StormEvents_details-ftp_v1.0_d2020_c20260323.csv.gz,https://www.ncdc.noaa.gov/stormevents/eventdetails.jsp?id=890462
2020,July,09-JUL-20 17:40:00,09-JUL-20 17:40:00,COLORADO,ADAMS,BENNETT,Hail,1,,Trained Spotter,39.8947,-104.43,149300,899885,,40.275,2020,StormEvents_details-ftp_v1.0_d2020_c20260323.csv.gz,https://www.ncei.noaa.gov/pub/data/swdi/stormevents/csvfiles/StormEvents_details-ftp_v1.0_d2020_c20260323.csv.gz,https://www.ncdc.noaa.gov/stormevents/eventdetails.jsp?id=899885
2020,July,09-JUL-20 17:54:00,09-JUL-20 17:54:00,COLORADO,ADAMS,STRASBURG,Hail,1,,Trained Spotter,39.89,-104.3,149300,899886,,44.055,2020,StormEvents_details-ftp_v1.0_d2020_c20260323.csv.gz,https://www.ncei.noaa.gov/pub/data/swdi/stormevents/csvfiles/StormEvents_details-ftp_v1.0_d2020_c20260323.csv.gz,https://www.ncdc.noaa.gov/stormevents/eventdetails.jsp?id=899886
2020,July,09-JUL-20 19:35:00,09-JUL-20 19:35:00,COLORADO,ADAMS,BRIGHTON,Hail,1,,Trained Spotter,39.99,-104.87,149300,899889,,29.86,2020,StormEvents_details-ftp_v1.0_d2020_c20260323.csv.gz,https://www.ncei.noaa.gov/pub/data/swdi/stormevents/csvfiles/StormEvents_details-ftp_v1.0_d2020_c20260323.csv.gz,https://www.ncdc.noaa.gov/stormevents/eventdetails.jsp?id=899889
2020,July,09-JUL-20 20:19:00,09-JUL-20 20:19:00,COLORADO,DENVER,(DEN)DENVER INTL ARP,Hail,1,,Trained Spotter,39.87,-104.69,149300,899890,,37.95,2020,StormEvents_details-ftp_v1.0_d2020_c20260323.csv.gz,https://www.ncei.noaa.gov/pub/data/swdi/stormevents/csvfiles/StormEvents_details-ftp_v1.0_d2020_c20260323.csv.gz,https://www.ncdc.noaa.gov/stormevents/eventdetails.jsp?id=899890
2020,July,09-JUL-20 20:38:00,09-JUL-20 20:38:00,COLORADO,ADAMS,WATKINS,Hail,2,,Trained Spotter,39.75,-104.6,149300,899891,,46.884,2020,StormEvents_details-ftp_v1.0_d2020_c20260323.csv.gz,https://www.ncei.noaa.gov/pub/data/swdi/stormevents/csvfiles/StormEvents_details-ftp_v1.0_d2020_c20260323.csv.gz,https://www.ncdc.noaa.gov/stormevents/eventdetails.jsp?id=899891
2020,July,09-JUL-20 20:45:00,09-JUL-20 20:45:00,COLORADO,ADAMS,BENNETT,Hail,1,,Public,39.76,-104.42,149300,899892,,48.977,2020,StormEvents_details-ftp_v1.0_d2020_c20260323.csv.gz,https://www.ncei.noaa.gov/pub/data/swdi/stormevents/csvfiles/StormEvents_details-ftp_v1.0_d2020_c20260323.csv.gz,https://www.ncdc.noaa.gov/stormevents/eventdetails.jsp?id=899892
2020,August,11-AUG-20 12:18:00,11-AUG-20 12:18:00,WYOMING,LARAMIE,ARCOLA,Hail,1,,Public,41.07,-104.52,151528,913242,,47.098,2020,StormEvents_details-ftp_v1.0_d2020_c20260323.csv.gz,https://www.ncei.noaa.gov/pub/data/swdi/stormevents/csvfiles/StormEvents_details-ftp_v1.0_d2020_c20260323.csv.gz,https://www.ncdc.noaa.gov/stormevents/eventdetails.jsp?id=913242
2020,May,14-MAY-20 12:27:00,14-MAY-20 12:27:00,COLORADO,LARIMER,BERTHOUD,Hail,0.88,,Trained Spotter,40.32,-105.08,147176,884740,,17.502,2020,StormEvents_details-ftp_v1.0_d2020_c20260323.csv.gz,https://www.ncei.noaa.gov/pub/data/swdi/stormevents/csvfiles/StormEvents_details-ftp_v1.0_d2020_c20260323.csv.gz,https://www.ncdc.noaa.gov/stormevents/eventdetails.jsp?id=884740
2020,May,14-MAY-20 22:50:00,14-MAY-20 22:50:00,WYOMING,LARAMIE,ORCHARD VALLY,Hail,0.7,,Trained Spotter,41.1092,-104.8506,147571,887726,Enough dime size hail from a thunderstorm left accumulations of over one inch along Interstate 25 south of the City of Cheyenne to create dangerous travel conditions until plows could clear.,48.095,2020,StormEvents_details-ftp_v1.0_d2020_c20260323.csv.gz,https://www.ncei.noaa.gov/pub/data/swdi/stormevents/csvfiles/StormEvents_details-ftp_v1.0_d2020_c20260323.csv.gz,https://www.ncdc.noaa.gov/stormevents/eventdetails.jsp?id=887726
2020,May,15-MAY-20 17:25:00,15-MAY-20 17:25:00,COLORADO,WELD,FIRESTONE,Hail,0.75,,Public,40.11,-104.93,147177,884742,,22.7,2020,StormEvents_details-ftp_v1.0_d2020_c20260323.csv.gz,https://www.ncei.noaa.gov/pub/data/swdi/stormevents/csvfiles/StormEvents_details-ftp_v1.0_d2020_c20260323.csv.gz,https://www.ncdc.noaa.gov/stormevents/eventdetails.jsp?id=884742
2020,May,15-MAY-20 17:26:00,15-MAY-20 17:26:00,COLORADO,WELD,ERIE,Hail,0.75,,Trained Spotter,40.06,-105.04,147177,884743,,28.345,2020,StormEvents_details-ftp_v1.0_d2020_c20260323.csv.gz,https://www.ncei.noaa.gov/pub/data/swdi/stormevents/csvfiles/StormEvents_details-ftp_v1.0_d2020_c20260323.csv.gz,https://www.ncdc.noaa.gov/stormevents/eventdetails.jsp?id=884743
2020,May,15-MAY-20 17:38:00,15-MAY-20 17:38:00,COLORADO,WELD,FT LUPTON,Hail,1,,Trained Spotter,40.07,-104.83,147177,884744,,24.077,2020,StormEvents_details-ftp_v1.0_d2020_c20260323.csv.gz,https://www.ncei.noaa.gov/pub/data/swdi/stormevents/csvfiles/StormEvents_details-ftp_v1.0_d2020_c20260323.csv.gz,https://www.ncdc.noaa.gov/stormevents/eventdetails.jsp?id=884744
2020,May,15-MAY-20 17:41:00,15-MAY-20 17:41:00,COLORADO,WELD,FT LUPTON,Hail,1,,Public,40.07,-104.81,147177,884745,,23.966,2020,StormEvents_details-ftp_v1.0_d2020_c20260323.csv.gz,https://www.ncei.noaa.gov/pub/data/swdi/stormevents/csvfiles/StormEvents_details-ftp_v1.0_d2020_c20260323.csv.gz,https://www.ncdc.noaa.gov/stormevents/eventdetails.jsp?id=884745
2020,July,20-JUL-20 15:47:00,20-JUL-20 15:47:00,COLORADO,LARIMER,BUCKEYE,Hail,1,,Trained Spotter,40.84,-104.95,149783,902809,,30.767,2020,StormEvents_details-ftp_v1.0_d2020_c20260323.csv.gz,https://www.ncei.noaa.gov/pub/data/swdi/stormevents/csvfiles/StormEvents_details-ftp_v1.0_d2020_c20260323.csv.gz,https://www.ncdc.noaa.gov/stormevents/eventdetails.jsp?id=902809
2020,July,20-JUL-20 16:10:00,20-JUL-20 16:10:00,COLORADO,WELD,NUNN,Hail,1,,Amateur Radio,40.73,-104.78,149783,902810,,21.723,2020,StormEvents_details-ftp_v1.0_d2020_c20260323.csv.gz,https://www.ncei.noaa.gov/pub/data/swdi/stormevents/csvfiles/StormEvents_details-ftp_v1.0_d2020_c20260323.csv.gz,https://www.ncdc.noaa.gov/stormevents/eventdetails.jsp?id=902810
2020,July,20-JUL-20 16:12:00,20-JUL-20 16:12:00,COLORADO,WELD,NUNN,Hail,1.5,,Amateur Radio,40.7,-104.78,149783,902811,,19.65,2020,StormEvents_details-ftp_v1.0_d2020_c20260323.csv.gz,https://www.ncei.noaa.gov/pub/data/swdi/stormevents/csvfiles/StormEvents_details-ftp_v1.0_d2020_c20260323.csv.gz,https://www.ncdc.noaa.gov/stormevents/eventdetails.jsp?id=902811
2020,May,20-MAY-20 19:50:00,20-MAY-20 19:50:00,COLORADO,WELD,KEOTA,Hail,1.25,,Trained Spotter,40.64,-104.18,147178,884746,,34.747,2020,StormEvents_details-ftp_v1.0_d2020_c20260323.csv.gz,https://www.ncei.noaa.gov/pub/data/swdi/stormevents/csvfiles/StormEvents_details-ftp_v1.0_d2020_c20260323.csv.gz,https://www.ncdc.noaa.gov/stormevents/eventdetails.jsp?id=884746
2020,May,20-MAY-20 20:05:00,20-MAY-20 20:05:00,COLORADO,WELD,KEOTA,Hail,1.5,,Trained Spotter,40.64,-104.18,147178,884747,,34.747,2020,StormEvents_details-ftp_v1.0_d2020_c20260323.csv.gz,https://www.ncei.noaa.gov/pub/data/swdi/stormevents/csvfiles/StormEvents_details-ftp_v1.0_d2020_c20260323.csv.gz,https://www.ncdc.noaa.gov/stormevents/eventdetails.jsp?id=884747
2020,June,26-JUN-20 15:45:00,26-JUN-20 15:45:00,WYOMING,LARAMIE,CARPENTER,Hail,1,,Trained Spotter,41.04,-104.38,148035,891406,,47.775,2020,StormEvents_details-ftp_v1.0_d2020_c20260323.csv.gz,https://www.ncei.noaa.gov/pub/data/swdi/stormevents/csvfiles/StormEvents_details-ftp_v1.0_d2020_c20260323.csv.gz,https://www.ncdc.noaa.gov/stormevents/eventdetails.jsp?id=891406
2020,June,26-JUN-20 15:56:00,26-JUN-20 15:56:00,WYOMING,LARAMIE,CARPENTER,Hail,1.25,,Trained Spotter,41.03,-104.34,148035,891404,,48.102,2020,StormEvents_details-ftp_v1.0_d2020_c20260323.csv.gz,https://www.ncei.noaa.gov/pub/data/swdi/stormevents/csvfiles/StormEvents_details-ftp_v1.0_d2020_c20260323.csv.gz,https://www.ncdc.noaa.gov/stormevents/eventdetails.jsp?id=891404
2020,July,30-JUL-20 15:32:00,30-JUL-20 15:32:00,COLORADO,WELD,LA SALLE,Hail,0.75,,Trained Spotter,40.38,-104.77,149789,902817,,2.466,2020,StormEvents_details-ftp_v1.0_d2020_c20260323.csv.gz,https://www.ncei.noaa.gov/pub/data/swdi/stormevents/csvfiles/StormEvents_details-ftp_v1.0_d2020_c20260323.csv.gz,https://www.ncdc.noaa.gov/stormevents/eventdetails.jsp?id=902817
2020,May,30-MAY-20 17:30:00,30-MAY-20 17:30:00,COLORADO,LARIMER,FT COLLINS,Hail,0.75,,Trained Spotter,40.58,-105.1,147854,890165,,20.631,2020,StormEvents_details-ftp_v1.0_d2020_c20260323.csv.gz,https://www.ncei.noaa.gov/pub/data/swdi/stormevents/csvfiles/StormEvents_details-ftp_v1.0_d2020_c20260323.csv.gz,https://www.ncdc.noaa.gov/stormevents/eventdetails.jsp?id=890165
2020,July,31-JUL-20 16:32:00,31-JUL-20 16:32:00,COLORADO,BOULDER,LONGMONT MUNI ARPT,Hail,1,,Trained Spotter,40.15,-105.18,149791,902820,,28.267,2020,StormEvents_details-ftp_v1.0_d2020_c20260323.csv.gz,https://www.ncei.noaa.gov/pub/data/swdi/stormevents/csvfiles/StormEvents_details-ftp_v1.0_d2020_c20260323.csv.gz,https://www.ncdc.noaa.gov/stormevents/eventdetails.jsp?id=902820
2020,July,31-JUL-20 18:16:00,31-JUL-20 18:16:00,COLORADO,WELD,FIRESTONE,Hail,0.75,,Trained Spotter,40.15,-104.93,149791,902821,,20.153,2020,StormEvents_details-ftp_v1.0_d2020_c20260323.csv.gz,https://www.ncei.noaa.gov/pub/data/swdi/stormevents/csvfiles/StormEvents_details-ftp_v1.0_d2020_c20260323.csv.gz,https://www.ncdc.noaa.gov/stormevents/eventdetails.jsp?id=902821
2020,July,31-JUL-20 19:43:00,31-JUL-20 19:43:00,COLORADO,WELD,FIRESTONE,Hail,0.75,,Trained Spotter,40.12,-104.96,149791,902822,,22.702,2020,StormEvents_details-ftp_v1.0_d2020_c20260323.csv.gz,https://www.ncei.noaa.gov/pub/data/swdi/stormevents/csvfiles/StormEvents_details-ftp_v1.0_d2020_c20260323.csv.gz,https://www.ncdc.noaa.gov/stormevents/eventdetails.jsp?id=902822
2021,July,01-JUL-21 12:39:00,01-JUL-21 12:39:00,COLORADO,WELD,WINDSOR,Hail,1.25,,Public,40.41,-104.82,160851,971599,,2.547,2021,StormEvents_details-ftp_v1.0_d2021_c20260323.csv.gz,https://www.ncei.noaa.gov/pub/data/swdi/stormevents/csvfiles/StormEvents_details-ftp_v1.0_d2021_c20260323.csv.gz,https://www.ncdc.noaa.gov/stormevents/eventdetails.jsp?id=971599
2021,July,01-JUL-21 13:02:00,01-JUL-21 13:02:00,COLORADO,WELD,GREELEY,Hail,1,,Broadcast Media,40.42,-104.74,160851,971600,,1.718,2021,StormEvents_details-ftp_v1.0_d2021_c20260323.csv.gz,https://www.ncei.noaa.gov/pub/data/swdi/stormevents/csvfiles/StormEvents_details-ftp_v1.0_d2021_c20260323.csv.gz,https://www.ncdc.noaa.gov/stormevents/eventdetails.jsp?id=971600
2021,July,02-JUL-21 17:50:00,02-JUL-21 17:50:00,COLORADO,ADAMS,BARR LAKE,Hail,1.25,,Public,39.96,-104.8,160859,971619,,31.517,2021,StormEvents_details-ftp_v1.0_d2021_c20260323.csv.gz,https://www.ncei.noaa.gov/pub/data/swdi/stormevents/csvfiles/StormEvents_details-ftp_v1.0_d2021_c20260323.csv.gz,https://www.ncdc.noaa.gov/stormevents/eventdetails.jsp?id=971619
2021,July,02-JUL-21 17:53:00,02-JUL-21 17:53:00,COLORADO,ADAMS,BRIGHTON,Hail,1,,Public,39.98,-104.83,160859,971618,,30.256,2021,StormEvents_details-ftp_v1.0_d2021_c20260323.csv.gz,https://www.ncei.noaa.gov/pub/data/swdi/stormevents/csvfiles/StormEvents_details-ftp_v1.0_d2021_c20260323.csv.gz,https://www.ncdc.noaa.gov/stormevents/eventdetails.jsp?id=971618
2021,July,02-JUL-21 17:55:00,02-JUL-21 17:55:00,COLORADO,ADAMS,BRIGHTON,Hail,1.75,,Trained Spotter,39.99,-104.8,160859,971617,,29.447,2021,StormEvents_details-ftp_v1.0_d2021_c20260323.csv.gz,https://www.ncei.noaa.gov/pub/data/swdi/stormevents/csvfiles/StormEvents_details-ftp_v1.0_d2021_c20260323.csv.gz,https://www.ncdc.noaa.gov/stormevents/eventdetails.jsp?id=971617
2021,May,02-MAY-21 09:29:00,02-MAY-21 09:29:00,COLORADO,BOULDER,NEDERLAND,Hail,0.75,,Public,39.99,-105.45,157719,953687,,46.309,2021,StormEvents_details-ftp_v1.0_d2021_c20260323.csv.gz,https://www.ncei.noaa.gov/pub/data/swdi/stormevents/csvfiles/StormEvents_details-ftp_v1.0_d2021_c20260323.csv.gz,https://www.ncdc.noaa.gov/stormevents/eventdetails.jsp?id=953687
2021,July,09-JUL-21 13:51:00,09-JUL-21 13:51:00,COLORADO,WELD,GROVER,Hail,1,,Trained Spotter,40.9,-104.28,160870,971639,,42.253,2021,StormEvents_details-ftp_v1.0_d2021_c20260323.csv.gz,https://www.ncei.noaa.gov/pub/data/swdi/stormevents/csvfiles/StormEvents_details-ftp_v1.0_d2021_c20260323.csv.gz,https://www.ncdc.noaa.gov/stormevents/eventdetails.jsp?id=971639
2021,June,13-JUN-21 15:25:00,13-JUN-21 15:25:00,COLORADO,DENVER,DENVER,Hail,0.88,,Public,39.72,-104.92,159493,964558,,48.697,2021,StormEvents_details-ftp_v1.0_d2021_c20260323.csv.gz,https://www.ncei.noaa.gov/pub/data/swdi/stormevents/csvfiles/StormEvents_details-ftp_v1.0_d2021_c20260323.csv.gz,https://www.ncdc.noaa.gov/stormevents/eventdetails.jsp?id=964558
2021,June,13-JUN-21 15:37:00,13-JUN-21 15:37:00,COLORADO,DENVER,GLENDALE,Hail,1,,Public,39.71,-104.89,159493,964563,,49.153,2021,StormEvents_details-ftp_v1.0_d2021_c20260323.csv.gz,https://www.ncei.noaa.gov/pub/data/swdi/stormevents/csvfiles/StormEvents_details-ftp_v1.0_d2021_c20260323.csv.gz,https://www.ncdc.noaa.gov/stormevents/eventdetails.jsp?id=964563
2021,June,13-JUN-21 15:54:00,13-JUN-21 15:54:00,COLORADO,ADAMS,AURORA,Hail,1.75,,Public,39.75,-104.82,159493,964567,,46.062,2021,StormEvents_details-ftp_v1.0_d2021_c20260323.csv.gz,https://www.ncei.noaa.gov/pub/data/swdi/stormevents/csvfiles/StormEvents_details-ftp_v1.0_d2021_c20260323.csv.gz,https://www.ncdc.noaa.gov/stormevents/eventdetails.jsp?id=964567
2021,June,13-JUN-21 16:00:00,13-JUN-21 16:00:00,COLORADO,ARAPAHOE,(BKF)BUCKLEY AIR FORCE BASE,Hail,1.5,,Public,39.71,-104.81,159493,964569,,48.798,2021,StormEvents_details-ftp_v1.0_d2021_c20260323.csv.gz,https://www.ncei.noaa.gov/pub/data/swdi/stormevents/csvfiles/StormEvents_details-ftp_v1.0_d2021_c20260323.csv.gz,https://www.ncdc.noaa.gov/stormevents/eventdetails.jsp?id=964569
2021,June,13-JUN-21 17:17:00,13-JUN-21 17:17:00,WYOMING,LARAMIE,CARPENTER,Hail,1.75,,Public,41.03,-104.44,158103,955708,,45.872,2021,StormEvents_details-ftp_v1.0_d2021_c20260323.csv.gz,https://www.ncei.noaa.gov/pub/data/swdi/stormevents/csvfiles/StormEvents_details-ftp_v1.0_d2021_c20260323.csv.gz,https://www.ncdc.noaa.gov/stormevents/eventdetails.jsp?id=955708
2021,June,13-JUN-21 18:10:00,13-JUN-21 18:10:00,COLORADO,WELD,LA SALLE,Hail,1,,Trained Spotter,40.35,-104.71,159493,964580,,5.593,2021,StormEvents_details-ftp_v1.0_d2021_c20260323.csv.gz,https://www.ncei.noaa.gov/pub/data/swdi/stormevents/csvfiles/StormEvents_details-ftp_v1.0_d2021_c20260323.csv.gz,https://www.ncdc.noaa.gov/stormevents/eventdetails.jsp?id=964580
2021,June,13-JUN-21 18:15:00,13-JUN-21 18:15:00,COLORADO,WELD,JOHNSTOWN,Hail,1.5,,Broadcast Media,40.32,-104.86,159493,964588,,8.067,2021,StormEvents_details-ftp_v1.0_d2021_c20260323.csv.gz,https://www.ncei.noaa.gov/pub/data/swdi/stormevents/csvfiles/StormEvents_details-ftp_v1.0_d2021_c20260323.csv.gz,https://www.ncdc.noaa.gov/stormevents/eventdetails.jsp?id=964588
2021,June,13-JUN-21 18:17:00,13-JUN-21 18:17:00,COLORADO,WELD,EVANS,Hail,1.25,,Public,40.37,-104.7,159493,964586,,4.936,2021,StormEvents_details-ftp_v1.0_d2021_c20260323.csv.gz,https://www.ncei.noaa.gov/pub/data/swdi/stormevents/csvfiles/StormEvents_details-ftp_v1.0_d2021_c20260323.csv.gz,https://www.ncdc.noaa.gov/stormevents/eventdetails.jsp?id=964586
2021,June,13-JUN-21 18:22:00,13-JUN-21 18:22:00,COLORADO,WELD,JOHNSTOWN,Hail,1.25,,Trained Spotter,40.32,-104.85,159493,964585,,7.777,2021,StormEvents_details-ftp_v1.0_d2021_c20260323.csv.gz,https://www.ncei.noaa.gov/pub/data/swdi/stormevents/csvfiles/StormEvents_details-ftp_v1.0_d2021_c20260323.csv.gz,https://www.ncdc.noaa.gov/stormevents/eventdetails.jsp?id=964585
2021,June,13-JUN-21 18:27:00,13-JUN-21 18:27:00,COLORADO,WELD,JOHNSTOWN,Hail,1.25,,Public,40.33,-104.86,159493,964584,,7.511,2021,StormEvents_details-ftp_v1.0_d2021_c20260323.csv.gz,https://www.ncei.noaa.gov/pub/data/swdi/stormevents/csvfiles/StormEvents_details-ftp_v1.0_d2021_c20260323.csv.gz,https://www.ncdc.noaa.gov/stormevents/eventdetails.jsp?id=964584
2021,June,13-JUN-21 20:24:00,13-JUN-21 20:24:00,COLORADO,WELD,SEVERANCE,Hail,1,,Trained Spotter,40.52,-104.86,159493,964591,,8.561,2021,StormEvents_details-ftp_v1.0_d2021_c20260323.csv.gz,https://www.ncei.noaa.gov/pub/data/swdi/stormevents/csvfiles/StormEvents_details-ftp_v1.0_d2021_c20260323.csv.gz,https://www.ncdc.noaa.gov/stormevents/eventdetails.jsp?id=964591
2021,August,14-AUG-21 18:52:00,14-AUG-21 18:52:00,WYOMING,LARAMIE,ARCHER,Hail,1,,Trained Spotter,41.05,-104.67,161534,975588,Spotter reported quarter sized hail 9 miles southeast of Cheyenne.,44.154,2021,StormEvents_details-ftp_v1.0_d2021_c20260323.csv.gz,https://www.ncei.noaa.gov/pub/data/swdi/stormevents/csvfiles/StormEvents_details-ftp_v1.0_d2021_c20260323.csv.gz,https://www.ncdc.noaa.gov/stormevents/eventdetails.jsp?id=975588
2021,May,14-MAY-21 19:40:00,14-MAY-21 19:40:00,COLORADO,MORGAN,GOODRICH,Hail,1,,Trained Spotter,40.38,-104.09,157774,953705,,35.978,2021,StormEvents_details-ftp_v1.0_d2021_c20260323.csv.gz,https://www.ncei.noaa.gov/pub/data/swdi/stormevents/csvfiles/StormEvents_details-ftp_v1.0_d2021_c20260323.csv.gz,https://www.ncdc.noaa.gov/stormevents/eventdetails.jsp?id=953705
2021,May,14-MAY-21 19:58:00,14-MAY-21 19:58:00,COLORADO,MORGAN,WIGGINS,Hail,1,,Trained Spotter,40.22,-104.07,157774,953706,,39.383,2021,StormEvents_details-ftp_v1.0_d2021_c20260323.csv.gz,https://www.ncei.noaa.gov/pub/data/swdi/stormevents/csvfiles/StormEvents_details-ftp_v1.0_d2021_c20260323.csv.gz,https://www.ncdc.noaa.gov/stormevents/eventdetails.jsp?id=953706
2021,May,14-MAY-21 20:01:00,14-MAY-21 20:01:00,COLORADO,MORGAN,WIGGINS,Hail,1,,Trained Spotter,40.26,-104.06,157774,953707,,39.018,2021,StormEvents_details-ftp_v1.0_d2021_c20260323.csv.gz,https://www.ncei.noaa.gov/pub/data/swdi/stormevents/csvfiles/StormEvents_details-ftp_v1.0_d2021_c20260323.csv.gz,https://www.ncdc.noaa.gov/stormevents/eventdetails.jsp?id=953707
2021,May,14-MAY-21 20:05:00,14-MAY-21 20:05:00,COLORADO,MORGAN,WIGGINS,Hail,1.9,,Trained Spotter,40.25,-104,157774,953708,,42.249,2021,StormEvents_details-ftp_v1.0_d2021_c20260323.csv.gz,https://www.ncei.noaa.gov/pub/data/swdi/stormevents/csvfiles/StormEvents_details-ftp_v1.0_d2021_c20260323.csv.gz,https://www.ncdc.noaa.gov/stormevents/eventdetails.jsp?id=953708
2021,June,18-JUN-21 18:58:00,18-JUN-21 18:58:00,WYOMING,LARAMIE,CHEYENNE,Hail,1,,Emergency Manager,41.1387,-104.7901,158253,956743,,49.966,2021,StormEvents_details-ftp_v1.0_d2021_c20260323.csv.gz,https://www.ncei.noaa.gov/pub/data/swdi/stormevents/csvfiles/StormEvents_details-ftp_v1.0_d2021_c20260323.csv.gz,https://www.ncdc.noaa.gov/stormevents/eventdetails.jsp?id=956743
2021,June,18-JUN-21 19:00:00,18-JUN-21 19:00:00,WYOMING,LARAMIE,CHEYENNE,Hail,1.25,,NWS Employee,41.1338,-104.7767,158253,956747,,49.619,2021,StormEvents_details-ftp_v1.0_d2021_c20260323.csv.gz,https://www.ncei.noaa.gov/pub/data/swdi/stormevents/csvfiles/StormEvents_details-ftp_v1.0_d2021_c20260323.csv.gz,https://www.ncdc.noaa.gov/stormevents/eventdetails.jsp?id=956747
2021,June,18-JUN-21 19:10:00,18-JUN-21 19:10:00,WYOMING,LARAMIE,CHEYENNE,Hail,0.88,,Amateur Radio,41.1321,-104.7524,158253,956752,,49.512,2021,StormEvents_details-ftp_v1.0_d2021_c20260323.csv.gz,https://www.ncei.noaa.gov/pub/data/swdi/stormevents/csvfiles/StormEvents_details-ftp_v1.0_d2021_c20260323.csv.gz,https://www.ncdc.noaa.gov/stormevents/eventdetails.jsp?id=956752
2021,August,19-AUG-21 13:25:00,19-AUG-21 13:25:00,COLORADO,JEFFERSON,GOLDEN,Hail,2,,Public,39.8,-105.22,162089,978625,,48.678,2021,StormEvents_details-ftp_v1.0_d2021_c20260323.csv.gz,https://www.ncei.noaa.gov/pub/data/swdi/stormevents/csvfiles/StormEvents_details-ftp_v1.0_d2021_c20260323.csv.gz,https://www.ncdc.noaa.gov/stormevents/eventdetails.jsp?id=978625
2021,August,19-AUG-21 13:28:00,19-AUG-21 13:28:00,COLORADO,JEFFERSON,ARVADA,Hail,1,,Trained Spotter,39.83,-105.15,162089,978626,,45.121,2021,StormEvents_details-ftp_v1.0_d2021_c20260323.csv.gz,https://www.ncei.noaa.gov/pub/data/swdi/stormevents/csvfiles/StormEvents_details-ftp_v1.0_d2021_c20260323.csv.gz,https://www.ncdc.noaa.gov/stormevents/eventdetails.jsp?id=978626
2021,August,19-AUG-21 13:29:00,19-AUG-21 13:29:00,COLORADO,JEFFERSON,GOLDEN,Hail,1.5,,Public,39.81,-105.18,162089,978627,,47.07,2021,StormEvents_details-ftp_v1.0_d2021_c20260323.csv.gz,https://www.ncei.noaa.gov/pub/data/swdi/stormevents/csvfiles/StormEvents_details-ftp_v1.0_d2021_c20260323.csv.gz,https://www.ncdc.noaa.gov/stormevents/eventdetails.jsp?id=978627
2021,August,19-AUG-21 13:40:00,19-AUG-21 13:40:00,COLORADO,JEFFERSON,JEFFERSON CO ARPT,Hail,0.75,,Public,39.88,-105.13,162089,978628,,41.557,2021,StormEvents_details-ftp_v1.0_d2021_c20260323.csv.gz,https://www.ncei.noaa.gov/pub/data/swdi/stormevents/csvfiles/StormEvents_details-ftp_v1.0_d2021_c20260323.csv.gz,https://www.ncdc.noaa.gov/stormevents/eventdetails.jsp?id=978628
2021,August,19-AUG-21 13:40:00,19-AUG-21 13:40:00,COLORADO,JEFFERSON,ARVADA,Hail,1,,Public,39.85,-105.08,162089,978629,,42.332,2021,StormEvents_details-ftp_v1.0_d2021_c20260323.csv.gz,https://www.ncei.noaa.gov/pub/data/swdi/stormevents/csvfiles/StormEvents_details-ftp_v1.0_d2021_c20260323.csv.gz,https://www.ncdc.noaa.gov/stormevents/eventdetails.jsp?id=978629
2021,August,19-AUG-21 13:45:00,19-AUG-21 13:45:00,COLORADO,JEFFERSON,BROOMFIELD,Hail,1.5,,Public,39.87,-105.09,162089,978632,,41.27,2021,StormEvents_details-ftp_v1.0_d2021_c20260323.csv.gz,https://www.ncei.noaa.gov/pub/data/swdi/stormevents/csvfiles/StormEvents_details-ftp_v1.0_d2021_c20260323.csv.gz,https://www.ncdc.noaa.gov/stormevents/eventdetails.jsp?id=978632
2021,August,19-AUG-21 13:45:00,19-AUG-21 13:45:00,COLORADO,ADAMS,FEDERAL HGT,Hail,1,,Trained Spotter,39.88,-105.03,162089,978642,,39.436,2021,StormEvents_details-ftp_v1.0_d2021_c20260323.csv.gz,https://www.ncei.noaa.gov/pub/data/swdi/stormevents/csvfiles/StormEvents_details-ftp_v1.0_d2021_c20260323.csv.gz,https://www.ncdc.noaa.gov/stormevents/eventdetails.jsp?id=978642
2021,August,19-AUG-21 13:45:00,19-AUG-21 13:45:00,COLORADO,JEFFERSON,BROOMFIELD,Hail,1.25,,Trained Spotter,39.91,-105.06,162089,978658,,38.101,2021,StormEvents_details-ftp_v1.0_d2021_c20260323.csv.gz,https://www.ncei.noaa.gov/pub/data/swdi/stormevents/csvfiles/StormEvents_details-ftp_v1.0_d2021_c20260323.csv.gz,https://www.ncdc.noaa.gov/stormevents/eventdetails.jsp?id=978658
2021,August,19-AUG-21 13:46:00,19-AUG-21 13:46:00,COLORADO,JEFFERSON,BROOMFIELD,Hail,1.5,,Trained Spotter,39.88,-105.07,162089,978655,,40.215,2021,StormEvents_details-ftp_v1.0_d2021_c20260323.csv.gz,https://www.ncei.noaa.gov/pub/data/swdi/stormevents/csvfiles/StormEvents_details-ftp_v1.0_d2021_c20260323.csv.gz,https://www.ncdc.noaa.gov/stormevents/eventdetails.jsp?id=978655
2021,August,19-AUG-21 13:47:00,19-AUG-21 13:47:00,COLORADO,JEFFERSON,BROOMFIELD,Hail,1,,NWS Employee,39.89,-105.09,162089,978639,,40.011,2021,StormEvents_details-ftp_v1.0_d2021_c20260323.csv.gz,https://www.ncei.noaa.gov/pub/data/swdi/stormevents/csvfiles/StormEvents_details-ftp_v1.0_d2021_c20260323.csv.gz,https://www.ncdc.noaa.gov/stormevents/eventdetails.jsp?id=978639
2021,August,19-AUG-21 13:48:00,19-AUG-21 13:48:00,COLORADO,JEFFERSON,BROOMFIELD,Hail,1,,Public,39.88,-105.05,162089,978638,,39.813,2021,StormEvents_details-ftp_v1.0_d2021_c20260323.csv.gz,https://www.ncei.noaa.gov/pub/data/swdi/stormevents/csvfiles/StormEvents_details-ftp_v1.0_d2021_c20260323.csv.gz,https://www.ncdc.noaa.gov/stormevents/eventdetails.jsp?id=978638
2021,August,19-AUG-21 13:49:00,19-AUG-21 13:49:00,COLORADO,JEFFERSON,BROOMFIELD,Hail,1,,Public,39.87,-105.08,162089,978637,,41.058,2021,StormEvents_details-ftp_v1.0_d2021_c20260323.csv.gz,https://www.ncei.noaa.gov/pub/data/swdi/stormevents/csvfiles/StormEvents_details-ftp_v1.0_d2021_c20260323.csv.gz,https://www.ncdc.noaa.gov/stormevents/eventdetails.jsp?id=978637
2021,August,19-AUG-21 13:50:00,19-AUG-21 13:50:00,COLORADO,BROOMFIELD,BROOMFIELD,Hail,0.75,,Public,39.93,-105.02,162089,978635,,36.017,2021,StormEvents_details-ftp_v1.0_d2021_c20260323.csv.gz,https://www.ncei.noaa.gov/pub/data/swdi/stormevents/csvfiles/StormEvents_details-ftp_v1.0_d2021_c20260323.csv.gz,https://www.ncdc.noaa.gov/stormevents/eventdetails.jsp?id=978635
2021,August,19-AUG-21 13:50:00,19-AUG-21 13:50:00,COLORADO,ADAMS,FEDERAL HGT,Hail,1,,Trained Spotter,39.89,-105.04,162089,978636,,38.977,2021,StormEvents_details-ftp_v1.0_d2021_c20260323.csv.gz,https://www.ncei.noaa.gov/pub/data/swdi/stormevents/csvfiles/StormEvents_details-ftp_v1.0_d2021_c20260323.csv.gz,https://www.ncdc.noaa.gov/stormevents/eventdetails.jsp?id=978636
2021,August,19-AUG-21 13:50:00,19-AUG-21 13:50:00,COLORADO,ADAMS,FEDERAL HGT,Hail,1.25,,Trained Spotter,39.89,-105.01,162089,978647,,38.43,2021,StormEvents_details-ftp_v1.0_d2021_c20260323.csv.gz,https://www.ncei.noaa.gov/pub/data/swdi/stormevents/csvfiles/StormEvents_details-ftp_v1.0_d2021_c20260323.csv.gz,https://www.ncdc.noaa.gov/stormevents/eventdetails.jsp?id=978647
2021,August,19-AUG-21 13:50:00,19-AUG-21 13:50:00,COLORADO,ADAMS,FEDERAL HGT,Hail,1,,Trained Spotter,39.9,-105.03,162089,978648,,38.142,2021,StormEvents_details-ftp_v1.0_d2021_c20260323.csv.gz,https://www.ncei.noaa.gov/pub/data/swdi/stormevents/csvfiles/StormEvents_details-ftp_v1.0_d2021_c20260323.csv.gz,https://www.ncdc.noaa.gov/stormevents/eventdetails.jsp?id=978648
2021,August,19-AUG-21 13:50:00,19-AUG-21 13:50:00,COLORADO,JEFFERSON,BROOMFIELD,Hail,1.25,,Public,39.9,-105.06,162089,978649,,38.736,2021,StormEvents_details-ftp_v1.0_d2021_c20260323.csv.gz,https://www.ncei.noaa.gov/pub/data/swdi/stormevents/csvfiles/StormEvents_details-ftp_v1.0_d2021_c20260323.csv.gz,https://www.ncdc.noaa.gov/stormevents/eventdetails.jsp?id=978649
2021,August,19-AUG-21 13:53:00,19-AUG-21 13:53:00,COLORADO,ADAMS,NORTHGLENN,Hail,0.75,,Public,39.93,-105,162089,978633,,35.647,2021,StormEvents_details-ftp_v1.0_d2021_c20260323.csv.gz,https://www.ncei.noaa.gov/pub/data/swdi/stormevents/csvfiles/StormEvents_details-ftp_v1.0_d2021_c20260323.csv.gz,https://www.ncdc.noaa.gov/stormevents/eventdetails.jsp?id=978633
2021,August,19-AUG-21 13:53:00,19-AUG-21 13:53:00,COLORADO,BROOMFIELD,BROOMFIELD,Hail,1,,Public,39.93,-105.02,162089,978634,,36.017,2021,StormEvents_details-ftp_v1.0_d2021_c20260323.csv.gz,https://www.ncei.noaa.gov/pub/data/swdi/stormevents/csvfiles/StormEvents_details-ftp_v1.0_d2021_c20260323.csv.gz,https://www.ncdc.noaa.gov/stormevents/eventdetails.jsp?id=978634
2021,August,19-AUG-21 14:06:00,19-AUG-21 14:06:00,COLORADO,ADAMS,NORTHGLENN,Hail,1,,Public,39.93,-104.95,162089,978641,,34.845,2021,StormEvents_details-ftp_v1.0_d2021_c20260323.csv.gz,https://www.ncei.noaa.gov/pub/data/swdi/stormevents/csvfiles/StormEvents_details-ftp_v1.0_d2021_c20260323.csv.gz,https://www.ncdc.noaa.gov/stormevents/eventdetails.jsp?id=978641
2021,August,19-AUG-21 14:09:00,19-AUG-21 14:09:00,COLORADO,ADAMS,HENDERSON,Hail,0.75,,Trained Spotter,39.96,-104.9,162089,978640,,32.198,2021,StormEvents_details-ftp_v1.0_d2021_c20260323.csv.gz,https://www.ncei.noaa.gov/pub/data/swdi/stormevents/csvfiles/StormEvents_details-ftp_v1.0_d2021_c20260323.csv.gz,https://www.ncdc.noaa.gov/stormevents/eventdetails.jsp?id=978640
2021,August,19-AUG-21 14:30:00,19-AUG-21 14:30:00,COLORADO,WELD,ROGGEN,Hail,1.5,,Storm Chaser,40.17,-104.37,162089,978657,,27.153,2021,StormEvents_details-ftp_v1.0_d2021_c20260323.csv.gz,https://www.ncei.noaa.gov/pub/data/swdi/stormevents/csvfiles/StormEvents_details-ftp_v1.0_d2021_c20260323.csv.gz,https://www.ncdc.noaa.gov/stormevents/eventdetails.jsp?id=978657
2021,August,19-AUG-21 15:02:00,19-AUG-21 15:02:00,COLORADO,ADAMS,BENNETT,Hail,1.5,,Public,39.75,-104.45,162089,978652,,49.044,2021,StormEvents_details-ftp_v1.0_d2021_c20260323.csv.gz,https://www.ncei.noaa.gov/pub/data/swdi/stormevents/csvfiles/StormEvents_details-ftp_v1.0_d2021_c20260323.csv.gz,https://www.ncdc.noaa.gov/stormevents/eventdetails.jsp?id=978652
2021,August,19-AUG-21 15:05:00,19-AUG-21 15:05:00,COLORADO,ADAMS,BENNETT,Hail,1.25,,Public,39.76,-104.42,162089,978656,,48.977,2021,StormEvents_details-ftp_v1.0_d2021_c20260323.csv.gz,https://www.ncei.noaa.gov/pub/data/swdi/stormevents/csvfiles/StormEvents_details-ftp_v1.0_d2021_c20260323.csv.gz,https://www.ncdc.noaa.gov/stormevents/eventdetails.jsp?id=978656
2021,August,19-AUG-21 15:06:00,19-AUG-21 15:06:00,COLORADO,WELD,MASTERS,Hail,0.88,,Trained Spotter,40.22,-104.2,162089,978651,,33.035,2021,StormEvents_details-ftp_v1.0_d2021_c20260323.csv.gz,https://www.ncei.noaa.gov/pub/data/swdi/stormevents/csvfiles/StormEvents_details-ftp_v1.0_d2021_c20260323.csv.gz,https://www.ncdc.noaa.gov/stormevents/eventdetails.jsp?id=978651
2021,August,19-AUG-21 15:19:00,19-AUG-21 15:19:00,COLORADO,MORGAN,ORCHARD,Hail,0.75,,Public,40.29,-104.09,162089,978654,,36.952,2021,StormEvents_details-ftp_v1.0_d2021_c20260323.csv.gz,https://www.ncei.noaa.gov/pub/data/swdi/stormevents/csvfiles/StormEvents_details-ftp_v1.0_d2021_c20260323.csv.gz,https://www.ncdc.noaa.gov/stormevents/eventdetails.jsp?id=978654
2021,May,22-MAY-21 14:23:00,22-MAY-21 14:23:00,COLORADO,ADAMS,BENNETT,Hail,1,,Public,39.96,-104.36,157779,953727,,38.268,2021,StormEvents_details-ftp_v1.0_d2021_c20260323.csv.gz,https://www.ncei.noaa.gov/pub/data/swdi/stormevents/csvfiles/StormEvents_details-ftp_v1.0_d2021_c20260323.csv.gz,https://www.ncdc.noaa.gov/stormevents/eventdetails.jsp?id=953727
2021,June,25-JUN-21 13:00:00,25-JUN-21 13:00:00,COLORADO,BOULDER,BOULDER,Hail,1,,Trained Spotter,40.04,-105.32,159500,968506,,38.844,2021,StormEvents_details-ftp_v1.0_d2021_c20260323.csv.gz,https://www.ncei.noaa.gov/pub/data/swdi/stormevents/csvfiles/StormEvents_details-ftp_v1.0_d2021_c20260323.csv.gz,https://www.ncdc.noaa.gov/stormevents/eventdetails.jsp?id=968506
2021,April,27-APR-21 12:00:00,27-APR-21 12:00:00,COLORADO,ADAMS,MANILA,Hail,1,,Storm Chaser,39.91,-104.41,157578,952517,,39.828,2021,StormEvents_details-ftp_v1.0_d2021_c20260323.csv.gz,https://www.ncei.noaa.gov/pub/data/swdi/stormevents/csvfiles/StormEvents_details-ftp_v1.0_d2021_c20260323.csv.gz,https://www.ncdc.noaa.gov/stormevents/eventdetails.jsp?id=952517
2021,April,27-APR-21 13:29:00,27-APR-21 13:29:00,COLORADO,WELD,FREDERICK,Hail,0.75,,NWS Employee,40.1,-104.93,157578,952518,,23.344,2021,StormEvents_details-ftp_v1.0_d2021_c20260323.csv.gz,https://www.ncei.noaa.gov/pub/data/swdi/stormevents/csvfiles/StormEvents_details-ftp_v1.0_d2021_c20260323.csv.gz,https://www.ncdc.noaa.gov/stormevents/eventdetails.jsp?id=952518
2021,May,29-MAY-21 13:33:00,29-MAY-21 13:33:00,WYOMING,LARAMIE,SPEER,Hail,1,,NWS Employee,41.06,-104.9,157683,953272,,45.02,2021,StormEvents_details-ftp_v1.0_d2021_c20260323.csv.gz,https://www.ncei.noaa.gov/pub/data/swdi/stormevents/csvfiles/StormEvents_details-ftp_v1.0_d2021_c20260323.csv.gz,https://www.ncdc.noaa.gov/stormevents/eventdetails.jsp?id=953272
2021,May,29-MAY-21 13:36:00,29-MAY-21 13:36:00,WYOMING,LARAMIE,SPEER,Hail,1,,Public,41.04,-104.85,157683,953273,,43.33,2021,StormEvents_details-ftp_v1.0_d2021_c20260323.csv.gz,https://www.ncei.noaa.gov/pub/data/swdi/stormevents/csvfiles/StormEvents_details-ftp_v1.0_d2021_c20260323.csv.gz,https://www.ncdc.noaa.gov/stormevents/eventdetails.jsp?id=953273
2021,July,30-JUL-21 14:54:00,30-JUL-21 14:54:00,COLORADO,LARIMER,WELLINGTON,Hail,1,,CoCoRaHS,40.7,-105,161486,975406,,23,2021,StormEvents_details-ftp_v1.0_d2021_c20260323.csv.gz,https://www.ncei.noaa.gov/pub/data/swdi/stormevents/csvfiles/StormEvents_details-ftp_v1.0_d2021_c20260323.csv.gz,https://www.ncdc.noaa.gov/stormevents/eventdetails.jsp?id=975406
2021,July,30-JUL-21 14:55:00,30-JUL-21 14:55:00,COLORADO,LARIMER,WELLINGTON,Hail,1,,Public,40.72,-104.99,161486,975405,,23.935,2021,StormEvents_details-ftp_v1.0_d2021_c20260323.csv.gz,https://www.ncei.noaa.gov/pub/data/swdi/stormevents/csvfiles/StormEvents_details-ftp_v1.0_d2021_c20260323.csv.gz,https://www.ncdc.noaa.gov/stormevents/eventdetails.jsp?id=975405
2022,October,01-OCT-22 14:26:00,01-OCT-22 14:27:00,COLORADO,BOULDER,BOULDER ARPT,Hail,0.75,,Public,40.03,-105.24,174109,1061123,,36.321,2022,StormEvents_details-ftp_v1.0_d2022_c20260625.csv.gz,https://www.ncei.noaa.gov/pub/data/swdi/stormevents/csvfiles/StormEvents_details-ftp_v1.0_d2022_c20260625.csv.gz,https://www.ncdc.noaa.gov/stormevents/eventdetails.jsp?id=1061123
2022,October,01-OCT-22 14:47:00,01-OCT-22 14:48:00,COLORADO,WELD,ERIE,Hail,1,,Public,40.04,-105.05,174109,1061124,Report from Mping.,29.808,2022,StormEvents_details-ftp_v1.0_d2022_c20260625.csv.gz,https://www.ncei.noaa.gov/pub/data/swdi/stormevents/csvfiles/StormEvents_details-ftp_v1.0_d2022_c20260625.csv.gz,https://www.ncdc.noaa.gov/stormevents/eventdetails.jsp?id=1061124
2022,October,01-OCT-22 14:50:00,01-OCT-22 14:51:00,COLORADO,WELD,ERIE,Hail,1,,Public,40.05,-105.05,174109,1061125,Report from Mping.,29.208,2022,StormEvents_details-ftp_v1.0_d2022_c20260625.csv.gz,https://www.ncei.noaa.gov/pub/data/swdi/stormevents/csvfiles/StormEvents_details-ftp_v1.0_d2022_c20260625.csv.gz,https://www.ncdc.noaa.gov/stormevents/eventdetails.jsp?id=1061125
2022,October,01-OCT-22 14:51:00,01-OCT-22 14:52:00,COLORADO,WELD,ERIE,Hail,1,,Public,40.07,-105.05,174109,1061126,,28.02,2022,StormEvents_details-ftp_v1.0_d2022_c20260625.csv.gz,https://www.ncei.noaa.gov/pub/data/swdi/stormevents/csvfiles/StormEvents_details-ftp_v1.0_d2022_c20260625.csv.gz,https://www.ncdc.noaa.gov/stormevents/eventdetails.jsp?id=1061126
2022,October,01-OCT-22 14:52:00,01-OCT-22 14:53:00,COLORADO,BOULDER,LAFAYETTE,Hail,0.75,,Public,40.04,-105.07,174109,1061127,,30.341,2022,StormEvents_details-ftp_v1.0_d2022_c20260625.csv.gz,https://www.ncei.noaa.gov/pub/data/swdi/stormevents/csvfiles/StormEvents_details-ftp_v1.0_d2022_c20260625.csv.gz,https://www.ncdc.noaa.gov/stormevents/eventdetails.jsp?id=1061127
2022,October,01-OCT-22 14:54:00,01-OCT-22 14:55:00,COLORADO,WELD,ERIE,Hail,1.5,,Trained Spotter,40.05,-105.03,174109,1061128,,28.693,2022,StormEvents_details-ftp_v1.0_d2022_c20260625.csv.gz,https://www.ncei.noaa.gov/pub/data/swdi/stormevents/csvfiles/StormEvents_details-ftp_v1.0_d2022_c20260625.csv.gz,https://www.ncdc.noaa.gov/stormevents/eventdetails.jsp?id=1061128
2022,August,06-AUG-22 14:55:00,06-AUG-22 14:55:00,COLORADO,DENVER,DENVER,Hail,0.75,,Trained Spotter,39.72,-104.92,170941,1037444,"Heavy rain also accompanied the storm, 0.95 inch in 20 minutes.",48.697,2022,StormEvents_details-ftp_v1.0_d2022_c20260625.csv.gz,https://www.ncei.noaa.gov/pub/data/swdi/stormevents/csvfiles/StormEvents_details-ftp_v1.0_d2022_c20260625.csv.gz,https://www.ncdc.noaa.gov/stormevents/eventdetails.jsp?id=1037444
2022,June,16-JUN-22 19:34:00,16-JUN-22 19:34:00,COLORADO,WELD,FT LUPTON,Hail,1.25,,Public,40.12,-104.77,170985,1044463,,20.428,2022,StormEvents_details-ftp_v1.0_d2022_c20260625.csv.gz,https://www.ncei.noaa.gov/pub/data/swdi/stormevents/csvfiles/StormEvents_details-ftp_v1.0_d2022_c20260625.csv.gz,https://www.ncdc.noaa.gov/stormevents/eventdetails.jsp?id=1044463
2022,June,16-JUN-22 19:48:00,16-JUN-22 19:48:00,COLORADO,WELD,FT LUPTON,Hail,1,,Storm Chaser,40.12,-104.79,170985,1044462,,20.45,2022,StormEvents_details-ftp_v1.0_d2022_c20260625.csv.gz,https://www.ncei.noaa.gov/pub/data/swdi/stormevents/csvfiles/StormEvents_details-ftp_v1.0_d2022_c20260625.csv.gz,https://www.ncdc.noaa.gov/stormevents/eventdetails.jsp?id=1044462
2022,June,16-JUN-22 20:13:00,16-JUN-22 20:13:00,COLORADO,WELD,LOCHBUIE,Hail,1.5,,Public,40.02,-104.72,170985,1044464,,27.476,2022,StormEvents_details-ftp_v1.0_d2022_c20260625.csv.gz,https://www.ncei.noaa.gov/pub/data/swdi/stormevents/csvfiles/StormEvents_details-ftp_v1.0_d2022_c20260625.csv.gz,https://www.ncdc.noaa.gov/stormevents/eventdetails.jsp?id=1044464
2022,June,16-JUN-22 20:13:00,16-JUN-22 20:13:00,COLORADO,WELD,HUDSON,Hail,1.5,,Public,40.09,-104.64,170985,1044467,,23.555,2022,StormEvents_details-ftp_v1.0_d2022_c20260625.csv.gz,https://www.ncei.noaa.gov/pub/data/swdi/stormevents/csvfiles/StormEvents_details-ftp_v1.0_d2022_c20260625.csv.gz,https://www.ncdc.noaa.gov/stormevents/eventdetails.jsp?id=1044467
2022,June,16-JUN-22 20:35:00,16-JUN-22 20:35:00,COLORADO,LARIMER,CAMPION,Hail,1,,NWS Employee,40.37,-105.1,170985,1044466,,17.538,2022,StormEvents_details-ftp_v1.0_d2022_c20260625.csv.gz,https://www.ncei.noaa.gov/pub/data/swdi/stormevents/csvfiles/StormEvents_details-ftp_v1.0_d2022_c20260625.csv.gz,https://www.ncdc.noaa.gov/stormevents/eventdetails.jsp?id=1044466
2022,June,16-JUN-22 20:46:00,16-JUN-22 20:46:00,COLORADO,BOULDER,LYONS,Hail,1,,Trained Spotter,40.22,-105.27,170985,1044465,,29.506,2022,StormEvents_details-ftp_v1.0_d2022_c20260625.csv.gz,https://www.ncei.noaa.gov/pub/data/swdi/stormevents/csvfiles/StormEvents_details-ftp_v1.0_d2022_c20260625.csv.gz,https://www.ncdc.noaa.gov/stormevents/eventdetails.jsp?id=1044465
2022,July,26-JUL-22 14:52:00,26-JUL-22 14:52:00,COLORADO,BOULDER,NIWOT,Hail,0.75,,Trained Spotter,40.1,-105.17,170989,1037823,,30.261,2022,StormEvents_details-ftp_v1.0_d2022_c20260625.csv.gz,https://www.ncei.noaa.gov/pub/data/swdi/stormevents/csvfiles/StormEvents_details-ftp_v1.0_d2022_c20260625.csv.gz,https://www.ncdc.noaa.gov/stormevents/eventdetails.jsp?id=1037823
2022,July,27-JUL-22 16:25:00,27-JUL-22 16:25:00,COLORADO,WELD,NUNN,Hail,1,,CoCoRaHS,40.77,-104.69,170990,1043470,,24.859,2022,StormEvents_details-ftp_v1.0_d2022_c20260625.csv.gz,https://www.ncei.noaa.gov/pub/data/swdi/stormevents/csvfiles/StormEvents_details-ftp_v1.0_d2022_c20260625.csv.gz,https://www.ncdc.noaa.gov/stormevents/eventdetails.jsp?id=1043470
2022,July,27-JUL-22 16:48:00,27-JUL-22 16:48:00,COLORADO,WELD,PIERCE,Hail,1,,Trained Spotter,40.64,-104.68,170990,1043469,,16.238,2022,StormEvents_details-ftp_v1.0_d2022_c20260625.csv.gz,https://www.ncei.noaa.gov/pub/data/swdi/stormevents/csvfiles/StormEvents_details-ftp_v1.0_d2022_c20260625.csv.gz,https://www.ncdc.noaa.gov/stormevents/eventdetails.jsp?id=1043469
2022,July,27-JUL-22 17:03:00,27-JUL-22 17:03:00,COLORADO,WELD,PURCELL,Hail,1.5,,Storm Chaser,40.58,-104.6,170990,1043468,,14.517,2022,StormEvents_details-ftp_v1.0_d2022_c20260625.csv.gz,https://www.ncei.noaa.gov/pub/data/swdi/stormevents/csvfiles/StormEvents_details-ftp_v1.0_d2022_c20260625.csv.gz,https://www.ncdc.noaa.gov/stormevents/eventdetails.jsp?id=1043468
2022,July,27-JUL-22 17:08:00,27-JUL-22 17:08:00,COLORADO,WELD,GALETON,Hail,1,,Trained Spotter,40.55,-104.58,170990,1043467,,13.716,2022,StormEvents_details-ftp_v1.0_d2022_c20260625.csv.gz,https://www.ncei.noaa.gov/pub/data/swdi/stormevents/csvfiles/StormEvents_details-ftp_v1.0_d2022_c20260625.csv.gz,https://www.ncdc.noaa.gov/stormevents/eventdetails.jsp?id=1043467
2022,July,27-JUL-22 18:35:00,27-JUL-22 18:35:00,COLORADO,LARIMER,WELLINGTON,Hail,1,,CoCoRaHS,40.73,-104.97,170990,1043466,,24.073,2022,StormEvents_details-ftp_v1.0_d2022_c20260625.csv.gz,https://www.ncei.noaa.gov/pub/data/swdi/stormevents/csvfiles/StormEvents_details-ftp_v1.0_d2022_c20260625.csv.gz,https://www.ncdc.noaa.gov/stormevents/eventdetails.jsp?id=1043466
2022,July,27-JUL-22 18:39:00,27-JUL-22 18:39:00,COLORADO,LARIMER,WELLINGTON,Hail,1.25,,Trained Spotter,40.73,-104.96,170990,1043465,,23.852,2022,StormEvents_details-ftp_v1.0_d2022_c20260625.csv.gz,https://www.ncei.noaa.gov/pub/data/swdi/stormevents/csvfiles/StormEvents_details-ftp_v1.0_d2022_c20260625.csv.gz,https://www.ncdc.noaa.gov/stormevents/eventdetails.jsp?id=1043465
2022,July,27-JUL-22 18:41:00,27-JUL-22 18:41:00,COLORADO,LARIMER,WELLINGTON,Hail,1,,Trained Spotter,40.71,-105.02,170990,1043464,,24.142,2022,StormEvents_details-ftp_v1.0_d2022_c20260625.csv.gz,https://www.ncei.noaa.gov/pub/data/swdi/stormevents/csvfiles/StormEvents_details-ftp_v1.0_d2022_c20260625.csv.gz,https://www.ncdc.noaa.gov/stormevents/eventdetails.jsp?id=1043464
2022,July,27-JUL-22 18:44:00,27-JUL-22 18:44:00,COLORADO,WELD,PIERCE,Hail,1,,Trained Spotter,40.64,-104.68,170990,1043463,,16.238,2022,StormEvents_details-ftp_v1.0_d2022_c20260625.csv.gz,https://www.ncei.noaa.gov/pub/data/swdi/stormevents/csvfiles/StormEvents_details-ftp_v1.0_d2022_c20260625.csv.gz,https://www.ncdc.noaa.gov/stormevents/eventdetails.jsp?id=1043463
2022,July,27-JUL-22 18:45:00,27-JUL-22 18:45:00,COLORADO,LARIMER,WELLINGTON,Hail,1.5,,NWS Employee,40.7,-105,170990,1043462,Hail damaged a window.,23,2022,StormEvents_details-ftp_v1.0_d2022_c20260625.csv.gz,https://www.ncei.noaa.gov/pub/data/swdi/stormevents/csvfiles/StormEvents_details-ftp_v1.0_d2022_c20260625.csv.gz,https://www.ncdc.noaa.gov/stormevents/eventdetails.jsp?id=1043462
2022,July,27-JUL-22 18:47:00,27-JUL-22 18:47:00,COLORADO,LARIMER,WELLINGTON,Hail,1.75,,Social Media,40.69,-105,170990,1043460,,22.414,2022,StormEvents_details-ftp_v1.0_d2022_c20260625.csv.gz,https://www.ncei.noaa.gov/pub/data/swdi/stormevents/csvfiles/StormEvents_details-ftp_v1.0_d2022_c20260625.csv.gz,https://www.ncdc.noaa.gov/stormevents/eventdetails.jsp?id=1043460
2022,July,27-JUL-22 18:47:00,27-JUL-22 18:47:00,COLORADO,LARIMER,WELLINGTON,Hail,2,,Emergency Manager,40.67,-104.96,170990,1043461,,20.152,2022,StormEvents_details-ftp_v1.0_d2022_c20260625.csv.gz,https://www.ncei.noaa.gov/pub/data/swdi/stormevents/csvfiles/StormEvents_details-ftp_v1.0_d2022_c20260625.csv.gz,https://www.ncdc.noaa.gov/stormevents/eventdetails.jsp?id=1043461
2022,July,27-JUL-22 18:48:00,27-JUL-22 18:48:00,COLORADO,LARIMER,WELLINGTON,Hail,1.75,,CoCoRaHS,40.7,-105.01,170990,1043459,,23.278,2022,StormEvents_details-ftp_v1.0_d2022_c20260625.csv.gz,https://www.ncei.noaa.gov/pub/data/swdi/stormevents/csvfiles/StormEvents_details-ftp_v1.0_d2022_c20260625.csv.gz,https://www.ncdc.noaa.gov/stormevents/eventdetails.jsp?id=1043459
2022,July,27-JUL-22 18:53:00,27-JUL-22 18:53:00,COLORADO,LARIMER,WELLINGTON,Hail,1.5,,Law Enforcement,40.65,-104.96,170990,1043458,Windows were smashed by large hail.,18.96,2022,StormEvents_details-ftp_v1.0_d2022_c20260625.csv.gz,https://www.ncei.noaa.gov/pub/data/swdi/stormevents/csvfiles/StormEvents_details-ftp_v1.0_d2022_c20260625.csv.gz,https://www.ncdc.noaa.gov/stormevents/eventdetails.jsp?id=1043458
2022,July,27-JUL-22 19:00:00,27-JUL-22 19:00:00,COLORADO,LARIMER,TIMNATH,Hail,1.25,,CoCoRaHS,40.59,-104.96,170990,1043457,"Wind-driven hail caused some damage to a house, and tree limbs were knocked down.",15.572,2022,StormEvents_details-ftp_v1.0_d2022_c20260625.csv.gz,https://www.ncei.noaa.gov/pub/data/swdi/stormevents/csvfiles/StormEvents_details-ftp_v1.0_d2022_c20260625.csv.gz,https://www.ncdc.noaa.gov/stormevents/eventdetails.jsp?id=1043457
2022,July,27-JUL-22 19:02:00,27-JUL-22 19:02:00,COLORADO,WELD,SEVERANCE,Hail,2.5,,NWS Employee,40.62,-104.94,170990,1043456,,16.645,2022,StormEvents_details-ftp_v1.0_d2022_c20260625.csv.gz,https://www.ncei.noaa.gov/pub/data/swdi/stormevents/csvfiles/StormEvents_details-ftp_v1.0_d2022_c20260625.csv.gz,https://www.ncdc.noaa.gov/stormevents/eventdetails.jsp?id=1043456
2022,July,27-JUL-22 19:08:00,27-JUL-22 19:08:00,COLORADO,WELD,SEVERANCE,Hail,2.25,,Storm Chaser,40.58,-104.93,170990,1043455,,14.061,2022,StormEvents_details-ftp_v1.0_d2022_c20260625.csv.gz,https://www.ncei.noaa.gov/pub/data/swdi/stormevents/csvfiles/StormEvents_details-ftp_v1.0_d2022_c20260625.csv.gz,https://www.ncdc.noaa.gov/stormevents/eventdetails.jsp?id=1043455
2022,July,27-JUL-22 19:15:00,27-JUL-22 19:15:00,COLORADO,WELD,SEVERANCE,Hail,1.5,,CoCoRaHS,40.51,-104.86,170990,1043769,,7.988,2022,StormEvents_details-ftp_v1.0_d2022_c20260625.csv.gz,https://www.ncei.noaa.gov/pub/data/swdi/stormevents/csvfiles/StormEvents_details-ftp_v1.0_d2022_c20260625.csv.gz,https://www.ncdc.noaa.gov/stormevents/eventdetails.jsp?id=1043769
2022,July,27-JUL-22 19:27:00,27-JUL-22 19:27:00,COLORADO,WELD,SEVERANCE,Hail,1.75,,Storm Chaser,40.53,-104.85,170990,1043454,,8.897,2022,StormEvents_details-ftp_v1.0_d2022_c20260625.csv.gz,https://www.ncei.noaa.gov/pub/data/swdi/stormevents/csvfiles/StormEvents_details-ftp_v1.0_d2022_c20260625.csv.gz,https://www.ncdc.noaa.gov/stormevents/eventdetails.jsp?id=1043454
2022,July,27-JUL-22 19:37:00,27-JUL-22 19:37:00,COLORADO,WELD,SEVERANCE,Hail,1.5,,Trained Spotter,40.52,-104.85,170990,1043453,,8.29,2022,StormEvents_details-ftp_v1.0_d2022_c20260625.csv.gz,https://www.ncei.noaa.gov/pub/data/swdi/stormevents/csvfiles/StormEvents_details-ftp_v1.0_d2022_c20260625.csv.gz,https://www.ncdc.noaa.gov/stormevents/eventdetails.jsp?id=1043453
2022,July,27-JUL-22 19:48:00,27-JUL-22 19:48:00,COLORADO,LARIMER,GLEN HAVEN,Hail,1.5,,Amateur Radio,40.54,-105.39,170990,1043452,,33.589,2022,StormEvents_details-ftp_v1.0_d2022_c20260625.csv.gz,https://www.ncei.noaa.gov/pub/data/swdi/stormevents/csvfiles/StormEvents_details-ftp_v1.0_d2022_c20260625.csv.gz,https://www.ncdc.noaa.gov/stormevents/eventdetails.jsp?id=1043452
2022,July,27-JUL-22 20:30:00,27-JUL-22 21:00:00,COLORADO,LARIMER,ESTES PARK,Hail,0.75,,Broadcast Media,40.38,-105.52,170990,1044475,Torrential hail and rain occurred in the town of Estes Park.  The hail piled up to a foot deep and snowplows were called in to remove it.,39.428,2022,StormEvents_details-ftp_v1.0_d2022_c20260625.csv.gz,https://www.ncei.noaa.gov/pub/data/swdi/stormevents/csvfiles/StormEvents_details-ftp_v1.0_d2022_c20260625.csv.gz,https://www.ncdc.noaa.gov/stormevents/eventdetails.jsp?id=1044475
2022,July,27-JUL-22 21:00:00,27-JUL-22 21:00:00,COLORADO,BOULDER,GOLD HILL,Hail,1,,Public,40.02,-105.41,170990,1043451,,43.357,2022,StormEvents_details-ftp_v1.0_d2022_c20260625.csv.gz,https://www.ncei.noaa.gov/pub/data/swdi/stormevents/csvfiles/StormEvents_details-ftp_v1.0_d2022_c20260625.csv.gz,https://www.ncdc.noaa.gov/stormevents/eventdetails.jsp?id=1043451
2023,August,01-AUG-23 13:09:00,01-AUG-23 13:09:00,WYOMING,LARAMIE,CHEYENNE,Hail,1,,Public,41.1345,-104.8378,181688,1106236,Public report of quarter sized hail 1 mile west southwest of Cheyenne.,49.786,2023,StormEvents_details-ftp_v1.0_d2023_c20260323.csv.gz,https://www.ncei.noaa.gov/pub/data/swdi/stormevents/csvfiles/StormEvents_details-ftp_v1.0_d2023_c20260323.csv.gz,https://www.ncdc.noaa.gov/stormevents/eventdetails.jsp?id=1106236
2023,August,02-AUG-23 20:53:00,02-AUG-23 20:53:00,COLORADO,WELD,ERIE,Hail,0.88,,Social Media,40.02,-105.02,184641,1130641,,30.304,2023,StormEvents_details-ftp_v1.0_d2023_c20260323.csv.gz,https://www.ncei.noaa.gov/pub/data/swdi/stormevents/csvfiles/StormEvents_details-ftp_v1.0_d2023_c20260323.csv.gz,https://www.ncdc.noaa.gov/stormevents/eventdetails.jsp?id=1130641
2023,August,03-AUG-23 14:29:00,03-AUG-23 14:29:00,COLORADO,ADAMS,HENDERSON,Hail,1.25,,Public,39.95,-104.93,184642,1130642,,33.235,2023,StormEvents_details-ftp_v1.0_d2023_c20260323.csv.gz,https://www.ncei.noaa.gov/pub/data/swdi/stormevents/csvfiles/StormEvents_details-ftp_v1.0_d2023_c20260323.csv.gz,https://www.ncdc.noaa.gov/stormevents/eventdetails.jsp?id=1130642
2023,August,03-AUG-23 14:33:00,03-AUG-23 14:33:00,COLORADO,ADAMS,NORTHGLENN,Hail,1,,Public,39.89,-104.96,184642,1130643,,37.65,2023,StormEvents_details-ftp_v1.0_d2023_c20260323.csv.gz,https://www.ncei.noaa.gov/pub/data/swdi/stormevents/csvfiles/StormEvents_details-ftp_v1.0_d2023_c20260323.csv.gz,https://www.ncdc.noaa.gov/stormevents/eventdetails.jsp?id=1130643
2023,August,03-AUG-23 14:37:00,03-AUG-23 14:37:00,WYOMING,LARAMIE,SPEER,Hail,0.88,,Trained Spotter,41.04,-104.85,181687,1115634,Nickel size hail along Terry Ranch Road.,43.33,2023,StormEvents_details-ftp_v1.0_d2023_c20260323.csv.gz,https://www.ncei.noaa.gov/pub/data/swdi/stormevents/csvfiles/StormEvents_details-ftp_v1.0_d2023_c20260323.csv.gz,https://www.ncdc.noaa.gov/stormevents/eventdetails.jsp?id=1115634
2023,August,03-AUG-23 14:41:00,03-AUG-23 14:41:00,COLORADO,DENVER,(DEN)DENVER INTL ARP,Hail,1,,Public,39.82,-104.77,184642,1130644,,41.156,2023,StormEvents_details-ftp_v1.0_d2023_c20260323.csv.gz,https://www.ncei.noaa.gov/pub/data/swdi/stormevents/csvfiles/StormEvents_details-ftp_v1.0_d2023_c20260323.csv.gz,https://www.ncdc.noaa.gov/stormevents/eventdetails.jsp?id=1130644
2023,August,03-AUG-23 14:45:00,03-AUG-23 14:45:00,COLORADO,ADAMS,NORTHGLENN,Hail,1,,Public,39.89,-104.96,184642,1130645,,37.65,2023,StormEvents_details-ftp_v1.0_d2023_c20260323.csv.gz,https://www.ncei.noaa.gov/pub/data/swdi/stormevents/csvfiles/StormEvents_details-ftp_v1.0_d2023_c20260323.csv.gz,https://www.ncdc.noaa.gov/stormevents/eventdetails.jsp?id=1130645
2023,August,03-AUG-23 16:55:00,03-AUG-23 16:55:00,COLORADO,LARIMER,HARMONY,Hail,1,,Mesonet,40.5,-105.07,184642,1130654,,16.708,2023,StormEvents_details-ftp_v1.0_d2023_c20260323.csv.gz,https://www.ncei.noaa.gov/pub/data/swdi/stormevents/csvfiles/StormEvents_details-ftp_v1.0_d2023_c20260323.csv.gz,https://www.ncdc.noaa.gov/stormevents/eventdetails.jsp?id=1130654
2023,August,03-AUG-23 17:00:00,03-AUG-23 17:00:00,COLORADO,WELD,WINDSOR,Hail,0.75,,Trained Spotter,40.5,-104.93,184642,1130658,,10.14,2023,StormEvents_details-ftp_v1.0_d2023_c20260323.csv.gz,https://www.ncei.noaa.gov/pub/data/swdi/stormevents/csvfiles/StormEvents_details-ftp_v1.0_d2023_c20260323.csv.gz,https://www.ncdc.noaa.gov/stormevents/eventdetails.jsp?id=1130658
2023,August,03-AUG-23 17:09:00,03-AUG-23 17:09:00,COLORADO,WELD,WINDSOR,Hail,0.75,,Trained Spotter,40.48,-104.92,184642,1130659,,8.955,2023,StormEvents_details-ftp_v1.0_d2023_c20260323.csv.gz,https://www.ncei.noaa.gov/pub/data/swdi/stormevents/csvfiles/StormEvents_details-ftp_v1.0_d2023_c20260323.csv.gz,https://www.ncdc.noaa.gov/stormevents/eventdetails.jsp?id=1130659
2023,August,03-AUG-23 17:36:00,03-AUG-23 17:36:00,COLORADO,WELD,LUCERNE,Hail,1,,NWS Employee,40.47,-104.73,184642,1130655,,4.36,2023,StormEvents_details-ftp_v1.0_d2023_c20260323.csv.gz,https://www.ncei.noaa.gov/pub/data/swdi/stormevents/csvfiles/StormEvents_details-ftp_v1.0_d2023_c20260323.csv.gz,https://www.ncdc.noaa.gov/stormevents/eventdetails.jsp?id=1130655
2023,August,03-AUG-23 17:39:00,03-AUG-23 17:39:00,COLORADO,WELD,GREELEY,Hail,1,,Trained Spotter,40.44,-104.72,184642,1130656,,3.217,2023,StormEvents_details-ftp_v1.0_d2023_c20260323.csv.gz,https://www.ncei.noaa.gov/pub/data/swdi/stormevents/csvfiles/StormEvents_details-ftp_v1.0_d2023_c20260323.csv.gz,https://www.ncdc.noaa.gov/stormevents/eventdetails.jsp?id=1130656
2023,August,03-AUG-23 17:41:00,03-AUG-23 17:41:00,COLORADO,WELD,LUCERNE,Hail,1,,Storm Chaser,40.47,-104.71,184642,1130657,,4.978,2023,StormEvents_details-ftp_v1.0_d2023_c20260323.csv.gz,https://www.ncei.noaa.gov/pub/data/swdi/stormevents/csvfiles/StormEvents_details-ftp_v1.0_d2023_c20260323.csv.gz,https://www.ncdc.noaa.gov/stormevents/eventdetails.jsp?id=1130657
2023,August,03-AUG-23 17:44:00,03-AUG-23 17:44:00,COLORADO,WELD,GREELEY,Hail,1.25,,Public,40.43,-104.7,184642,1130661,,3.922,2023,StormEvents_details-ftp_v1.0_d2023_c20260323.csv.gz,https://www.ncei.noaa.gov/pub/data/swdi/stormevents/csvfiles/StormEvents_details-ftp_v1.0_d2023_c20260323.csv.gz,https://www.ncdc.noaa.gov/stormevents/eventdetails.jsp?id=1130661
2023,August,03-AUG-23 18:01:00,03-AUG-23 18:01:00,COLORADO,WELD,GILL,Hail,1.75,,Trained Spotter,40.39,-104.56,184642,1130660,,11.302,2023,StormEvents_details-ftp_v1.0_d2023_c20260323.csv.gz,https://www.ncei.noaa.gov/pub/data/swdi/stormevents/csvfiles/StormEvents_details-ftp_v1.0_d2023_c20260323.csv.gz,https://www.ncdc.noaa.gov/stormevents/eventdetails.jsp?id=1130660
2023,August,05-AUG-23 14:28:00,05-AUG-23 14:28:00,COLORADO,LARIMER,MASONVILLE,Hail,0.88,,Public,40.5,-105.22,184645,1130672,,24.255,2023,StormEvents_details-ftp_v1.0_d2023_c20260323.csv.gz,https://www.ncei.noaa.gov/pub/data/swdi/stormevents/csvfiles/StormEvents_details-ftp_v1.0_d2023_c20260323.csv.gz,https://www.ncdc.noaa.gov/stormevents/eventdetails.jsp?id=1130672
2023,August,05-AUG-23 14:41:00,05-AUG-23 14:41:00,COLORADO,LARIMER,LOVELAND,Hail,1.75,,Public,40.42,-105.09,184645,1130671,,16.723,2023,StormEvents_details-ftp_v1.0_d2023_c20260323.csv.gz,https://www.ncei.noaa.gov/pub/data/swdi/stormevents/csvfiles/StormEvents_details-ftp_v1.0_d2023_c20260323.csv.gz,https://www.ncdc.noaa.gov/stormevents/eventdetails.jsp?id=1130671
2023,August,05-AUG-23 14:43:00,05-AUG-23 14:43:00,COLORADO,LARIMER,LOVELAND,Hail,1,,Public,40.42,-105.07,184645,1130670,,15.671,2023,StormEvents_details-ftp_v1.0_d2023_c20260323.csv.gz,https://www.ncei.noaa.gov/pub/data/swdi/stormevents/csvfiles/StormEvents_details-ftp_v1.0_d2023_c20260323.csv.gz,https://www.ncdc.noaa.gov/stormevents/eventdetails.jsp?id=1130670
2023,August,06-AUG-23 14:19:00,06-AUG-23 14:19:00,COLORADO,JEFFERSON,JEFFERSON CO ARPT,Hail,0.88,,Trained Spotter,39.87,-105.21,184648,1130687,,44.229,2023,StormEvents_details-ftp_v1.0_d2023_c20260323.csv.gz,https://www.ncei.noaa.gov/pub/data/swdi/stormevents/csvfiles/StormEvents_details-ftp_v1.0_d2023_c20260323.csv.gz,https://www.ncdc.noaa.gov/stormevents/eventdetails.jsp?id=1130687
2023,August,06-AUG-23 15:50:00,06-AUG-23 15:50:00,COLORADO,LARIMER,RUSTIC,Hail,1,,Trained Spotter,40.59,-105.55,184648,1130690,,42.604,2023,StormEvents_details-ftp_v1.0_d2023_c20260323.csv.gz,https://www.ncei.noaa.gov/pub/data/swdi/stormevents/csvfiles/StormEvents_details-ftp_v1.0_d2023_c20260323.csv.gz,https://www.ncdc.noaa.gov/stormevents/eventdetails.jsp?id=1130690
2023,June,06-JUN-23 16:08:00,06-JUN-23 16:08:00,COLORADO,ARAPAHOE,(BKF)BUCKLEY AIR FORCE BASE,Hail,1,,Trained Spotter,39.73,-104.77,181743,1106774,,47.375,2023,StormEvents_details-ftp_v1.0_d2023_c20260323.csv.gz,https://www.ncei.noaa.gov/pub/data/swdi/stormevents/csvfiles/StormEvents_details-ftp_v1.0_d2023_c20260323.csv.gz,https://www.ncdc.noaa.gov/stormevents/eventdetails.jsp?id=1106774
2023,July,08-JUL-23 18:54:00,08-JUL-23 18:54:00,COLORADO,WELD,BRIGGSDALE,Hail,1,,Trained Spotter,40.66,-104.23,183776,1123454,,33.097,2023,StormEvents_details-ftp_v1.0_d2023_c20260323.csv.gz,https://www.ncei.noaa.gov/pub/data/swdi/stormevents/csvfiles/StormEvents_details-ftp_v1.0_d2023_c20260323.csv.gz,https://www.ncdc.noaa.gov/stormevents/eventdetails.jsp?id=1123454
2023,July,08-JUL-23 18:56:00,08-JUL-23 18:56:00,COLORADO,WELD,BRIGGSDALE,Hail,1,,Public,40.62,-104.21,183776,1123457,,32.729,2023,StormEvents_details-ftp_v1.0_d2023_c20260323.csv.gz,https://www.ncei.noaa.gov/pub/data/swdi/stormevents/csvfiles/StormEvents_details-ftp_v1.0_d2023_c20260323.csv.gz,https://www.ncdc.noaa.gov/stormevents/eventdetails.jsp?id=1123457
2023,May,09-MAY-23 17:12:00,09-MAY-23 17:12:00,COLORADO,ADAMS,THORNTON,Hail,1,,Social Media,39.91,-104.92,178635,1086691,,35.799,2023,StormEvents_details-ftp_v1.0_d2023_c20260323.csv.gz,https://www.ncei.noaa.gov/pub/data/swdi/stormevents/csvfiles/StormEvents_details-ftp_v1.0_d2023_c20260323.csv.gz,https://www.ncdc.noaa.gov/stormevents/eventdetails.jsp?id=1086691
2023,May,09-MAY-23 17:23:00,09-MAY-23 17:23:00,COLORADO,ADAMS,HENDERSON,Hail,0.75,,Trained Spotter,39.93,-104.91,178635,1086692,,34.336,2023,StormEvents_details-ftp_v1.0_d2023_c20260323.csv.gz,https://www.ncei.noaa.gov/pub/data/swdi/stormevents/csvfiles/StormEvents_details-ftp_v1.0_d2023_c20260323.csv.gz,https://www.ncdc.noaa.gov/stormevents/eventdetails.jsp?id=1086692
2023,May,09-MAY-23 17:56:00,09-MAY-23 17:56:00,COLORADO,DENVER,(DEN)DENVER INTL ARP,Hail,0.88,,Trained Spotter,39.76,-104.91,178635,1086693,,45.884,2023,StormEvents_details-ftp_v1.0_d2023_c20260323.csv.gz,https://www.ncei.noaa.gov/pub/data/swdi/stormevents/csvfiles/StormEvents_details-ftp_v1.0_d2023_c20260323.csv.gz,https://www.ncdc.noaa.gov/stormevents/eventdetails.jsp?id=1086693
2023,May,09-MAY-23 18:10:00,09-MAY-23 18:10:00,COLORADO,ADAMS,BRIGHTON,Hail,1,,Trained Spotter,39.99,-104.78,178635,1086694,,29.413,2023,StormEvents_details-ftp_v1.0_d2023_c20260323.csv.gz,https://www.ncei.noaa.gov/pub/data/swdi/stormevents/csvfiles/StormEvents_details-ftp_v1.0_d2023_c20260323.csv.gz,https://www.ncdc.noaa.gov/stormevents/eventdetails.jsp?id=1086694
2023,May,09-MAY-23 18:23:00,09-MAY-23 18:23:00,COLORADO,ADAMS,BRIGHTON,Hail,1,,Trained Spotter,39.99,-104.8,178635,1086695,,29.447,2023,StormEvents_details-ftp_v1.0_d2023_c20260323.csv.gz,https://www.ncei.noaa.gov/pub/data/swdi/stormevents/csvfiles/StormEvents_details-ftp_v1.0_d2023_c20260323.csv.gz,https://www.ncdc.noaa.gov/stormevents/eventdetails.jsp?id=1086695
2023,May,09-MAY-23 18:35:00,09-MAY-23 18:35:00,COLORADO,ADAMS,BARR LAKE,Hail,1.75,,Social Media,39.97,-104.64,178635,1086696,,31.572,2023,StormEvents_details-ftp_v1.0_d2023_c20260323.csv.gz,https://www.ncei.noaa.gov/pub/data/swdi/stormevents/csvfiles/StormEvents_details-ftp_v1.0_d2023_c20260323.csv.gz,https://www.ncdc.noaa.gov/stormevents/eventdetails.jsp?id=1086696
2023,May,09-MAY-23 18:55:00,09-MAY-23 18:55:00,COLORADO,LARIMER,TIMNATH,Hail,1,,Social Media,40.53,-104.98,178635,1086697,,13.482,2023,StormEvents_details-ftp_v1.0_d2023_c20260323.csv.gz,https://www.ncei.noaa.gov/pub/data/swdi/stormevents/csvfiles/StormEvents_details-ftp_v1.0_d2023_c20260323.csv.gz,https://www.ncdc.noaa.gov/stormevents/eventdetails.jsp?id=1086697
2023,May,09-MAY-23 20:50:00,09-MAY-23 20:50:00,COLORADO,MORGAN,HOYT,Hail,2.5,,Trained Spotter,40.07,-104.05,178635,1086698,,44.955,2023,StormEvents_details-ftp_v1.0_d2023_c20260323.csv.gz,https://www.ncei.noaa.gov/pub/data/swdi/stormevents/csvfiles/StormEvents_details-ftp_v1.0_d2023_c20260323.csv.gz,https://www.ncdc.noaa.gov/stormevents/eventdetails.jsp?id=1086698
2023,May,09-MAY-23 21:35:00,09-MAY-23 21:35:00,COLORADO,BOULDER,LONGMONT MUNI ARPT,Hail,1,,Trained Spotter,40.14,-105.15,178635,1099424,,27.558,2023,StormEvents_details-ftp_v1.0_d2023_c20260323.csv.gz,https://www.ncei.noaa.gov/pub/data/swdi/stormevents/csvfiles/StormEvents_details-ftp_v1.0_d2023_c20260323.csv.gz,https://www.ncdc.noaa.gov/stormevents/eventdetails.jsp?id=1099424
2023,May,09-MAY-23 21:38:00,09-MAY-23 21:38:00,COLORADO,BOULDER,NIWOT,Hail,1,,Trained Spotter,40.1,-105.17,178635,1086700,,30.261,2023,StormEvents_details-ftp_v1.0_d2023_c20260323.csv.gz,https://www.ncei.noaa.gov/pub/data/swdi/stormevents/csvfiles/StormEvents_details-ftp_v1.0_d2023_c20260323.csv.gz,https://www.ncdc.noaa.gov/stormevents/eventdetails.jsp?id=1086700
2023,May,09-MAY-23 21:45:00,09-MAY-23 21:45:00,COLORADO,BOULDER,LONGMONT,Hail,1,,CoCoRaHS,40.2,-105.11,178635,1086701,,23.214,2023,StormEvents_details-ftp_v1.0_d2023_c20260323.csv.gz,https://www.ncei.noaa.gov/pub/data/swdi/stormevents/csvfiles/StormEvents_details-ftp_v1.0_d2023_c20260323.csv.gz,https://www.ncdc.noaa.gov/stormevents/eventdetails.jsp?id=1086701
2023,May,09-MAY-23 21:51:00,09-MAY-23 21:51:00,COLORADO,BOULDER,LONGMONT,Hail,1.75,,Public,40.17,-105.11,178635,1086702,,24.599,2023,StormEvents_details-ftp_v1.0_d2023_c20260323.csv.gz,https://www.ncei.noaa.gov/pub/data/swdi/stormevents/csvfiles/StormEvents_details-ftp_v1.0_d2023_c20260323.csv.gz,https://www.ncdc.noaa.gov/stormevents/eventdetails.jsp?id=1086702
2023,May,09-MAY-23 22:10:00,09-MAY-23 22:10:00,COLORADO,WELD,ERIE,Hail,1.5,,Trained Spotter,40.05,-105.03,178635,1086704,Large hail smashed the windshield and the rear window of a vehicle.  The roof of a home was damaged and leaves were stripped off trees.,28.693,2023,StormEvents_details-ftp_v1.0_d2023_c20260323.csv.gz,https://www.ncei.noaa.gov/pub/data/swdi/stormevents/csvfiles/StormEvents_details-ftp_v1.0_d2023_c20260323.csv.gz,https://www.ncdc.noaa.gov/stormevents/eventdetails.jsp?id=1086704
2023,May,09-MAY-23 22:10:00,09-MAY-23 22:10:00,COLORADO,WELD,ERIE,Hail,1.75,,NWS Employee,40.07,-105.05,178635,1086705,,28.02,2023,StormEvents_details-ftp_v1.0_d2023_c20260323.csv.gz,https://www.ncei.noaa.gov/pub/data/swdi/stormevents/csvfiles/StormEvents_details-ftp_v1.0_d2023_c20260323.csv.gz,https://www.ncdc.noaa.gov/stormevents/eventdetails.jsp?id=1086705
2023,May,09-MAY-23 22:10:00,09-MAY-23 22:10:00,COLORADO,WELD,ERIE,Hail,1.5,,Social Media,40.03,-105.05,178635,1099425,,30.412,2023,StormEvents_details-ftp_v1.0_d2023_c20260323.csv.gz,https://www.ncei.noaa.gov/pub/data/swdi/stormevents/csvfiles/StormEvents_details-ftp_v1.0_d2023_c20260323.csv.gz,https://www.ncdc.noaa.gov/stormevents/eventdetails.jsp?id=1099425
2023,May,09-MAY-23 22:18:00,09-MAY-23 22:18:00,COLORADO,WELD,FREDERICK,Hail,2,,Public,40.09,-105,178635,1086707,,25.508,2023,StormEvents_details-ftp_v1.0_d2023_c20260323.csv.gz,https://www.ncei.noaa.gov/pub/data/swdi/stormevents/csvfiles/StormEvents_details-ftp_v1.0_d2023_c20260323.csv.gz,https://www.ncdc.noaa.gov/stormevents/eventdetails.jsp?id=1086707
2023,May,09-MAY-23 22:20:00,09-MAY-23 22:20:00,COLORADO,WELD,ERIE,Hail,2,,Trained Spotter,40.05,-105.03,178635,1086708,,28.693,2023,StormEvents_details-ftp_v1.0_d2023_c20260323.csv.gz,https://www.ncei.noaa.gov/pub/data/swdi/stormevents/csvfiles/StormEvents_details-ftp_v1.0_d2023_c20260323.csv.gz,https://www.ncdc.noaa.gov/stormevents/eventdetails.jsp?id=1086708
2023,May,09-MAY-23 22:20:00,09-MAY-23 22:20:00,COLORADO,WELD,FIRESTONE,Hail,1.25,,NWS Employee,40.12,-104.96,178635,1086709,,22.702,2023,StormEvents_details-ftp_v1.0_d2023_c20260323.csv.gz,https://www.ncei.noaa.gov/pub/data/swdi/stormevents/csvfiles/StormEvents_details-ftp_v1.0_d2023_c20260323.csv.gz,https://www.ncdc.noaa.gov/stormevents/eventdetails.jsp?id=1086709
2023,May,09-MAY-23 22:33:00,09-MAY-23 22:33:00,COLORADO,WELD,FIRESTONE,Hail,2,,NWS Employee,40.12,-104.96,178635,1086710,,22.702,2023,StormEvents_details-ftp_v1.0_d2023_c20260323.csv.gz,https://www.ncei.noaa.gov/pub/data/swdi/stormevents/csvfiles/StormEvents_details-ftp_v1.0_d2023_c20260323.csv.gz,https://www.ncdc.noaa.gov/stormevents/eventdetails.jsp?id=1086710
2023,May,09-MAY-23 22:50:00,09-MAY-23 22:50:00,COLORADO,WELD,ERIE,Hail,1.75,,Social Media,40.03,-105.05,178635,1086711,Large hail broke car windows.,30.412,2023,StormEvents_details-ftp_v1.0_d2023_c20260323.csv.gz,https://www.ncei.noaa.gov/pub/data/swdi/stormevents/csvfiles/StormEvents_details-ftp_v1.0_d2023_c20260323.csv.gz,https://www.ncdc.noaa.gov/stormevents/eventdetails.jsp?id=1086711
2023,May,09-MAY-23 23:02:00,09-MAY-23 23:02:00,COLORADO,WELD,FIRESTONE,Hail,1.25,,Trained Spotter,40.12,-104.96,178635,1086712,,22.702,2023,StormEvents_details-ftp_v1.0_d2023_c20260323.csv.gz,https://www.ncei.noaa.gov/pub/data/swdi/stormevents/csvfiles/StormEvents_details-ftp_v1.0_d2023_c20260323.csv.gz,https://www.ncdc.noaa.gov/stormevents/eventdetails.jsp?id=1086712
2023,May,10-MAY-23 00:09:00,10-MAY-23 00:09:00,COLORADO,WELD,GREELEY ARPT,Hail,1,,Trained Spotter,40.38,-104.56,180507,1099426,,11.432,2023,StormEvents_details-ftp_v1.0_d2023_c20260323.csv.gz,https://www.ncei.noaa.gov/pub/data/swdi/stormevents/csvfiles/StormEvents_details-ftp_v1.0_d2023_c20260323.csv.gz,https://www.ncdc.noaa.gov/stormevents/eventdetails.jsp?id=1099426
2023,May,10-MAY-23 15:00:00,10-MAY-23 15:00:00,COLORADO,DENVER,DENVER,Hail,1.75,,Trained Spotter,39.73,-104.99,180507,1099432,,48.755,2023,StormEvents_details-ftp_v1.0_d2023_c20260323.csv.gz,https://www.ncei.noaa.gov/pub/data/swdi/stormevents/csvfiles/StormEvents_details-ftp_v1.0_d2023_c20260323.csv.gz,https://www.ncdc.noaa.gov/stormevents/eventdetails.jsp?id=1099432
2023,May,10-MAY-23 15:05:00,10-MAY-23 15:05:00,COLORADO,ARAPAHOE,(BKF)BUCKLEY AIR FORCE BASE,Hail,1.25,,Trained Spotter,39.7,-104.77,180507,1099474,,49.448,2023,StormEvents_details-ftp_v1.0_d2023_c20260323.csv.gz,https://www.ncei.noaa.gov/pub/data/swdi/stormevents/csvfiles/StormEvents_details-ftp_v1.0_d2023_c20260323.csv.gz,https://www.ncdc.noaa.gov/stormevents/eventdetails.jsp?id=1099474
2023,May,10-MAY-23 15:16:00,10-MAY-23 15:16:00,COLORADO,ARAPAHOE,(BKF)BUCKLEY AIR FORCE BASE,Hail,1,,Public,39.71,-104.7,180507,1099482,,48.906,2023,StormEvents_details-ftp_v1.0_d2023_c20260323.csv.gz,https://www.ncei.noaa.gov/pub/data/swdi/stormevents/csvfiles/StormEvents_details-ftp_v1.0_d2023_c20260323.csv.gz,https://www.ncdc.noaa.gov/stormevents/eventdetails.jsp?id=1099482
2023,May,10-MAY-23 16:05:00,10-MAY-23 16:05:00,COLORADO,ADAMS,STRASBURG,Hail,1.75,,Public,39.81,-104.31,180507,1099494,,48.451,2023,StormEvents_details-ftp_v1.0_d2023_c20260323.csv.gz,https://www.ncei.noaa.gov/pub/data/swdi/stormevents/csvfiles/StormEvents_details-ftp_v1.0_d2023_c20260323.csv.gz,https://www.ncdc.noaa.gov/stormevents/eventdetails.jsp?id=1099494
2023,June,11-JUN-23 18:56:00,11-JUN-23 18:56:00,COLORADO,WELD,JOHNSTOWN,Hail,1,,Public,40.35,-104.87,181744,1106783,,6.863,2023,StormEvents_details-ftp_v1.0_d2023_c20260323.csv.gz,https://www.ncei.noaa.gov/pub/data/swdi/stormevents/csvfiles/StormEvents_details-ftp_v1.0_d2023_c20260323.csv.gz,https://www.ncdc.noaa.gov/stormevents/eventdetails.jsp?id=1106783
2023,June,12-JUN-23 11:44:00,12-JUN-23 11:44:00,COLORADO,BOULDER,BOULDER,Hail,1,,Public,40.01,-105.27,181758,1106932,,38.413,2023,StormEvents_details-ftp_v1.0_d2023_c20260323.csv.gz,https://www.ncei.noaa.gov/pub/data/swdi/stormevents/csvfiles/StormEvents_details-ftp_v1.0_d2023_c20260323.csv.gz,https://www.ncdc.noaa.gov/stormevents/eventdetails.jsp?id=1106932
2023,June,12-JUN-23 11:53:00,12-JUN-23 11:53:00,COLORADO,BOULDER,BOULDER,Hail,1,,Public,40.02,-105.28,181758,1106931,,38.278,2023,StormEvents_details-ftp_v1.0_d2023_c20260323.csv.gz,https://www.ncei.noaa.gov/pub/data/swdi/stormevents/csvfiles/StormEvents_details-ftp_v1.0_d2023_c20260323.csv.gz,https://www.ncdc.noaa.gov/stormevents/eventdetails.jsp?id=1106931
2023,July,15-JUL-23 13:10:00,15-JUL-23 13:10:00,WYOMING,LARAMIE,SOUTH GREELEY,Hail,1.25,,Public,41.0599,-104.788,180701,1100465,Report received on Twitter with photo of quarter to half dollar sized hail.,44.52,2023,StormEvents_details-ftp_v1.0_d2023_c20260323.csv.gz,https://www.ncei.noaa.gov/pub/data/swdi/stormevents/csvfiles/StormEvents_details-ftp_v1.0_d2023_c20260323.csv.gz,https://www.ncdc.noaa.gov/stormevents/eventdetails.jsp?id=1100465
2023,July,15-JUL-23 15:19:00,15-JUL-23 15:19:00,COLORADO,LARIMER,WELLINGTON,Hail,2,,Social Media,40.78,-104.98,183778,1123476,,27.434,2023,StormEvents_details-ftp_v1.0_d2023_c20260323.csv.gz,https://www.ncei.noaa.gov/pub/data/swdi/stormevents/csvfiles/StormEvents_details-ftp_v1.0_d2023_c20260323.csv.gz,https://www.ncdc.noaa.gov/stormevents/eventdetails.jsp?id=1123476
2023,July,21-JUL-23 18:52:00,21-JUL-23 18:52:00,COLORADO,WELD,GILL,Hail,1.5,,Public,40.44,-104.58,183782,1123500,,10.245,2023,StormEvents_details-ftp_v1.0_d2023_c20260323.csv.gz,https://www.ncei.noaa.gov/pub/data/swdi/stormevents/csvfiles/StormEvents_details-ftp_v1.0_d2023_c20260323.csv.gz,https://www.ncdc.noaa.gov/stormevents/eventdetails.jsp?id=1123500
2023,July,21-JUL-23 18:54:00,21-JUL-23 18:54:00,COLORADO,WELD,GILL,Hail,1,,Trained Spotter,40.45,-104.58,183782,1123501,,10.38,2023,StormEvents_details-ftp_v1.0_d2023_c20260323.csv.gz,https://www.ncei.noaa.gov/pub/data/swdi/stormevents/csvfiles/StormEvents_details-ftp_v1.0_d2023_c20260323.csv.gz,https://www.ncdc.noaa.gov/stormevents/eventdetails.jsp?id=1123501
2023,June,21-JUN-23 17:11:00,21-JUN-23 17:11:00,COLORADO,BOULDER,BOULDER,Hail,1,,Trained Spotter,39.99,-105.24,181814,1107235,,38.399,2023,StormEvents_details-ftp_v1.0_d2023_c20260323.csv.gz,https://www.ncei.noaa.gov/pub/data/swdi/stormevents/csvfiles/StormEvents_details-ftp_v1.0_d2023_c20260323.csv.gz,https://www.ncdc.noaa.gov/stormevents/eventdetails.jsp?id=1107235
2023,June,21-JUN-23 17:36:00,21-JUN-23 17:36:00,COLORADO,JEFFERSON,JEFFERSON CO ARPT,Hail,1,,Trained Spotter,39.91,-105.34,181814,1107236,,46.04,2023,StormEvents_details-ftp_v1.0_d2023_c20260323.csv.gz,https://www.ncei.noaa.gov/pub/data/swdi/stormevents/csvfiles/StormEvents_details-ftp_v1.0_d2023_c20260323.csv.gz,https://www.ncdc.noaa.gov/stormevents/eventdetails.jsp?id=1107236
2023,June,21-JUN-23 17:54:00,21-JUN-23 17:54:00,COLORADO,ADAMS,THORNTON,Hail,1,,Public,39.91,-104.92,181814,1107238,,35.799,2023,StormEvents_details-ftp_v1.0_d2023_c20260323.csv.gz,https://www.ncei.noaa.gov/pub/data/swdi/stormevents/csvfiles/StormEvents_details-ftp_v1.0_d2023_c20260323.csv.gz,https://www.ncdc.noaa.gov/stormevents/eventdetails.jsp?id=1107238
2023,June,21-JUN-23 18:08:00,21-JUN-23 18:08:00,COLORADO,ADAMS,HENDERSON,Hail,1,,Trained Spotter,39.97,-104.9,181814,1107239,,31.523,2023,StormEvents_details-ftp_v1.0_d2023_c20260323.csv.gz,https://www.ncei.noaa.gov/pub/data/swdi/stormevents/csvfiles/StormEvents_details-ftp_v1.0_d2023_c20260323.csv.gz,https://www.ncdc.noaa.gov/stormevents/eventdetails.jsp?id=1107239
2023,June,21-JUN-23 18:36:00,21-JUN-23 18:36:00,COLORADO,LARIMER,FT COLLINS,Hail,1,,Trained Spotter,40.58,-105.07,181814,1107241,,19.335,2023,StormEvents_details-ftp_v1.0_d2023_c20260323.csv.gz,https://www.ncei.noaa.gov/pub/data/swdi/stormevents/csvfiles/StormEvents_details-ftp_v1.0_d2023_c20260323.csv.gz,https://www.ncdc.noaa.gov/stormevents/eventdetails.jsp?id=1107241
2023,June,21-JUN-23 18:40:00,21-JUN-23 18:40:00,COLORADO,LARIMER,FT COLLINS,Hail,1,,CoCoRaHS,40.61,-105.06,181814,1107242,,20.222,2023,StormEvents_details-ftp_v1.0_d2023_c20260323.csv.gz,https://www.ncei.noaa.gov/pub/data/swdi/stormevents/csvfiles/StormEvents_details-ftp_v1.0_d2023_c20260323.csv.gz,https://www.ncdc.noaa.gov/stormevents/eventdetails.jsp?id=1107242
2023,June,21-JUN-23 18:41:00,21-JUN-23 18:41:00,COLORADO,ADAMS,HENDERSON,Hail,1,,Public,39.97,-104.89,181814,1107243,,31.414,2023,StormEvents_details-ftp_v1.0_d2023_c20260323.csv.gz,https://www.ncei.noaa.gov/pub/data/swdi/stormevents/csvfiles/StormEvents_details-ftp_v1.0_d2023_c20260323.csv.gz,https://www.ncdc.noaa.gov/stormevents/eventdetails.jsp?id=1107243
2023,June,21-JUN-23 18:41:00,21-JUN-23 18:41:00,COLORADO,LARIMER,FT COLLINS,Hail,1,,Public,40.63,-105.04,181814,1107246,,20.426,2023,StormEvents_details-ftp_v1.0_d2023_c20260323.csv.gz,https://www.ncei.noaa.gov/pub/data/swdi/stormevents/csvfiles/StormEvents_details-ftp_v1.0_d2023_c20260323.csv.gz,https://www.ncdc.noaa.gov/stormevents/eventdetails.jsp?id=1107246
2023,June,21-JUN-23 19:42:00,21-JUN-23 19:42:00,COLORADO,DENVER,DENVER,Hail,1.25,,Public,39.73,-104.99,181814,1107250,,48.755,2023,StormEvents_details-ftp_v1.0_d2023_c20260323.csv.gz,https://www.ncei.noaa.gov/pub/data/swdi/stormevents/csvfiles/StormEvents_details-ftp_v1.0_d2023_c20260323.csv.gz,https://www.ncdc.noaa.gov/stormevents/eventdetails.jsp?id=1107250
2023,June,21-JUN-23 19:46:00,21-JUN-23 19:46:00,COLORADO,DENVER,DENVER,Hail,1.25,,Public,39.72,-104.99,181814,1107251,,49.426,2023,StormEvents_details-ftp_v1.0_d2023_c20260323.csv.gz,https://www.ncei.noaa.gov/pub/data/swdi/stormevents/csvfiles/StormEvents_details-ftp_v1.0_d2023_c20260323.csv.gz,https://www.ncdc.noaa.gov/stormevents/eventdetails.jsp?id=1107251
2023,June,21-JUN-23 19:47:00,21-JUN-23 19:47:00,COLORADO,DENVER,DENVER,Hail,1,,Public,39.73,-104.98,181814,1107254,,48.632,2023,StormEvents_details-ftp_v1.0_d2023_c20260323.csv.gz,https://www.ncei.noaa.gov/pub/data/swdi/stormevents/csvfiles/StormEvents_details-ftp_v1.0_d2023_c20260323.csv.gz,https://www.ncdc.noaa.gov/stormevents/eventdetails.jsp?id=1107254
2023,June,21-JUN-23 19:49:00,21-JUN-23 19:49:00,COLORADO,DENVER,DENVER,Hail,1,,Other Federal Agency,39.74,-104.95,181814,1107255,,47.621,2023,StormEvents_details-ftp_v1.0_d2023_c20260323.csv.gz,https://www.ncei.noaa.gov/pub/data/swdi/stormevents/csvfiles/StormEvents_details-ftp_v1.0_d2023_c20260323.csv.gz,https://www.ncdc.noaa.gov/stormevents/eventdetails.jsp?id=1107255
2023,June,21-JUN-23 19:50:00,21-JUN-23 19:50:00,COLORADO,DENVER,DENVER,Hail,0.88,,Trained Spotter,39.72,-104.92,181814,1107256,,48.697,2023,StormEvents_details-ftp_v1.0_d2023_c20260323.csv.gz,https://www.ncei.noaa.gov/pub/data/swdi/stormevents/csvfiles/StormEvents_details-ftp_v1.0_d2023_c20260323.csv.gz,https://www.ncdc.noaa.gov/stormevents/eventdetails.jsp?id=1107256
2023,June,21-JUN-23 19:53:00,21-JUN-23 19:53:00,COLORADO,DENVER,DENVER,Hail,0.88,,Trained Spotter,39.73,-104.94,181814,1107257,,48.199,2023,StormEvents_details-ftp_v1.0_d2023_c20260323.csv.gz,https://www.ncei.noaa.gov/pub/data/swdi/stormevents/csvfiles/StormEvents_details-ftp_v1.0_d2023_c20260323.csv.gz,https://www.ncdc.noaa.gov/stormevents/eventdetails.jsp?id=1107257
2023,June,21-JUN-23 19:53:00,21-JUN-23 19:53:00,COLORADO,DENVER,DENVER,Hail,1.25,,Trained Spotter,39.74,-104.92,181814,1107258,,47.333,2023,StormEvents_details-ftp_v1.0_d2023_c20260323.csv.gz,https://www.ncei.noaa.gov/pub/data/swdi/stormevents/csvfiles/StormEvents_details-ftp_v1.0_d2023_c20260323.csv.gz,https://www.ncdc.noaa.gov/stormevents/eventdetails.jsp?id=1107258
2023,June,21-JUN-23 20:42:00,21-JUN-23 20:42:00,COLORADO,DENVER,DENVER,Hail,1.25,,Public,39.71,-104.94,181814,1107273,,49.558,2023,StormEvents_details-ftp_v1.0_d2023_c20260323.csv.gz,https://www.ncei.noaa.gov/pub/data/swdi/stormevents/csvfiles/StormEvents_details-ftp_v1.0_d2023_c20260323.csv.gz,https://www.ncdc.noaa.gov/stormevents/eventdetails.jsp?id=1107273
2023,June,21-JUN-23 20:42:00,21-JUN-23 20:42:00,COLORADO,DENVER,DENVER,Hail,1,,Public,39.72,-104.95,181814,1107274,,48.977,2023,StormEvents_details-ftp_v1.0_d2023_c20260323.csv.gz,https://www.ncei.noaa.gov/pub/data/swdi/stormevents/csvfiles/StormEvents_details-ftp_v1.0_d2023_c20260323.csv.gz,https://www.ncdc.noaa.gov/stormevents/eventdetails.jsp?id=1107274
2023,June,21-JUN-23 20:43:00,21-JUN-23 20:43:00,COLORADO,DENVER,DENVER,Hail,1.5,,Trained Spotter,39.74,-104.92,181814,1107275,,47.333,2023,StormEvents_details-ftp_v1.0_d2023_c20260323.csv.gz,https://www.ncei.noaa.gov/pub/data/swdi/stormevents/csvfiles/StormEvents_details-ftp_v1.0_d2023_c20260323.csv.gz,https://www.ncdc.noaa.gov/stormevents/eventdetails.jsp?id=1107275
2023,June,21-JUN-23 20:44:00,21-JUN-23 20:44:00,COLORADO,DENVER,DENVER,Hail,1,,Public,39.72,-104.91,181814,1107276,,48.615,2023,StormEvents_details-ftp_v1.0_d2023_c20260323.csv.gz,https://www.ncei.noaa.gov/pub/data/swdi/stormevents/csvfiles/StormEvents_details-ftp_v1.0_d2023_c20260323.csv.gz,https://www.ncdc.noaa.gov/stormevents/eventdetails.jsp?id=1107276
2023,May,26-MAY-23 13:25:00,26-MAY-23 13:25:00,COLORADO,DENVER,DENVER,Hail,1,,Public,39.79,-105.04,180857,1101355,,45.488,2023,StormEvents_details-ftp_v1.0_d2023_c20260323.csv.gz,https://www.ncei.noaa.gov/pub/data/swdi/stormevents/csvfiles/StormEvents_details-ftp_v1.0_d2023_c20260323.csv.gz,https://www.ncdc.noaa.gov/stormevents/eventdetails.jsp?id=1101355
2023,May,26-MAY-23 13:25:00,26-MAY-23 13:25:00,COLORADO,DENVER,DENVER,Hail,1.25,,NWS Employee,39.76,-105.01,180857,1101356,,47.014,2023,StormEvents_details-ftp_v1.0_d2023_c20260323.csv.gz,https://www.ncei.noaa.gov/pub/data/swdi/stormevents/csvfiles/StormEvents_details-ftp_v1.0_d2023_c20260323.csv.gz,https://www.ncdc.noaa.gov/stormevents/eventdetails.jsp?id=1101356
2023,May,26-MAY-23 13:26:00,26-MAY-23 13:26:00,COLORADO,ADAMS,FEDERAL HGT,Hail,1.25,,Trained Spotter,39.87,-105.01,180857,1101354,,39.739,2023,StormEvents_details-ftp_v1.0_d2023_c20260323.csv.gz,https://www.ncei.noaa.gov/pub/data/swdi/stormevents/csvfiles/StormEvents_details-ftp_v1.0_d2023_c20260323.csv.gz,https://www.ncdc.noaa.gov/stormevents/eventdetails.jsp?id=1101354
2023,May,26-MAY-23 13:28:00,26-MAY-23 13:28:00,COLORADO,DENVER,DENVER,Hail,0.75,,Public,39.78,-105.05,180857,1101369,,46.31,2023,StormEvents_details-ftp_v1.0_d2023_c20260323.csv.gz,https://www.ncei.noaa.gov/pub/data/swdi/stormevents/csvfiles/StormEvents_details-ftp_v1.0_d2023_c20260323.csv.gz,https://www.ncdc.noaa.gov/stormevents/eventdetails.jsp?id=1101369
2023,May,26-MAY-23 13:29:00,26-MAY-23 13:29:00,COLORADO,DENVER,DENVER,Hail,1.5,,Public,39.79,-105.04,180857,1101353,,45.488,2023,StormEvents_details-ftp_v1.0_d2023_c20260323.csv.gz,https://www.ncei.noaa.gov/pub/data/swdi/stormevents/csvfiles/StormEvents_details-ftp_v1.0_d2023_c20260323.csv.gz,https://www.ncdc.noaa.gov/stormevents/eventdetails.jsp?id=1101353
2023,May,26-MAY-23 13:29:00,26-MAY-23 13:29:00,COLORADO,DENVER,DENVER,Hail,1.25,,Public,39.76,-105,180857,1101361,,46.875,2023,StormEvents_details-ftp_v1.0_d2023_c20260323.csv.gz,https://www.ncei.noaa.gov/pub/data/swdi/stormevents/csvfiles/StormEvents_details-ftp_v1.0_d2023_c20260323.csv.gz,https://www.ncdc.noaa.gov/stormevents/eventdetails.jsp?id=1101361
2023,May,26-MAY-23 13:32:00,26-MAY-23 13:32:00,COLORADO,JEFFERSON,ARVADA,Hail,0.75,,Trained Spotter,39.82,-105.14,180857,1101368,,45.515,2023,StormEvents_details-ftp_v1.0_d2023_c20260323.csv.gz,https://www.ncei.noaa.gov/pub/data/swdi/stormevents/csvfiles/StormEvents_details-ftp_v1.0_d2023_c20260323.csv.gz,https://www.ncdc.noaa.gov/stormevents/eventdetails.jsp?id=1101368
2023,May,26-MAY-23 13:34:00,26-MAY-23 13:34:00,COLORADO,BOULDER,LONGMONT,Hail,0.88,,Public,40.18,-105.11,180857,1101367,,24.127,2023,StormEvents_details-ftp_v1.0_d2023_c20260323.csv.gz,https://www.ncei.noaa.gov/pub/data/swdi/stormevents/csvfiles/StormEvents_details-ftp_v1.0_d2023_c20260323.csv.gz,https://www.ncdc.noaa.gov/stormevents/eventdetails.jsp?id=1101367
2023,May,26-MAY-23 13:35:00,26-MAY-23 13:35:00,COLORADO,BOULDER,LONGMONT,Hail,1.25,,NWS Employee,40.2,-105.07,180857,1101363,,21.641,2023,StormEvents_details-ftp_v1.0_d2023_c20260323.csv.gz,https://www.ncei.noaa.gov/pub/data/swdi/stormevents/csvfiles/StormEvents_details-ftp_v1.0_d2023_c20260323.csv.gz,https://www.ncdc.noaa.gov/stormevents/eventdetails.jsp?id=1101363
2023,May,26-MAY-23 13:35:00,26-MAY-23 13:35:00,COLORADO,BROOMFIELD,BROOMFIELD,Hail,0.88,,Public,39.92,-105.07,180857,1101366,,37.685,2023,StormEvents_details-ftp_v1.0_d2023_c20260323.csv.gz,https://www.ncei.noaa.gov/pub/data/swdi/stormevents/csvfiles/StormEvents_details-ftp_v1.0_d2023_c20260323.csv.gz,https://www.ncdc.noaa.gov/stormevents/eventdetails.jsp?id=1101366
2023,May,26-MAY-23 13:42:00,26-MAY-23 13:42:00,COLORADO,ADAMS,FEDERAL HGT,Hail,1,,Trained Spotter,39.89,-105.04,180857,1101359,,38.977,2023,StormEvents_details-ftp_v1.0_d2023_c20260323.csv.gz,https://www.ncei.noaa.gov/pub/data/swdi/stormevents/csvfiles/StormEvents_details-ftp_v1.0_d2023_c20260323.csv.gz,https://www.ncdc.noaa.gov/stormevents/eventdetails.jsp?id=1101359
2023,May,26-MAY-23 13:45:00,26-MAY-23 13:45:00,COLORADO,ADAMS,FEDERAL HGT,Hail,1,,Public,39.89,-105.01,180857,1101358,,38.43,2023,StormEvents_details-ftp_v1.0_d2023_c20260323.csv.gz,https://www.ncei.noaa.gov/pub/data/swdi/stormevents/csvfiles/StormEvents_details-ftp_v1.0_d2023_c20260323.csv.gz,https://www.ncdc.noaa.gov/stormevents/eventdetails.jsp?id=1101358
2023,May,26-MAY-23 13:51:00,26-MAY-23 13:51:00,COLORADO,WELD,FREDERICK,Hail,0.75,,Storm Chaser,40.1,-104.99,180857,1101365,,24.65,2023,StormEvents_details-ftp_v1.0_d2023_c20260323.csv.gz,https://www.ncei.noaa.gov/pub/data/swdi/stormevents/csvfiles/StormEvents_details-ftp_v1.0_d2023_c20260323.csv.gz,https://www.ncdc.noaa.gov/stormevents/eventdetails.jsp?id=1101365
2023,May,26-MAY-23 14:32:00,26-MAY-23 14:32:00,WYOMING,LARAMIE,SOUTH GREELEY,Hail,0.75,,Public,41.1,-104.78,179321,1092192,Received report from mPING.,47.285,2023,StormEvents_details-ftp_v1.0_d2023_c20260323.csv.gz,https://www.ncei.noaa.gov/pub/data/swdi/stormevents/csvfiles/StormEvents_details-ftp_v1.0_d2023_c20260323.csv.gz,https://www.ncdc.noaa.gov/stormevents/eventdetails.jsp?id=1092192
2023,May,26-MAY-23 14:38:00,26-MAY-23 14:38:00,WYOMING,LARAMIE,CHEYENNE,Hail,0.75,,Public,41.13,-104.76,179321,1092193,Received report from mPING.,49.36,2023,StormEvents_details-ftp_v1.0_d2023_c20260323.csv.gz,https://www.ncei.noaa.gov/pub/data/swdi/stormevents/csvfiles/StormEvents_details-ftp_v1.0_d2023_c20260323.csv.gz,https://www.ncdc.noaa.gov/stormevents/eventdetails.jsp?id=1092193
2023,August,27-AUG-23 14:00:00,27-AUG-23 14:00:00,COLORADO,LARIMER,DRAKES,Hail,1.25,,CoCoRaHS,40.52,-105.12,184656,1130725,,19.654,2023,StormEvents_details-ftp_v1.0_d2023_c20260323.csv.gz,https://www.ncei.noaa.gov/pub/data/swdi/stormevents/csvfiles/StormEvents_details-ftp_v1.0_d2023_c20260323.csv.gz,https://www.ncdc.noaa.gov/stormevents/eventdetails.jsp?id=1130725
2023,August,27-AUG-23 14:00:00,27-AUG-23 14:00:00,COLORADO,LARIMER,FT COLLINS,Hail,1,,CoCoRaHS,40.58,-105.1,184656,1130726,,20.631,2023,StormEvents_details-ftp_v1.0_d2023_c20260323.csv.gz,https://www.ncei.noaa.gov/pub/data/swdi/stormevents/csvfiles/StormEvents_details-ftp_v1.0_d2023_c20260323.csv.gz,https://www.ncdc.noaa.gov/stormevents/eventdetails.jsp?id=1130726
2023,August,27-AUG-23 14:05:00,27-AUG-23 14:05:00,COLORADO,LARIMER,DRAKES,Hail,0.88,,CoCoRaHS,40.56,-105.12,184656,1130727,Hail caused extensive leaf damage to an apple tree and garden.,20.823,2023,StormEvents_details-ftp_v1.0_d2023_c20260323.csv.gz,https://www.ncei.noaa.gov/pub/data/swdi/stormevents/csvfiles/StormEvents_details-ftp_v1.0_d2023_c20260323.csv.gz,https://www.ncdc.noaa.gov/stormevents/eventdetails.jsp?id=1130727
2023,August,27-AUG-23 14:06:00,27-AUG-23 14:06:00,COLORADO,LARIMER,DRAKES,Hail,1,,Public,40.55,-105.13,184656,1130724,,20.972,2023,StormEvents_details-ftp_v1.0_d2023_c20260323.csv.gz,https://www.ncei.noaa.gov/pub/data/swdi/stormevents/csvfiles/StormEvents_details-ftp_v1.0_d2023_c20260323.csv.gz,https://www.ncdc.noaa.gov/stormevents/eventdetails.jsp?id=1130724
2023,August,28-AUG-23 17:45:00,28-AUG-23 17:45:00,COLORADO,ADAMS,LEADER,Hail,1,,Trained Spotter,39.94,-104.11,184658,1130741,,47.979,2023,StormEvents_details-ftp_v1.0_d2023_c20260323.csv.gz,https://www.ncei.noaa.gov/pub/data/swdi/stormevents/csvfiles/StormEvents_details-ftp_v1.0_d2023_c20260323.csv.gz,https://www.ncdc.noaa.gov/stormevents/eventdetails.jsp?id=1130741
2023,July,28-JUL-23 13:31:00,28-JUL-23 13:31:00,WYOMING,LARAMIE,CHEYENNE,Hail,1,,Public,41.13,-104.8,181459,1105235,,49.378,2023,StormEvents_details-ftp_v1.0_d2023_c20260323.csv.gz,https://www.ncei.noaa.gov/pub/data/swdi/stormevents/csvfiles/StormEvents_details-ftp_v1.0_d2023_c20260323.csv.gz,https://www.ncdc.noaa.gov/stormevents/eventdetails.jsp?id=1105235
2023,July,28-JUL-23 13:37:00,28-JUL-23 13:37:00,WYOMING,LARAMIE,CHEYENNE,Hail,1,,Trained Spotter,41.12,-104.83,181459,1105236,,48.759,2023,StormEvents_details-ftp_v1.0_d2023_c20260323.csv.gz,https://www.ncei.noaa.gov/pub/data/swdi/stormevents/csvfiles/StormEvents_details-ftp_v1.0_d2023_c20260323.csv.gz,https://www.ncdc.noaa.gov/stormevents/eventdetails.jsp?id=1105236
2023,July,28-JUL-23 13:41:00,28-JUL-23 13:41:00,WYOMING,LARAMIE,CHEYENNE,Hail,1,,Public,41.13,-104.79,181459,1105237,,49.365,2023,StormEvents_details-ftp_v1.0_d2023_c20260323.csv.gz,https://www.ncei.noaa.gov/pub/data/swdi/stormevents/csvfiles/StormEvents_details-ftp_v1.0_d2023_c20260323.csv.gz,https://www.ncdc.noaa.gov/stormevents/eventdetails.jsp?id=1105237
2023,June,28-JUN-23 21:26:00,28-JUN-23 21:26:00,COLORADO,WELD,FT LUPTON,Hail,1.25,,CoCoRaHS,40.08,-104.81,182036,1109198,,23.278,2023,StormEvents_details-ftp_v1.0_d2023_c20260323.csv.gz,https://www.ncei.noaa.gov/pub/data/swdi/stormevents/csvfiles/StormEvents_details-ftp_v1.0_d2023_c20260323.csv.gz,https://www.ncdc.noaa.gov/stormevents/eventdetails.jsp?id=1109198
2023,June,28-JUN-23 21:28:00,28-JUN-23 21:28:00,COLORADO,WELD,FT LUPTON,Hail,1.5,,Public,40.09,-104.81,182036,1109174,,22.589,2023,StormEvents_details-ftp_v1.0_d2023_c20260323.csv.gz,https://www.ncei.noaa.gov/pub/data/swdi/stormevents/csvfiles/StormEvents_details-ftp_v1.0_d2023_c20260323.csv.gz,https://www.ncdc.noaa.gov/stormevents/eventdetails.jsp?id=1109174
2023,June,28-JUN-23 21:37:00,28-JUN-23 21:37:00,COLORADO,MORGAN,FT MORGAN,Hail,2.5,,Trained Spotter,40.28,-103.85,182036,1109096,,49.455,2023,StormEvents_details-ftp_v1.0_d2023_c20260323.csv.gz,https://www.ncei.noaa.gov/pub/data/swdi/stormevents/csvfiles/StormEvents_details-ftp_v1.0_d2023_c20260323.csv.gz,https://www.ncdc.noaa.gov/stormevents/eventdetails.jsp?id=1109096
2023,June,28-JUN-23 21:54:00,28-JUN-23 21:54:00,COLORADO,MORGAN,FT MORGAN,Hail,2.75,,Trained Spotter,40.28,-103.85,182036,1109091,,49.455,2023,StormEvents_details-ftp_v1.0_d2023_c20260323.csv.gz,https://www.ncei.noaa.gov/pub/data/swdi/stormevents/csvfiles/StormEvents_details-ftp_v1.0_d2023_c20260323.csv.gz,https://www.ncdc.noaa.gov/stormevents/eventdetails.jsp?id=1109091
2023,June,28-JUN-23 22:00:00,28-JUN-23 22:00:00,COLORADO,WELD,ROGGEN,Hail,1,,Public,40.17,-104.37,182036,1109173,,27.153,2023,StormEvents_details-ftp_v1.0_d2023_c20260323.csv.gz,https://www.ncei.noaa.gov/pub/data/swdi/stormevents/csvfiles/StormEvents_details-ftp_v1.0_d2023_c20260323.csv.gz,https://www.ncdc.noaa.gov/stormevents/eventdetails.jsp?id=1109173
2023,June,28-JUN-23 22:30:00,28-JUN-23 22:30:00,COLORADO,MORGAN,WIGGINS,Hail,2,,Public,40.23,-104.07,182036,1109190,,39.149,2023,StormEvents_details-ftp_v1.0_d2023_c20260323.csv.gz,https://www.ncei.noaa.gov/pub/data/swdi/stormevents/csvfiles/StormEvents_details-ftp_v1.0_d2023_c20260323.csv.gz,https://www.ncdc.noaa.gov/stormevents/eventdetails.jsp?id=1109190
2023,June,28-JUN-23 22:37:00,28-JUN-23 22:37:00,COLORADO,MORGAN,WIGGINS,Hail,1,,Public,40.23,-104.07,182036,1109178,,39.149,2023,StormEvents_details-ftp_v1.0_d2023_c20260323.csv.gz,https://www.ncei.noaa.gov/pub/data/swdi/stormevents/csvfiles/StormEvents_details-ftp_v1.0_d2023_c20260323.csv.gz,https://www.ncdc.noaa.gov/stormevents/eventdetails.jsp?id=1109178
2023,June,28-JUN-23 23:40:00,28-JUN-23 23:40:00,COLORADO,WELD,MASTERS,Hail,1,,Public,40.29,-104.23,182036,1109187,,29.838,2023,StormEvents_details-ftp_v1.0_d2023_c20260323.csv.gz,https://www.ncei.noaa.gov/pub/data/swdi/stormevents/csvfiles/StormEvents_details-ftp_v1.0_d2023_c20260323.csv.gz,https://www.ncdc.noaa.gov/stormevents/eventdetails.jsp?id=1109187
2023,June,29-JUN-23 14:45:00,29-JUN-23 14:45:00,COLORADO,DENVER,DENVER,Hail,1,,Public,39.75,-105,182050,1109243,,47.544,2023,StormEvents_details-ftp_v1.0_d2023_c20260323.csv.gz,https://www.ncei.noaa.gov/pub/data/swdi/stormevents/csvfiles/StormEvents_details-ftp_v1.0_d2023_c20260323.csv.gz,https://www.ncdc.noaa.gov/stormevents/eventdetails.jsp?id=1109243
2023,June,29-JUN-23 14:46:00,29-JUN-23 14:46:00,COLORADO,DENVER,DENVER,Hail,1,,Trained Spotter,39.77,-105.01,182050,1109239,,46.348,2023,StormEvents_details-ftp_v1.0_d2023_c20260323.csv.gz,https://www.ncei.noaa.gov/pub/data/swdi/stormevents/csvfiles/StormEvents_details-ftp_v1.0_d2023_c20260323.csv.gz,https://www.ncdc.noaa.gov/stormevents/eventdetails.jsp?id=1109239
2023,June,29-JUN-23 14:46:00,29-JUN-23 14:46:00,COLORADO,DENVER,DENVER,Hail,0.75,,Trained Spotter,39.75,-104.99,182050,1109250,,47.413,2023,StormEvents_details-ftp_v1.0_d2023_c20260323.csv.gz,https://www.ncei.noaa.gov/pub/data/swdi/stormevents/csvfiles/StormEvents_details-ftp_v1.0_d2023_c20260323.csv.gz,https://www.ncdc.noaa.gov/stormevents/eventdetails.jsp?id=1109250
2023,June,29-JUN-23 14:48:00,29-JUN-23 14:48:00,COLORADO,DENVER,DENVER,Hail,0.75,,Storm Chaser,39.78,-105.04,182050,1109242,,46.145,2023,StormEvents_details-ftp_v1.0_d2023_c20260323.csv.gz,https://www.ncei.noaa.gov/pub/data/swdi/stormevents/csvfiles/StormEvents_details-ftp_v1.0_d2023_c20260323.csv.gz,https://www.ncdc.noaa.gov/stormevents/eventdetails.jsp?id=1109242
2023,June,29-JUN-23 14:57:00,29-JUN-23 14:57:00,COLORADO,DENVER,DENVER,Hail,1,,Trained Spotter,39.75,-104.99,182050,1109240,,47.413,2023,StormEvents_details-ftp_v1.0_d2023_c20260323.csv.gz,https://www.ncei.noaa.gov/pub/data/swdi/stormevents/csvfiles/StormEvents_details-ftp_v1.0_d2023_c20260323.csv.gz,https://www.ncdc.noaa.gov/stormevents/eventdetails.jsp?id=1109240
2023,June,29-JUN-23 15:07:00,29-JUN-23 15:07:00,COLORADO,DENVER,DENVER,Hail,1.75,,Trained Spotter,39.77,-105.04,182050,1109245,,46.803,2023,StormEvents_details-ftp_v1.0_d2023_c20260323.csv.gz,https://www.ncei.noaa.gov/pub/data/swdi/stormevents/csvfiles/StormEvents_details-ftp_v1.0_d2023_c20260323.csv.gz,https://www.ncdc.noaa.gov/stormevents/eventdetails.jsp?id=1109245
2023,June,29-JUN-23 15:07:00,29-JUN-23 15:07:00,COLORADO,DENVER,DENVER,Hail,1.25,,Public,39.73,-105.04,182050,1109247,,49.446,2023,StormEvents_details-ftp_v1.0_d2023_c20260323.csv.gz,https://www.ncei.noaa.gov/pub/data/swdi/stormevents/csvfiles/StormEvents_details-ftp_v1.0_d2023_c20260323.csv.gz,https://www.ncdc.noaa.gov/stormevents/eventdetails.jsp?id=1109247
2023,June,29-JUN-23 15:07:00,29-JUN-23 15:07:00,COLORADO,DENVER,DENVER,Hail,1,,Public,39.79,-105.04,182050,1109248,,45.488,2023,StormEvents_details-ftp_v1.0_d2023_c20260323.csv.gz,https://www.ncei.noaa.gov/pub/data/swdi/stormevents/csvfiles/StormEvents_details-ftp_v1.0_d2023_c20260323.csv.gz,https://www.ncdc.noaa.gov/stormevents/eventdetails.jsp?id=1109248
2023,June,29-JUN-23 15:07:00,29-JUN-23 15:07:00,COLORADO,JEFFERSON,WHEAT RIDGE,Hail,1.25,,Public,39.76,-105.06,182050,1109256,,47.789,2023,StormEvents_details-ftp_v1.0_d2023_c20260323.csv.gz,https://www.ncei.noaa.gov/pub/data/swdi/stormevents/csvfiles/StormEvents_details-ftp_v1.0_d2023_c20260323.csv.gz,https://www.ncdc.noaa.gov/stormevents/eventdetails.jsp?id=1109256
2023,June,29-JUN-23 15:08:00,29-JUN-23 15:08:00,COLORADO,DENVER,DENVER,Hail,1,,Trained Spotter,39.77,-105.05,182050,1109244,,46.966,2023,StormEvents_details-ftp_v1.0_d2023_c20260323.csv.gz,https://www.ncei.noaa.gov/pub/data/swdi/stormevents/csvfiles/StormEvents_details-ftp_v1.0_d2023_c20260323.csv.gz,https://www.ncdc.noaa.gov/stormevents/eventdetails.jsp?id=1109244
2023,June,29-JUN-23 15:10:00,29-JUN-23 15:10:00,COLORADO,JEFFERSON,WHEAT RIDGE,Hail,1.5,,Public,39.74,-105.05,182050,1109258,,48.94,2023,StormEvents_details-ftp_v1.0_d2023_c20260323.csv.gz,https://www.ncei.noaa.gov/pub/data/swdi/stormevents/csvfiles/StormEvents_details-ftp_v1.0_d2023_c20260323.csv.gz,https://www.ncdc.noaa.gov/stormevents/eventdetails.jsp?id=1109258
2023,June,29-JUN-23 15:18:00,29-JUN-23 15:18:00,COLORADO,ADAMS,AURORA,Hail,1,,Public,39.74,-104.77,182050,1109231,,46.684,2023,StormEvents_details-ftp_v1.0_d2023_c20260323.csv.gz,https://www.ncei.noaa.gov/pub/data/swdi/stormevents/csvfiles/StormEvents_details-ftp_v1.0_d2023_c20260323.csv.gz,https://www.ncdc.noaa.gov/stormevents/eventdetails.jsp?id=1109231
2023,June,29-JUN-23 15:20:00,29-JUN-23 15:20:00,COLORADO,ADAMS,AURORA,Hail,1.25,,Trained Spotter,39.74,-104.77,182050,1109218,,46.684,2023,StormEvents_details-ftp_v1.0_d2023_c20260323.csv.gz,https://www.ncei.noaa.gov/pub/data/swdi/stormevents/csvfiles/StormEvents_details-ftp_v1.0_d2023_c20260323.csv.gz,https://www.ncdc.noaa.gov/stormevents/eventdetails.jsp?id=1109218
2023,June,29-JUN-23 15:23:00,29-JUN-23 15:23:00,COLORADO,ARAPAHOE,(BKF)BUCKLEY AIR FORCE BASE,Hail,1.5,,Public,39.73,-104.83,182050,1109234,,47.473,2023,StormEvents_details-ftp_v1.0_d2023_c20260323.csv.gz,https://www.ncei.noaa.gov/pub/data/swdi/stormevents/csvfiles/StormEvents_details-ftp_v1.0_d2023_c20260323.csv.gz,https://www.ncdc.noaa.gov/stormevents/eventdetails.jsp?id=1109234
2023,June,29-JUN-23 15:24:00,29-JUN-23 15:24:00,COLORADO,ADAMS,AURORA,Hail,0.75,,Trained Spotter,39.74,-104.84,182050,1109219,,46.821,2023,StormEvents_details-ftp_v1.0_d2023_c20260323.csv.gz,https://www.ncei.noaa.gov/pub/data/swdi/stormevents/csvfiles/StormEvents_details-ftp_v1.0_d2023_c20260323.csv.gz,https://www.ncdc.noaa.gov/stormevents/eventdetails.jsp?id=1109219
2023,June,29-JUN-23 15:25:00,29-JUN-23 15:25:00,COLORADO,ARAPAHOE,(BKF)BUCKLEY AIR FORCE BASE,Hail,1.5,,Public,39.74,-104.79,182050,1109233,,46.693,2023,StormEvents_details-ftp_v1.0_d2023_c20260323.csv.gz,https://www.ncei.noaa.gov/pub/data/swdi/stormevents/csvfiles/StormEvents_details-ftp_v1.0_d2023_c20260323.csv.gz,https://www.ncdc.noaa.gov/stormevents/eventdetails.jsp?id=1109233
2023,June,29-JUN-23 15:28:00,29-JUN-23 15:28:00,COLORADO,ADAMS,AURORA,Hail,1.25,,Public,39.74,-104.77,182050,1109220,,46.684,2023,StormEvents_details-ftp_v1.0_d2023_c20260323.csv.gz,https://www.ncei.noaa.gov/pub/data/swdi/stormevents/csvfiles/StormEvents_details-ftp_v1.0_d2023_c20260323.csv.gz,https://www.ncdc.noaa.gov/stormevents/eventdetails.jsp?id=1109220
2023,June,29-JUN-23 15:30:00,29-JUN-23 15:30:00,COLORADO,ARAPAHOE,(BKF)BUCKLEY AIR FORCE BASE,Hail,0.75,,Public,39.73,-104.79,182050,1109235,,47.384,2023,StormEvents_details-ftp_v1.0_d2023_c20260323.csv.gz,https://www.ncei.noaa.gov/pub/data/swdi/stormevents/csvfiles/StormEvents_details-ftp_v1.0_d2023_c20260323.csv.gz,https://www.ncdc.noaa.gov/stormevents/eventdetails.jsp?id=1109235
2023,June,29-JUN-23 15:35:00,29-JUN-23 15:35:00,COLORADO,ARAPAHOE,(BKF)BUCKLEY AIR FORCE BASE,Hail,2,,Public,39.72,-104.71,182050,1109238,,48.178,2023,StormEvents_details-ftp_v1.0_d2023_c20260323.csv.gz,https://www.ncei.noaa.gov/pub/data/swdi/stormevents/csvfiles/StormEvents_details-ftp_v1.0_d2023_c20260323.csv.gz,https://www.ncdc.noaa.gov/stormevents/eventdetails.jsp?id=1109238
2023,June,29-JUN-23 15:41:00,29-JUN-23 15:41:00,COLORADO,ARAPAHOE,(BKF)BUCKLEY AIR FORCE BASE,Hail,1,,Public,39.72,-104.71,182050,1109236,,48.178,2023,StormEvents_details-ftp_v1.0_d2023_c20260323.csv.gz,https://www.ncei.noaa.gov/pub/data/swdi/stormevents/csvfiles/StormEvents_details-ftp_v1.0_d2023_c20260323.csv.gz,https://www.ncdc.noaa.gov/stormevents/eventdetails.jsp?id=1109236
2023,June,29-JUN-23 15:58:00,29-JUN-23 16:28:00,COLORADO,ADAMS,DENVER FRONT RANGE A,Hail,1.25,,Public,39.79,-104.55,182050,1109227,,44.795,2023,StormEvents_details-ftp_v1.0_d2023_c20260323.csv.gz,https://www.ncei.noaa.gov/pub/data/swdi/stormevents/csvfiles/StormEvents_details-ftp_v1.0_d2023_c20260323.csv.gz,https://www.ncdc.noaa.gov/stormevents/eventdetails.jsp?id=1109227
2023,June,29-JUN-23 16:16:00,29-JUN-23 16:16:00,COLORADO,ADAMS,WATKINS,Hail,1.5,,Trained Spotter,39.77,-104.59,182050,1109222,,45.638,2023,StormEvents_details-ftp_v1.0_d2023_c20260323.csv.gz,https://www.ncei.noaa.gov/pub/data/swdi/stormevents/csvfiles/StormEvents_details-ftp_v1.0_d2023_c20260323.csv.gz,https://www.ncdc.noaa.gov/stormevents/eventdetails.jsp?id=1109222
2023,June,29-JUN-23 16:20:00,29-JUN-23 16:20:00,COLORADO,ARAPAHOE,(BKF)BUCKLEY AIR FORCE BASE,Hail,1.75,,Trained Spotter,39.74,-104.82,182050,1109232,,46.752,2023,StormEvents_details-ftp_v1.0_d2023_c20260323.csv.gz,https://www.ncei.noaa.gov/pub/data/swdi/stormevents/csvfiles/StormEvents_details-ftp_v1.0_d2023_c20260323.csv.gz,https://www.ncdc.noaa.gov/stormevents/eventdetails.jsp?id=1109232
2023,June,29-JUN-23 16:24:00,29-JUN-23 16:24:00,COLORADO,ADAMS,BENNETT,Hail,1.5,,Public,39.75,-104.45,182050,1109226,,49.044,2023,StormEvents_details-ftp_v1.0_d2023_c20260323.csv.gz,https://www.ncei.noaa.gov/pub/data/swdi/stormevents/csvfiles/StormEvents_details-ftp_v1.0_d2023_c20260323.csv.gz,https://www.ncdc.noaa.gov/stormevents/eventdetails.jsp?id=1109226
2023,June,29-JUN-23 17:00:00,29-JUN-23 17:00:00,COLORADO,ADAMS,MANILA,Hail,1.25,,Trained Spotter,39.76,-104.52,182050,1109229,,47.222,2023,StormEvents_details-ftp_v1.0_d2023_c20260323.csv.gz,https://www.ncei.noaa.gov/pub/data/swdi/stormevents/csvfiles/StormEvents_details-ftp_v1.0_d2023_c20260323.csv.gz,https://www.ncdc.noaa.gov/stormevents/eventdetails.jsp?id=1109229
2023,June,29-JUN-23 17:24:00,29-JUN-23 17:24:00,COLORADO,ADAMS,BENNETT,Hail,2,,Trained Spotter,39.76,-104.43,182050,1109224,,48.779,2023,StormEvents_details-ftp_v1.0_d2023_c20260323.csv.gz,https://www.ncei.noaa.gov/pub/data/swdi/stormevents/csvfiles/StormEvents_details-ftp_v1.0_d2023_c20260323.csv.gz,https://www.ncdc.noaa.gov/stormevents/eventdetails.jsp?id=1109224
2023,June,30-JUN-23 10:56:00,30-JUN-23 10:56:00,COLORADO,LARIMER,ESTES PARK,Hail,0.88,,Trained Spotter,40.37,-105.55,182052,1109265,,41.054,2023,StormEvents_details-ftp_v1.0_d2023_c20260323.csv.gz,https://www.ncei.noaa.gov/pub/data/swdi/stormevents/csvfiles/StormEvents_details-ftp_v1.0_d2023_c20260323.csv.gz,https://www.ncdc.noaa.gov/stormevents/eventdetails.jsp?id=1109265
2023,July,31-JUL-23 17:46:00,31-JUL-23 17:46:00,COLORADO,WELD,NUNN,Hail,1,,Trained Spotter,40.73,-104.79,183789,1123519,,21.739,2023,StormEvents_details-ftp_v1.0_d2023_c20260323.csv.gz,https://www.ncei.noaa.gov/pub/data/swdi/stormevents/csvfiles/StormEvents_details-ftp_v1.0_d2023_c20260323.csv.gz,https://www.ncdc.noaa.gov/stormevents/eventdetails.jsp?id=1123519
2023,July,31-JUL-23 19:00:00,31-JUL-23 19:00:00,COLORADO,LARIMER,FT COLLINS,Hail,1.25,,Public,40.61,-105.08,183789,1123524,,21.019,2023,StormEvents_details-ftp_v1.0_d2023_c20260323.csv.gz,https://www.ncei.noaa.gov/pub/data/swdi/stormevents/csvfiles/StormEvents_details-ftp_v1.0_d2023_c20260323.csv.gz,https://www.ncdc.noaa.gov/stormevents/eventdetails.jsp?id=1123524
2024,August,07-AUG-24 13:15:00,07-AUG-24 13:20:00,COLORADO,WELD,NUNN,Hail,1.75,,Public,40.7,-104.78,193960,1198552,,19.65,2024,StormEvents_details-ftp_v1.0_d2024_c20260728.csv.gz,https://www.ncei.noaa.gov/pub/data/swdi/stormevents/csvfiles/StormEvents_details-ftp_v1.0_d2024_c20260728.csv.gz,https://www.ncdc.noaa.gov/stormevents/eventdetails.jsp?id=1198552
2024,August,07-AUG-24 15:05:00,07-AUG-24 15:15:00,COLORADO,WELD,ROGGEN,Hail,0.75,,Public,40.2,-104.33,193960,1198562,,27.654,2024,StormEvents_details-ftp_v1.0_d2024_c20260728.csv.gz,https://www.ncei.noaa.gov/pub/data/swdi/stormevents/csvfiles/StormEvents_details-ftp_v1.0_d2024_c20260728.csv.gz,https://www.ncdc.noaa.gov/stormevents/eventdetails.jsp?id=1198562
2024,August,07-AUG-24 15:15:00,07-AUG-24 15:22:00,COLORADO,WELD,ROGGEN,Hail,0.75,,Public,40.14,-104.38,193960,1198563,,28.108,2024,StormEvents_details-ftp_v1.0_d2024_c20260728.csv.gz,https://www.ncei.noaa.gov/pub/data/swdi/stormevents/csvfiles/StormEvents_details-ftp_v1.0_d2024_c20260728.csv.gz,https://www.ncdc.noaa.gov/stormevents/eventdetails.jsp?id=1198563
2024,August,07-AUG-24 15:20:00,07-AUG-24 15:27:00,COLORADO,WELD,PROSPECT VALLEY,Hail,0.75,,Public,40.1,-104.37,193960,1198564,,30.419,2024,StormEvents_details-ftp_v1.0_d2024_c20260728.csv.gz,https://www.ncei.noaa.gov/pub/data/swdi/stormevents/csvfiles/StormEvents_details-ftp_v1.0_d2024_c20260728.csv.gz,https://www.ncdc.noaa.gov/stormevents/eventdetails.jsp?id=1198564
2024,July,07-JUL-24 14:51:00,07-JUL-24 14:52:00,COLORADO,ADAMS,NORTHGLENN,Hail,0.75,,Public,39.9,-104.97,191646,1180106,The report was from mping.,37.129,2024,StormEvents_details-ftp_v1.0_d2024_c20260728.csv.gz,https://www.ncei.noaa.gov/pub/data/swdi/stormevents/csvfiles/StormEvents_details-ftp_v1.0_d2024_c20260728.csv.gz,https://www.ncdc.noaa.gov/stormevents/eventdetails.jsp?id=1180106
2024,July,07-JUL-24 14:55:00,07-JUL-24 14:57:00,COLORADO,ADAMS,THORNTON,Hail,0.75,,Public,39.9,-104.94,191646,1180107,The report was from mping.,36.715,2024,StormEvents_details-ftp_v1.0_d2024_c20260728.csv.gz,https://www.ncei.noaa.gov/pub/data/swdi/stormevents/csvfiles/StormEvents_details-ftp_v1.0_d2024_c20260728.csv.gz,https://www.ncdc.noaa.gov/stormevents/eventdetails.jsp?id=1180107
2024,June,08-JUN-24 12:05:00,08-JUN-24 12:05:00,WYOMING,LARAMIE,SOUTH GREELEY,Hail,0.75,,Trained Spotter,41.1,-104.8,191869,1181971,A trained weather spotter reported penny sized hail in south Cheyenne.,47.306,2024,StormEvents_details-ftp_v1.0_d2024_c20260728.csv.gz,https://www.ncei.noaa.gov/pub/data/swdi/stormevents/csvfiles/StormEvents_details-ftp_v1.0_d2024_c20260728.csv.gz,https://www.ncdc.noaa.gov/stormevents/eventdetails.jsp?id=1181971
2024,June,08-JUN-24 12:20:00,08-JUN-24 12:20:00,WYOMING,LARAMIE,ORCHARD VALLY,Hail,0.75,,Public,41.1,-104.83,191869,1181972,The public reported penny sized hail in south Cheyenne.,47.38,2024,StormEvents_details-ftp_v1.0_d2024_c20260728.csv.gz,https://www.ncei.noaa.gov/pub/data/swdi/stormevents/csvfiles/StormEvents_details-ftp_v1.0_d2024_c20260728.csv.gz,https://www.ncdc.noaa.gov/stormevents/eventdetails.jsp?id=1181972
2024,June,08-JUN-24 12:27:00,08-JUN-24 12:27:00,WYOMING,LARAMIE,ARCHER,Hail,2,,Trained Spotter,41.1,-104.58,191869,1181973,A trained weather spotter measured 2-inch diameter hail 9 miles SSW of Hillsdale.,48.341,2024,StormEvents_details-ftp_v1.0_d2024_c20260728.csv.gz,https://www.ncei.noaa.gov/pub/data/swdi/stormevents/csvfiles/StormEvents_details-ftp_v1.0_d2024_c20260728.csv.gz,https://www.ncdc.noaa.gov/stormevents/eventdetails.jsp?id=1181973
2024,June,08-JUN-24 14:25:00,08-JUN-24 14:35:00,COLORADO,MORGAN,WIGGINS,Hail,1,,Law Enforcement,40.23,-104.07,191105,1176171,Heavy rain and strong winds also accompanied the thunderstorm.,39.149,2024,StormEvents_details-ftp_v1.0_d2024_c20260728.csv.gz,https://www.ncei.noaa.gov/pub/data/swdi/stormevents/csvfiles/StormEvents_details-ftp_v1.0_d2024_c20260728.csv.gz,https://www.ncdc.noaa.gov/stormevents/eventdetails.jsp?id=1176171
2024,June,09-JUN-24 14:09:00,09-JUN-24 14:50:00,COLORADO,ARAPAHOE,ARAPAHOE PARK,Hail,1,,Storm Chaser,39.72,-104.56,191067,1175859,,49.357,2024,StormEvents_details-ftp_v1.0_d2024_c20260728.csv.gz,https://www.ncei.noaa.gov/pub/data/swdi/stormevents/csvfiles/StormEvents_details-ftp_v1.0_d2024_c20260728.csv.gz,https://www.ncdc.noaa.gov/stormevents/eventdetails.jsp?id=1175859
2024,June,09-JUN-24 14:37:00,09-JUN-24 14:50:00,COLORADO,ADAMS,WATKINS,Hail,0.75,,Public,39.74,-104.58,191067,1175860,,47.776,2024,StormEvents_details-ftp_v1.0_d2024_c20260728.csv.gz,https://www.ncei.noaa.gov/pub/data/swdi/stormevents/csvfiles/StormEvents_details-ftp_v1.0_d2024_c20260728.csv.gz,https://www.ncdc.noaa.gov/stormevents/eventdetails.jsp?id=1175860
2024,June,09-JUN-24 16:13:00,09-JUN-24 16:15:00,COLORADO,WELD,PLATTEVILLE,Hail,1,,Public,40.22,-104.82,191067,1175871,,13.752,2024,StormEvents_details-ftp_v1.0_d2024_c20260728.csv.gz,https://www.ncei.noaa.gov/pub/data/swdi/stormevents/csvfiles/StormEvents_details-ftp_v1.0_d2024_c20260728.csv.gz,https://www.ncdc.noaa.gov/stormevents/eventdetails.jsp?id=1175871
2024,September,15-SEP-24 14:40:00,15-SEP-24 14:42:00,COLORADO,WELD,GARDEN CITY,Hail,1.5,,Trained Spotter,40.3,-104.57,194609,1203099,,13.309,2024,StormEvents_details-ftp_v1.0_d2024_c20260728.csv.gz,https://www.ncei.noaa.gov/pub/data/swdi/stormevents/csvfiles/StormEvents_details-ftp_v1.0_d2024_c20260728.csv.gz,https://www.ncdc.noaa.gov/stormevents/eventdetails.jsp?id=1203099
2024,July,20-JUL-24 17:53:00,20-JUL-24 17:58:00,COLORADO,LARIMER,FT COLLINS,Hail,1,,CoCoRaHS,40.57,-105.05,192280,1186168,A CoCoRaHS observer reported half inch to 1 inch diameter hail which lasted for 5 minutes.,18.079,2024,StormEvents_details-ftp_v1.0_d2024_c20260728.csv.gz,https://www.ncei.noaa.gov/pub/data/swdi/stormevents/csvfiles/StormEvents_details-ftp_v1.0_d2024_c20260728.csv.gz,https://www.ncdc.noaa.gov/stormevents/eventdetails.jsp?id=1186168
2024,July,20-JUL-24 18:13:00,20-JUL-24 18:13:00,COLORADO,LARIMER,DRAKES,Hail,0.75,,Public,40.52,-105.07,192280,1186189,Reported via mPing.,17.236,2024,StormEvents_details-ftp_v1.0_d2024_c20260728.csv.gz,https://www.ncei.noaa.gov/pub/data/swdi/stormevents/csvfiles/StormEvents_details-ftp_v1.0_d2024_c20260728.csv.gz,https://www.ncdc.noaa.gov/stormevents/eventdetails.jsp?id=1186189
2024,July,20-JUL-24 18:34:00,20-JUL-24 18:34:00,COLORADO,LARIMER,LOVELAND,Hail,1,,Public,40.38,-105.13,192280,1186190,,18.99,2024,StormEvents_details-ftp_v1.0_d2024_c20260728.csv.gz,https://www.ncei.noaa.gov/pub/data/swdi/stormevents/csvfiles/StormEvents_details-ftp_v1.0_d2024_c20260728.csv.gz,https://www.ncdc.noaa.gov/stormevents/eventdetails.jsp?id=1186190
2024,July,20-JUL-24 18:35:00,20-JUL-24 18:35:00,COLORADO,WELD,JOHNSTOWN,Hail,0.75,,Public,40.39,-104.94,192280,1186191,Reported via mPing.,9.008,2024,StormEvents_details-ftp_v1.0_d2024_c20260728.csv.gz,https://www.ncei.noaa.gov/pub/data/swdi/stormevents/csvfiles/StormEvents_details-ftp_v1.0_d2024_c20260728.csv.gz,https://www.ncdc.noaa.gov/stormevents/eventdetails.jsp?id=1186191
2024,July,20-JUL-24 18:40:00,20-JUL-24 18:50:00,COLORADO,LARIMER,CAMPION,Hail,1,,Broadcast Media,40.3494,-105.0281,192280,1186039,"Broadcast media source provided numerous photos of crop damage due to hail and wind at a malthouse. Significant crop loss was noted across 120 acres of distillers corn, 12 acres of trial blue corn, 300 acres of alfalfa and 70 acres of Genie barley. All of the corn and barley acreage was considered a total loss.",14.228,2024,StormEvents_details-ftp_v1.0_d2024_c20260728.csv.gz,https://www.ncei.noaa.gov/pub/data/swdi/stormevents/csvfiles/StormEvents_details-ftp_v1.0_d2024_c20260728.csv.gz,https://www.ncdc.noaa.gov/stormevents/eventdetails.jsp?id=1186039
2024,July,20-JUL-24 18:40:00,20-JUL-24 18:40:00,COLORADO,LARIMER,LOVELAND,Hail,1,,Trained Spotter,40.39,-105.11,192280,1186192,,17.864,2024,StormEvents_details-ftp_v1.0_d2024_c20260728.csv.gz,https://www.ncei.noaa.gov/pub/data/swdi/stormevents/csvfiles/StormEvents_details-ftp_v1.0_d2024_c20260728.csv.gz,https://www.ncdc.noaa.gov/stormevents/eventdetails.jsp?id=1186192
2024,July,20-JUL-24 18:44:00,20-JUL-24 18:44:00,COLORADO,LARIMER,CAMPION,Hail,1.5,,Public,40.35,-105.11,192280,1186193,,18.351,2024,StormEvents_details-ftp_v1.0_d2024_c20260728.csv.gz,https://www.ncei.noaa.gov/pub/data/swdi/stormevents/csvfiles/StormEvents_details-ftp_v1.0_d2024_c20260728.csv.gz,https://www.ncdc.noaa.gov/stormevents/eventdetails.jsp?id=1186193
2024,July,20-JUL-24 18:45:00,20-JUL-24 18:51:00,COLORADO,LARIMER,BERTHOUD,Hail,1.25,,CoCoRaHS,40.28,-105.16,192280,1186194,Hail up to the size of a half dollar fell for a duration of 6 minutes.,22.472,2024,StormEvents_details-ftp_v1.0_d2024_c20260728.csv.gz,https://www.ncei.noaa.gov/pub/data/swdi/stormevents/csvfiles/StormEvents_details-ftp_v1.0_d2024_c20260728.csv.gz,https://www.ncdc.noaa.gov/stormevents/eventdetails.jsp?id=1186194
2024,July,20-JUL-24 18:52:00,20-JUL-24 18:52:00,COLORADO,LARIMER,BERTHOUD,Hail,1,,CoCoRaHS,40.27,-105.1,192280,1186195,,19.984,2024,StormEvents_details-ftp_v1.0_d2024_c20260728.csv.gz,https://www.ncei.noaa.gov/pub/data/swdi/stormevents/csvfiles/StormEvents_details-ftp_v1.0_d2024_c20260728.csv.gz,https://www.ncdc.noaa.gov/stormevents/eventdetails.jsp?id=1186195
2024,July,20-JUL-24 18:53:00,20-JUL-24 18:53:00,COLORADO,WELD,PLATTEVILLE ARPT,Hail,1,,Trained Spotter,40.24,-104.76,192280,1186196,,12.154,2024,StormEvents_details-ftp_v1.0_d2024_c20260728.csv.gz,https://www.ncei.noaa.gov/pub/data/swdi/stormevents/csvfiles/StormEvents_details-ftp_v1.0_d2024_c20260728.csv.gz,https://www.ncdc.noaa.gov/stormevents/eventdetails.jsp?id=1186196
2024,July,20-JUL-24 18:57:00,20-JUL-24 18:57:00,COLORADO,LARIMER,BERTHOUD,Hail,0.75,,Trained Spotter,40.31,-105.1,192280,1186198,,18.74,2024,StormEvents_details-ftp_v1.0_d2024_c20260728.csv.gz,https://www.ncei.noaa.gov/pub/data/swdi/stormevents/csvfiles/StormEvents_details-ftp_v1.0_d2024_c20260728.csv.gz,https://www.ncdc.noaa.gov/stormevents/eventdetails.jsp?id=1186198
2024,July,20-JUL-24 19:00:00,20-JUL-24 19:00:00,COLORADO,LARIMER,BERTHOUD,Hail,1,,Trained Spotter,40.27,-105.1,192280,1186199,,19.984,2024,StormEvents_details-ftp_v1.0_d2024_c20260728.csv.gz,https://www.ncei.noaa.gov/pub/data/swdi/stormevents/csvfiles/StormEvents_details-ftp_v1.0_d2024_c20260728.csv.gz,https://www.ncdc.noaa.gov/stormevents/eventdetails.jsp?id=1186199
2024,July,20-JUL-24 19:03:00,20-JUL-24 19:03:00,COLORADO,BOULDER,LONGMONT,Hail,0.75,,Trained Spotter,40.2,-105.1,192280,1186200,,22.813,2024,StormEvents_details-ftp_v1.0_d2024_c20260728.csv.gz,https://www.ncei.noaa.gov/pub/data/swdi/stormevents/csvfiles/StormEvents_details-ftp_v1.0_d2024_c20260728.csv.gz,https://www.ncdc.noaa.gov/stormevents/eventdetails.jsp?id=1186200
2024,July,20-JUL-24 19:15:00,20-JUL-24 19:15:00,COLORADO,WELD,FREDERICK,Hail,1,,CoCoRaHS,40.09,-105,192280,1186201,,25.508,2024,StormEvents_details-ftp_v1.0_d2024_c20260728.csv.gz,https://www.ncei.noaa.gov/pub/data/swdi/stormevents/csvfiles/StormEvents_details-ftp_v1.0_d2024_c20260728.csv.gz,https://www.ncdc.noaa.gov/stormevents/eventdetails.jsp?id=1186201
2024,July,20-JUL-24 19:16:00,20-JUL-24 19:16:00,COLORADO,WELD,FREDERICK,Hail,0.75,,Public,40.09,-105,192280,1186202,Report via mPing.,25.508,2024,StormEvents_details-ftp_v1.0_d2024_c20260728.csv.gz,https://www.ncei.noaa.gov/pub/data/swdi/stormevents/csvfiles/StormEvents_details-ftp_v1.0_d2024_c20260728.csv.gz,https://www.ncdc.noaa.gov/stormevents/eventdetails.jsp?id=1186202
2024,July,20-JUL-24 19:41:00,20-JUL-24 19:41:00,COLORADO,ADAMS,THORNTON,Hail,0.75,,Public,39.9,-104.94,192280,1186203,Report via mPing.,36.715,2024,StormEvents_details-ftp_v1.0_d2024_c20260728.csv.gz,https://www.ncei.noaa.gov/pub/data/swdi/stormevents/csvfiles/StormEvents_details-ftp_v1.0_d2024_c20260728.csv.gz,https://www.ncdc.noaa.gov/stormevents/eventdetails.jsp?id=1186203
2024,May,20-MAY-24 19:06:00,20-MAY-24 19:10:00,COLORADO,MORGAN,HOYT,Hail,0.75,,Public,40.04,-104.03,190059,1168682,Mping public report.,46.972,2024,StormEvents_details-ftp_v1.0_d2024_c20260728.csv.gz,https://www.ncei.noaa.gov/pub/data/swdi/stormevents/csvfiles/StormEvents_details-ftp_v1.0_d2024_c20260728.csv.gz,https://www.ncdc.noaa.gov/stormevents/eventdetails.jsp?id=1168682
2024,May,20-MAY-24 19:25:00,20-MAY-24 19:29:00,COLORADO,MORGAN,HOYT,Hail,1.75,,Trained Spotter,40.04,-104.03,190059,1168677,,46.972,2024,StormEvents_details-ftp_v1.0_d2024_c20260728.csv.gz,https://www.ncei.noaa.gov/pub/data/swdi/stormevents/csvfiles/StormEvents_details-ftp_v1.0_d2024_c20260728.csv.gz,https://www.ncdc.noaa.gov/stormevents/eventdetails.jsp?id=1168677
2024,June,21-JUN-24 14:41:00,21-JUN-24 14:46:00,COLORADO,WELD,HEREFORD,Hail,1,,COOP Observer,40.97,-104.3,191064,1175828,,45.594,2024,StormEvents_details-ftp_v1.0_d2024_c20260728.csv.gz,https://www.ncei.noaa.gov/pub/data/swdi/stormevents/csvfiles/StormEvents_details-ftp_v1.0_d2024_c20260728.csv.gz,https://www.ncdc.noaa.gov/stormevents/eventdetails.jsp?id=1175828
2024,June,21-JUN-24 15:15:00,21-JUN-24 15:22:00,COLORADO,WELD,PAWNEE BUTTES,Hail,1.75,,Trained Spotter,40.85,-104.04,191064,1175829,A few window screens were shredded. The time was estimated by radar.,48.728,2024,StormEvents_details-ftp_v1.0_d2024_c20260728.csv.gz,https://www.ncei.noaa.gov/pub/data/swdi/stormevents/csvfiles/StormEvents_details-ftp_v1.0_d2024_c20260728.csv.gz,https://www.ncdc.noaa.gov/stormevents/eventdetails.jsp?id=1175829
2024,May,25-MAY-24 14:08:00,25-MAY-24 14:08:00,COLORADO,WELD,PAWNEE BUTTES,Hail,1,,Trained Spotter,40.85,-104.04,190366,1176544,Most of the hail stones were marble sized.,48.728,2024,StormEvents_details-ftp_v1.0_d2024_c20260728.csv.gz,https://www.ncei.noaa.gov/pub/data/swdi/stormevents/csvfiles/StormEvents_details-ftp_v1.0_d2024_c20260728.csv.gz,https://www.ncdc.noaa.gov/stormevents/eventdetails.jsp?id=1176544
2024,May,28-MAY-24 20:45:00,28-MAY-24 20:55:00,COLORADO,WELD,EVANS,Hail,2,,Public,40.39,-104.67,190522,1171137,,5.66,2024,StormEvents_details-ftp_v1.0_d2024_c20260728.csv.gz,https://www.ncei.noaa.gov/pub/data/swdi/stormevents/csvfiles/StormEvents_details-ftp_v1.0_d2024_c20260728.csv.gz,https://www.ncdc.noaa.gov/stormevents/eventdetails.jsp?id=1171137
2024,May,28-MAY-24 20:45:00,28-MAY-24 21:00:00,COLORADO,WELD,GREELEY,Hail,1,,Public,40.41,-104.69,190522,1171138,,4.339,2024,StormEvents_details-ftp_v1.0_d2024_c20260728.csv.gz,https://www.ncei.noaa.gov/pub/data/swdi/stormevents/csvfiles/StormEvents_details-ftp_v1.0_d2024_c20260728.csv.gz,https://www.ncdc.noaa.gov/stormevents/eventdetails.jsp?id=1171138
2024,May,28-MAY-24 20:45:00,28-MAY-24 21:00:00,COLORADO,WELD,GREELEY,Hail,1,,Trained Spotter,40.42,-104.69,190522,1171141,,4.332,2024,StormEvents_details-ftp_v1.0_d2024_c20260728.csv.gz,https://www.ncei.noaa.gov/pub/data/swdi/stormevents/csvfiles/StormEvents_details-ftp_v1.0_d2024_c20260728.csv.gz,https://www.ncdc.noaa.gov/stormevents/eventdetails.jsp?id=1171141
2024,May,28-MAY-24 20:47:00,28-MAY-24 20:55:00,COLORADO,WELD,GREELEY,Hail,1,,Trained Spotter,40.42,-104.7,190522,1171140,,3.807,2024,StormEvents_details-ftp_v1.0_d2024_c20260728.csv.gz,https://www.ncei.noaa.gov/pub/data/swdi/stormevents/csvfiles/StormEvents_details-ftp_v1.0_d2024_c20260728.csv.gz,https://www.ncdc.noaa.gov/stormevents/eventdetails.jsp?id=1171140
2024,May,28-MAY-24 20:50:00,28-MAY-24 21:10:00,COLORADO,WELD,EVANS,Hail,1.25,,Public,40.4,-104.68,190522,1171144,,4.967,2024,StormEvents_details-ftp_v1.0_d2024_c20260728.csv.gz,https://www.ncei.noaa.gov/pub/data/swdi/stormevents/csvfiles/StormEvents_details-ftp_v1.0_d2024_c20260728.csv.gz,https://www.ncdc.noaa.gov/stormevents/eventdetails.jsp?id=1171144
2024,May,28-MAY-24 21:02:00,28-MAY-24 21:07:00,COLORADO,WELD,EVANS,Hail,1,,Public,40.39,-104.7,190522,1171143,,4.19,2024,StormEvents_details-ftp_v1.0_d2024_c20260728.csv.gz,https://www.ncei.noaa.gov/pub/data/swdi/stormevents/csvfiles/StormEvents_details-ftp_v1.0_d2024_c20260728.csv.gz,https://www.ncdc.noaa.gov/stormevents/eventdetails.jsp?id=1171143
2024,May,28-MAY-24 21:15:00,28-MAY-24 21:30:00,COLORADO,WELD,JOHNSTOWN,Hail,1.75,,Public,40.33,-104.94,190522,1171145,,10.634,2024,StormEvents_details-ftp_v1.0_d2024_c20260728.csv.gz,https://www.ncei.noaa.gov/pub/data/swdi/stormevents/csvfiles/StormEvents_details-ftp_v1.0_d2024_c20260728.csv.gz,https://www.ncdc.noaa.gov/stormevents/eventdetails.jsp?id=1171145
2024,May,28-MAY-24 21:45:00,28-MAY-24 21:48:00,COLORADO,WELD,JOHNSTOWN,Hail,1,,Public,40.32,-104.83,190522,1171146,,7.277,2024,StormEvents_details-ftp_v1.0_d2024_c20260728.csv.gz,https://www.ncei.noaa.gov/pub/data/swdi/stormevents/csvfiles/StormEvents_details-ftp_v1.0_d2024_c20260728.csv.gz,https://www.ncdc.noaa.gov/stormevents/eventdetails.jsp?id=1171146
2024,June,29-JUN-24 17:12:00,29-JUN-24 17:18:00,COLORADO,JEFFERSON,EDGEWATER,Hail,0.75,,Public,39.76,-105.15,191431,1178752,The report was from mping.,49.509,2024,StormEvents_details-ftp_v1.0_d2024_c20260728.csv.gz,https://www.ncei.noaa.gov/pub/data/swdi/stormevents/csvfiles/StormEvents_details-ftp_v1.0_d2024_c20260728.csv.gz,https://www.ncdc.noaa.gov/stormevents/eventdetails.jsp?id=1178752
2024,June,29-JUN-24 17:14:00,29-JUN-24 17:21:00,COLORADO,JEFFERSON,ARVADA,Hail,1,,Public,39.79,-105.12,191431,1178751,The report was from mping.,46.975,2024,StormEvents_details-ftp_v1.0_d2024_c20260728.csv.gz,https://www.ncei.noaa.gov/pub/data/swdi/stormevents/csvfiles/StormEvents_details-ftp_v1.0_d2024_c20260728.csv.gz,https://www.ncdc.noaa.gov/stormevents/eventdetails.jsp?id=1178751
2024,June,29-JUN-24 17:18:00,29-JUN-24 17:20:00,COLORADO,JEFFERSON,ARVADA,Hail,0.75,,Public,39.8,-105.12,191431,1178753,The report was from mping.,46.34,2024,StormEvents_details-ftp_v1.0_d2024_c20260728.csv.gz,https://www.ncei.noaa.gov/pub/data/swdi/stormevents/csvfiles/StormEvents_details-ftp_v1.0_d2024_c20260728.csv.gz,https://www.ncdc.noaa.gov/stormevents/eventdetails.jsp?id=1178753
2024,June,29-JUN-24 17:25:00,29-JUN-24 17:26:00,COLORADO,JEFFERSON,ARVADA,Hail,1,,Trained Spotter,39.82,-105.11,191431,1178756,,44.861,2024,StormEvents_details-ftp_v1.0_d2024_c20260728.csv.gz,https://www.ncei.noaa.gov/pub/data/swdi/stormevents/csvfiles/StormEvents_details-ftp_v1.0_d2024_c20260728.csv.gz,https://www.ncdc.noaa.gov/stormevents/eventdetails.jsp?id=1178756
2024,June,29-JUN-24 17:26:00,29-JUN-24 17:26:00,COLORADO,JEFFERSON,ARVADA,Hail,0.75,,Public,39.84,-105.08,191431,1178754,The report was from mping.,42.971,2024,StormEvents_details-ftp_v1.0_d2024_c20260728.csv.gz,https://www.ncei.noaa.gov/pub/data/swdi/stormevents/csvfiles/StormEvents_details-ftp_v1.0_d2024_c20260728.csv.gz,https://www.ncdc.noaa.gov/stormevents/eventdetails.jsp?id=1178754
2024,June,29-JUN-24 17:27:00,29-JUN-24 17:30:00,COLORADO,ADAMS,WESTMINSTER,Hail,0.75,,Public,39.83,-105.05,191431,1178755,The report was from mping.,43.046,2024,StormEvents_details-ftp_v1.0_d2024_c20260728.csv.gz,https://www.ncei.noaa.gov/pub/data/swdi/stormevents/csvfiles/StormEvents_details-ftp_v1.0_d2024_c20260728.csv.gz,https://www.ncdc.noaa.gov/stormevents/eventdetails.jsp?id=1178755
2024,May,29-MAY-24 14:18:00,29-MAY-24 14:23:00,COLORADO,MORGAN,FT MORGAN,Hail,0.88,,Broadcast Media,40.27,-103.86,190525,1171152,,49.078,2024,StormEvents_details-ftp_v1.0_d2024_c20260728.csv.gz,https://www.ncei.noaa.gov/pub/data/swdi/stormevents/csvfiles/StormEvents_details-ftp_v1.0_d2024_c20260728.csv.gz,https://www.ncdc.noaa.gov/stormevents/eventdetails.jsp?id=1171152
2024,May,30-MAY-24 19:53:00,30-MAY-24 19:53:00,COLORADO,WELD,FIRESTONE,Hail,0.88,,Public,40.16,-104.94,191135,1176550,The report was from social media (X/Twitter).,19.756,2024,StormEvents_details-ftp_v1.0_d2024_c20260728.csv.gz,https://www.ncei.noaa.gov/pub/data/swdi/stormevents/csvfiles/StormEvents_details-ftp_v1.0_d2024_c20260728.csv.gz,https://www.ncdc.noaa.gov/stormevents/eventdetails.jsp?id=1176550
2024,May,30-MAY-24 19:55:00,30-MAY-24 20:00:00,COLORADO,BOULDER,BOULDER ARPT,Hail,0.75,,Public,40.06,-105.21,191135,1176548,The report was from mping.,33.722,2024,StormEvents_details-ftp_v1.0_d2024_c20260728.csv.gz,https://www.ncei.noaa.gov/pub/data/swdi/stormevents/csvfiles/StormEvents_details-ftp_v1.0_d2024_c20260728.csv.gz,https://www.ncdc.noaa.gov/stormevents/eventdetails.jsp?id=1176548
2024,May,30-MAY-24 19:55:00,30-MAY-24 19:55:00,COLORADO,WELD,FIRESTONE,Hail,0.75,,Public,40.15,-104.88,191135,1176549,The report was from mping.,19.215,2024,StormEvents_details-ftp_v1.0_d2024_c20260728.csv.gz,https://www.ncei.noaa.gov/pub/data/swdi/stormevents/csvfiles/StormEvents_details-ftp_v1.0_d2024_c20260728.csv.gz,https://www.ncdc.noaa.gov/stormevents/eventdetails.jsp?id=1176549
2024,May,30-MAY-24 19:58:00,30-MAY-24 20:03:00,COLORADO,BOULDER,NIWOT,Hail,1,,Trained Spotter,40.1,-105.18,191135,1176547,The report was from mping.,30.629,2024,StormEvents_details-ftp_v1.0_d2024_c20260728.csv.gz,https://www.ncei.noaa.gov/pub/data/swdi/stormevents/csvfiles/StormEvents_details-ftp_v1.0_d2024_c20260728.csv.gz,https://www.ncdc.noaa.gov/stormevents/eventdetails.jsp?id=1176547
2024,May,30-MAY-24 20:00:00,30-MAY-24 20:05:00,COLORADO,BOULDER,NIWOT,Hail,1,,Trained Spotter,40.1,-105.17,191135,1176546,Size was estimated.,30.261,2024,StormEvents_details-ftp_v1.0_d2024_c20260728.csv.gz,https://www.ncei.noaa.gov/pub/data/swdi/stormevents/csvfiles/StormEvents_details-ftp_v1.0_d2024_c20260728.csv.gz,https://www.ncdc.noaa.gov/stormevents/eventdetails.jsp?id=1176546
2024,May,30-MAY-24 20:00:00,30-MAY-24 20:35:00,COLORADO,BOULDER,LAFAYETTE,Hail,1,,Public,40.0376,-105.1142,191135,1176551,The report was from mping.,31.748,2024,StormEvents_details-ftp_v1.0_d2024_c20260728.csv.gz,https://www.ncei.noaa.gov/pub/data/swdi/stormevents/csvfiles/StormEvents_details-ftp_v1.0_d2024_c20260728.csv.gz,https://www.ncdc.noaa.gov/stormevents/eventdetails.jsp?id=1176551
2024,May,30-MAY-24 20:11:00,30-MAY-24 20:16:00,COLORADO,BOULDER,LAFAYETTE,Hail,0.88,,Trained Spotter,39.99,-105.1,191135,1176806,,34.122,2024,StormEvents_details-ftp_v1.0_d2024_c20260728.csv.gz,https://www.ncei.noaa.gov/pub/data/swdi/stormevents/csvfiles/StormEvents_details-ftp_v1.0_d2024_c20260728.csv.gz,https://www.ncdc.noaa.gov/stormevents/eventdetails.jsp?id=1176806
2024,May,30-MAY-24 20:15:00,30-MAY-24 20:30:00,COLORADO,BOULDER,LAFAYETTE,Hail,1,,Trained Spotter,40.05,-105.08,191135,1176828,The report was via mping.,30.033,2024,StormEvents_details-ftp_v1.0_d2024_c20260728.csv.gz,https://www.ncei.noaa.gov/pub/data/swdi/stormevents/csvfiles/StormEvents_details-ftp_v1.0_d2024_c20260728.csv.gz,https://www.ncdc.noaa.gov/stormevents/eventdetails.jsp?id=1176828
2024,May,30-MAY-24 20:21:00,30-MAY-24 20:23:00,COLORADO,BROOMFIELD,BROOMFIELD,Hail,1,,Trained Spotter,39.94,-105.05,191135,1176826,The report was via mping.,35.99,2024,StormEvents_details-ftp_v1.0_d2024_c20260728.csv.gz,https://www.ncei.noaa.gov/pub/data/swdi/stormevents/csvfiles/StormEvents_details-ftp_v1.0_d2024_c20260728.csv.gz,https://www.ncdc.noaa.gov/stormevents/eventdetails.jsp?id=1176826
2024,May,30-MAY-24 20:25:00,30-MAY-24 20:25:00,COLORADO,JEFFERSON,BROOMFIELD,Hail,1.25,,Public,39.91,-105.06,191135,1176825,The report was via mping.,38.101,2024,StormEvents_details-ftp_v1.0_d2024_c20260728.csv.gz,https://www.ncei.noaa.gov/pub/data/swdi/stormevents/csvfiles/StormEvents_details-ftp_v1.0_d2024_c20260728.csv.gz,https://www.ncdc.noaa.gov/stormevents/eventdetails.jsp?id=1176825
2024,May,30-MAY-24 20:25:00,30-MAY-24 20:37:00,COLORADO,WELD,ERIE,Hail,0.88,,Public,40.05,-105.03,191135,1176827,,28.693,2024,StormEvents_details-ftp_v1.0_d2024_c20260728.csv.gz,https://www.ncei.noaa.gov/pub/data/swdi/stormevents/csvfiles/StormEvents_details-ftp_v1.0_d2024_c20260728.csv.gz,https://www.ncdc.noaa.gov/stormevents/eventdetails.jsp?id=1176827
2024,May,30-MAY-24 20:25:00,30-MAY-24 20:38:00,COLORADO,WELD,ERIE,Hail,1.5,,Trained Spotter,40.05,-105.03,191135,1176879,,28.693,2024,StormEvents_details-ftp_v1.0_d2024_c20260728.csv.gz,https://www.ncei.noaa.gov/pub/data/swdi/stormevents/csvfiles/StormEvents_details-ftp_v1.0_d2024_c20260728.csv.gz,https://www.ncdc.noaa.gov/stormevents/eventdetails.jsp?id=1176879
2024,May,30-MAY-24 20:27:00,30-MAY-24 20:27:00,COLORADO,JEFFERSON,BROOMFIELD,Hail,1,,CoCoRaHS,39.91,-105.06,191135,1176883,,38.101,2024,StormEvents_details-ftp_v1.0_d2024_c20260728.csv.gz,https://www.ncei.noaa.gov/pub/data/swdi/stormevents/csvfiles/StormEvents_details-ftp_v1.0_d2024_c20260728.csv.gz,https://www.ncdc.noaa.gov/stormevents/eventdetails.jsp?id=1176883
2024,May,30-MAY-24 20:28:00,30-MAY-24 20:32:00,COLORADO,BROOMFIELD,BROOMFIELD,Hail,1,,Public,39.92,-105.02,191135,1176823,The report was via mping.,36.662,2024,StormEvents_details-ftp_v1.0_d2024_c20260728.csv.gz,https://www.ncei.noaa.gov/pub/data/swdi/stormevents/csvfiles/StormEvents_details-ftp_v1.0_d2024_c20260728.csv.gz,https://www.ncdc.noaa.gov/stormevents/eventdetails.jsp?id=1176823
2024,May,30-MAY-24 20:28:00,30-MAY-24 20:32:00,COLORADO,BROOMFIELD,BROOMFIELD,Hail,1.5,,Trained Spotter,39.93,-105.02,191135,1176824,The report was via mping.,36.017,2024,StormEvents_details-ftp_v1.0_d2024_c20260728.csv.gz,https://www.ncei.noaa.gov/pub/data/swdi/stormevents/csvfiles/StormEvents_details-ftp_v1.0_d2024_c20260728.csv.gz,https://www.ncdc.noaa.gov/stormevents/eventdetails.jsp?id=1176824
2024,May,30-MAY-24 20:29:00,30-MAY-24 20:29:00,COLORADO,ADAMS,FEDERAL HGT,Hail,1,,Public,39.88,-105.05,191135,1176822,The report was via mping.,39.813,2024,StormEvents_details-ftp_v1.0_d2024_c20260728.csv.gz,https://www.ncei.noaa.gov/pub/data/swdi/stormevents/csvfiles/StormEvents_details-ftp_v1.0_d2024_c20260728.csv.gz,https://www.ncdc.noaa.gov/stormevents/eventdetails.jsp?id=1176822
2024,May,30-MAY-24 20:30:00,30-MAY-24 20:50:00,COLORADO,ADAMS,NORTHGLENN,Hail,1.5,,Public,39.92,-104.97,191135,1176814,The report was via mping.,35.805,2024,StormEvents_details-ftp_v1.0_d2024_c20260728.csv.gz,https://www.ncei.noaa.gov/pub/data/swdi/stormevents/csvfiles/StormEvents_details-ftp_v1.0_d2024_c20260728.csv.gz,https://www.ncdc.noaa.gov/stormevents/eventdetails.jsp?id=1176814
2024,May,30-MAY-24 20:30:00,30-MAY-24 20:41:00,COLORADO,WELD,ERIE,Hail,1.25,,Public,40,-105.03,191135,1176815,The report was via mping.,31.779,2024,StormEvents_details-ftp_v1.0_d2024_c20260728.csv.gz,https://www.ncei.noaa.gov/pub/data/swdi/stormevents/csvfiles/StormEvents_details-ftp_v1.0_d2024_c20260728.csv.gz,https://www.ncdc.noaa.gov/stormevents/eventdetails.jsp?id=1176815
2024,May,30-MAY-24 20:30:00,30-MAY-24 20:41:00,COLORADO,WELD,ERIE,Hail,1,,Public,40,-105.03,191135,1176818,The report was via mping.,31.779,2024,StormEvents_details-ftp_v1.0_d2024_c20260728.csv.gz,https://www.ncei.noaa.gov/pub/data/swdi/stormevents/csvfiles/StormEvents_details-ftp_v1.0_d2024_c20260728.csv.gz,https://www.ncdc.noaa.gov/stormevents/eventdetails.jsp?id=1176818
2024,May,30-MAY-24 20:30:00,30-MAY-24 20:43:00,COLORADO,WELD,ERIE,Hail,1.25,,Public,40.04,-105.04,191135,1176821,The report was via mping.,29.552,2024,StormEvents_details-ftp_v1.0_d2024_c20260728.csv.gz,https://www.ncei.noaa.gov/pub/data/swdi/stormevents/csvfiles/StormEvents_details-ftp_v1.0_d2024_c20260728.csv.gz,https://www.ncdc.noaa.gov/stormevents/eventdetails.jsp?id=1176821
2024,May,30-MAY-24 20:30:00,30-MAY-24 20:45:00,COLORADO,ADAMS,NORTHGLENN,Hail,1.5,,Public,39.94,-104.99,191135,1176878,,34.819,2024,StormEvents_details-ftp_v1.0_d2024_c20260728.csv.gz,https://www.ncei.noaa.gov/pub/data/swdi/stormevents/csvfiles/StormEvents_details-ftp_v1.0_d2024_c20260728.csv.gz,https://www.ncdc.noaa.gov/stormevents/eventdetails.jsp?id=1176878
2024,May,30-MAY-24 20:35:00,30-MAY-24 20:41:00,COLORADO,ADAMS,FEDERAL HGT,Hail,1,,Public,39.88,-105.03,191135,1176807,The report was via mping.,39.436,2024,StormEvents_details-ftp_v1.0_d2024_c20260728.csv.gz,https://www.ncei.noaa.gov/pub/data/swdi/stormevents/csvfiles/StormEvents_details-ftp_v1.0_d2024_c20260728.csv.gz,https://www.ncdc.noaa.gov/stormevents/eventdetails.jsp?id=1176807
2024,May,30-MAY-24 20:35:00,30-MAY-24 20:52:00,COLORADO,ADAMS,NORTHGLENN,Hail,1,,Trained Spotter,39.94,-104.96,191135,1176813,"Minor damage to siding, roofs, and trees.",34.328,2024,StormEvents_details-ftp_v1.0_d2024_c20260728.csv.gz,https://www.ncei.noaa.gov/pub/data/swdi/stormevents/csvfiles/StormEvents_details-ftp_v1.0_d2024_c20260728.csv.gz,https://www.ncdc.noaa.gov/stormevents/eventdetails.jsp?id=1176813
2024,May,30-MAY-24 20:35:00,30-MAY-24 20:47:00,COLORADO,ADAMS,NORTHGLENN,Hail,1,,Public,39.9,-104.97,191135,1176819,The report was via mping.,37.129,2024,StormEvents_details-ftp_v1.0_d2024_c20260728.csv.gz,https://www.ncei.noaa.gov/pub/data/swdi/stormevents/csvfiles/StormEvents_details-ftp_v1.0_d2024_c20260728.csv.gz,https://www.ncdc.noaa.gov/stormevents/eventdetails.jsp?id=1176819
2024,May,30-MAY-24 20:35:00,30-MAY-24 20:45:00,COLORADO,ADAMS,NORTHGLENN,Hail,1,,Public,39.89,-104.98,191135,1176820,The report was via mping.,37.942,2024,StormEvents_details-ftp_v1.0_d2024_c20260728.csv.gz,https://www.ncei.noaa.gov/pub/data/swdi/stormevents/csvfiles/StormEvents_details-ftp_v1.0_d2024_c20260728.csv.gz,https://www.ncdc.noaa.gov/stormevents/eventdetails.jsp?id=1176820
2024,May,30-MAY-24 20:35:00,30-MAY-24 20:38:00,COLORADO,ADAMS,FEDERAL HGT,Hail,1,,Public,39.88,-105.03,191135,1176839,,39.436,2024,StormEvents_details-ftp_v1.0_d2024_c20260728.csv.gz,https://www.ncei.noaa.gov/pub/data/swdi/stormevents/csvfiles/StormEvents_details-ftp_v1.0_d2024_c20260728.csv.gz,https://www.ncdc.noaa.gov/stormevents/eventdetails.jsp?id=1176839
2024,May,30-MAY-24 20:35:00,30-MAY-24 20:41:00,COLORADO,ADAMS,NORTHGLENN,Hail,1.5,,Public,39.9,-104.99,191135,1176840,,37.44,2024,StormEvents_details-ftp_v1.0_d2024_c20260728.csv.gz,https://www.ncei.noaa.gov/pub/data/swdi/stormevents/csvfiles/StormEvents_details-ftp_v1.0_d2024_c20260728.csv.gz,https://www.ncdc.noaa.gov/stormevents/eventdetails.jsp?id=1176840
2024,May,30-MAY-24 20:36:00,30-MAY-24 20:46:00,COLORADO,ADAMS,NORTHGLENN,Hail,1.5,,Public,39.9,-104.97,191135,1176817,The report was via mping.,37.129,2024,StormEvents_details-ftp_v1.0_d2024_c20260728.csv.gz,https://www.ncei.noaa.gov/pub/data/swdi/stormevents/csvfiles/StormEvents_details-ftp_v1.0_d2024_c20260728.csv.gz,https://www.ncdc.noaa.gov/stormevents/eventdetails.jsp?id=1176817
2024,May,30-MAY-24 20:42:00,30-MAY-24 20:48:00,COLORADO,ADAMS,FEDERAL HGT,Hail,1,,Trained Spotter,39.88,-105.03,191135,1176811,,39.436,2024,StormEvents_details-ftp_v1.0_d2024_c20260728.csv.gz,https://www.ncei.noaa.gov/pub/data/swdi/stormevents/csvfiles/StormEvents_details-ftp_v1.0_d2024_c20260728.csv.gz,https://www.ncdc.noaa.gov/stormevents/eventdetails.jsp?id=1176811
2024,May,30-MAY-24 20:42:00,30-MAY-24 20:48:00,COLORADO,ADAMS,THORNTON,Hail,1,,Public,39.9,-104.94,191135,1176812,The report was via mping.,36.715,2024,StormEvents_details-ftp_v1.0_d2024_c20260728.csv.gz,https://www.ncei.noaa.gov/pub/data/swdi/stormevents/csvfiles/StormEvents_details-ftp_v1.0_d2024_c20260728.csv.gz,https://www.ncdc.noaa.gov/stormevents/eventdetails.jsp?id=1176812
2024,May,30-MAY-24 20:43:00,30-MAY-24 20:47:00,COLORADO,ADAMS,THORNTON,Hail,1,,Public,39.86,-104.98,191135,1176809,The report was via mping.,39.931,2024,StormEvents_details-ftp_v1.0_d2024_c20260728.csv.gz,https://www.ncei.noaa.gov/pub/data/swdi/stormevents/csvfiles/StormEvents_details-ftp_v1.0_d2024_c20260728.csv.gz,https://www.ncdc.noaa.gov/stormevents/eventdetails.jsp?id=1176809
2024,May,30-MAY-24 20:43:00,30-MAY-24 21:00:00,COLORADO,ADAMS,THORNTON,Hail,1,,Public,39.91,-104.92,191135,1176810,The report was via mping.,35.799,2024,StormEvents_details-ftp_v1.0_d2024_c20260728.csv.gz,https://www.ncei.noaa.gov/pub/data/swdi/stormevents/csvfiles/StormEvents_details-ftp_v1.0_d2024_c20260728.csv.gz,https://www.ncdc.noaa.gov/stormevents/eventdetails.jsp?id=1176810
2024,May,30-MAY-24 20:45:00,30-MAY-24 20:58:00,COLORADO,ADAMS,BARR LAKE,Hail,1.25,,Trained Spotter,39.97,-104.63,191135,1176541,,31.693,2024,StormEvents_details-ftp_v1.0_d2024_c20260728.csv.gz,https://www.ncei.noaa.gov/pub/data/swdi/stormevents/csvfiles/StormEvents_details-ftp_v1.0_d2024_c20260728.csv.gz,https://www.ncdc.noaa.gov/stormevents/eventdetails.jsp?id=1176541
2024,May,30-MAY-24 20:46:00,30-MAY-24 20:57:00,COLORADO,ADAMS,NORTHGLENN,Hail,1.75,,Trained Spotter,39.91,-104.94,191135,1176855,Location was near 120th and Colorado. Minot tree damage and minor car damage.,36.044,2024,StormEvents_details-ftp_v1.0_d2024_c20260728.csv.gz,https://www.ncei.noaa.gov/pub/data/swdi/stormevents/csvfiles/StormEvents_details-ftp_v1.0_d2024_c20260728.csv.gz,https://www.ncdc.noaa.gov/stormevents/eventdetails.jsp?id=1176855
2024,May,30-MAY-24 20:51:00,30-MAY-24 21:00:00,COLORADO,ADAMS,THORNTON,Hail,1.75,,Public,39.91,-104.92,191135,1176808,The report was via mping.,35.799,2024,StormEvents_details-ftp_v1.0_d2024_c20260728.csv.gz,https://www.ncei.noaa.gov/pub/data/swdi/stormevents/csvfiles/StormEvents_details-ftp_v1.0_d2024_c20260728.csv.gz,https://www.ncdc.noaa.gov/stormevents/eventdetails.jsp?id=1176808
2024,May,30-MAY-24 21:02:00,30-MAY-24 21:16:00,COLORADO,DENVER,(DEN)DENVER INTL ARP,Hail,1.75,,Public,39.81,-104.87,191135,1176834,The report was via mping.,42.165,2024,StormEvents_details-ftp_v1.0_d2024_c20260728.csv.gz,https://www.ncei.noaa.gov/pub/data/swdi/stormevents/csvfiles/StormEvents_details-ftp_v1.0_d2024_c20260728.csv.gz,https://www.ncdc.noaa.gov/stormevents/eventdetails.jsp?id=1176834
2024,May,30-MAY-24 21:02:00,30-MAY-24 21:16:00,COLORADO,DENVER,(DEN)DENVER INTL ARP,Hail,1.5,,Public,39.81,-104.87,191135,1176835,The report was via mping.,42.165,2024,StormEvents_details-ftp_v1.0_d2024_c20260728.csv.gz,https://www.ncei.noaa.gov/pub/data/swdi/stormevents/csvfiles/StormEvents_details-ftp_v1.0_d2024_c20260728.csv.gz,https://www.ncdc.noaa.gov/stormevents/eventdetails.jsp?id=1176835
2024,May,30-MAY-24 21:02:00,30-MAY-24 21:16:00,COLORADO,DENVER,(DEN)DENVER INTL ARP,Hail,1.5,,Public,39.81,-104.87,191135,1176836,The report was via mping.,42.165,2024,StormEvents_details-ftp_v1.0_d2024_c20260728.csv.gz,https://www.ncei.noaa.gov/pub/data/swdi/stormevents/csvfiles/StormEvents_details-ftp_v1.0_d2024_c20260728.csv.gz,https://www.ncdc.noaa.gov/stormevents/eventdetails.jsp?id=1176836
2024,May,30-MAY-24 21:02:00,30-MAY-24 21:16:00,COLORADO,DENVER,(DEN)DENVER INTL ARP,Hail,1.25,,Public,39.81,-104.87,191135,1176837,The report was via mping.,42.165,2024,StormEvents_details-ftp_v1.0_d2024_c20260728.csv.gz,https://www.ncei.noaa.gov/pub/data/swdi/stormevents/csvfiles/StormEvents_details-ftp_v1.0_d2024_c20260728.csv.gz,https://www.ncdc.noaa.gov/stormevents/eventdetails.jsp?id=1176837
2024,May,30-MAY-24 21:02:00,30-MAY-24 21:16:00,COLORADO,DENVER,(DEN)DENVER INTL ARP,Hail,1.5,,Public,39.81,-104.87,191135,1176838,The report was via mping.,42.165,2024,StormEvents_details-ftp_v1.0_d2024_c20260728.csv.gz,https://www.ncei.noaa.gov/pub/data/swdi/stormevents/csvfiles/StormEvents_details-ftp_v1.0_d2024_c20260728.csv.gz,https://www.ncdc.noaa.gov/stormevents/eventdetails.jsp?id=1176838
2024,May,30-MAY-24 21:02:00,30-MAY-24 21:16:00,COLORADO,ADAMS,HENDERSON,Hail,2,,Trained Spotter,39.89,-104.88,191135,1176877,,36.763,2024,StormEvents_details-ftp_v1.0_d2024_c20260728.csv.gz,https://www.ncei.noaa.gov/pub/data/swdi/stormevents/csvfiles/StormEvents_details-ftp_v1.0_d2024_c20260728.csv.gz,https://www.ncdc.noaa.gov/stormevents/eventdetails.jsp?id=1176877
2024,May,30-MAY-24 21:04:00,30-MAY-24 21:17:00,COLORADO,DENVER,(DEN)DENVER INTL ARP,Hail,2.5,,Public,39.79,-104.88,191135,1176876,The report was taken near 53rd avenue and Central Park boulevard.,43.603,2024,StormEvents_details-ftp_v1.0_d2024_c20260728.csv.gz,https://www.ncei.noaa.gov/pub/data/swdi/stormevents/csvfiles/StormEvents_details-ftp_v1.0_d2024_c20260728.csv.gz,https://www.ncdc.noaa.gov/stormevents/eventdetails.jsp?id=1176876
2024,May,30-MAY-24 21:05:00,30-MAY-24 21:16:00,COLORADO,DENVER,(DEN)DENVER INTL ARP,Hail,2.25,,Public,39.81,-104.87,191135,1176830,The report was via mping.,42.165,2024,StormEvents_details-ftp_v1.0_d2024_c20260728.csv.gz,https://www.ncei.noaa.gov/pub/data/swdi/stormevents/csvfiles/StormEvents_details-ftp_v1.0_d2024_c20260728.csv.gz,https://www.ncdc.noaa.gov/stormevents/eventdetails.jsp?id=1176830
2024,May,30-MAY-24 21:05:00,30-MAY-24 21:18:00,COLORADO,DENVER,(DEN)DENVER INTL ARP,Hail,1,,Public,39.81,-104.87,191135,1176833,,42.165,2024,StormEvents_details-ftp_v1.0_d2024_c20260728.csv.gz,https://www.ncei.noaa.gov/pub/data/swdi/stormevents/csvfiles/StormEvents_details-ftp_v1.0_d2024_c20260728.csv.gz,https://www.ncdc.noaa.gov/stormevents/eventdetails.jsp?id=1176833
2024,May,30-MAY-24 21:12:00,30-MAY-24 21:19:00,COLORADO,DENVER,(DEN)DENVER INTL ARP,Hail,2.75,,Public,39.79,-104.88,191135,1176829,This includes Northfield and Central Park.,43.603,2024,StormEvents_details-ftp_v1.0_d2024_c20260728.csv.gz,https://www.ncei.noaa.gov/pub/data/swdi/stormevents/csvfiles/StormEvents_details-ftp_v1.0_d2024_c20260728.csv.gz,https://www.ncdc.noaa.gov/stormevents/eventdetails.jsp?id=1176829
2024,May,30-MAY-24 21:16:00,30-MAY-24 21:45:00,COLORADO,DENVER,(DEN)DENVER INTL ARP,Hail,1.75,,Public,39.78,-104.76,191135,1176843,,43.925,2024,StormEvents_details-ftp_v1.0_d2024_c20260728.csv.gz,https://www.ncei.noaa.gov/pub/data/swdi/stormevents/csvfiles/StormEvents_details-ftp_v1.0_d2024_c20260728.csv.gz,https://www.ncdc.noaa.gov/stormevents/eventdetails.jsp?id=1176843
2024,May,30-MAY-24 21:16:00,30-MAY-24 21:45:00,COLORADO,DENVER,(DEN)DENVER INTL ARP,Hail,2,,Public,39.79,-104.76,191135,1176854,The report was via mping.,43.234,2024,StormEvents_details-ftp_v1.0_d2024_c20260728.csv.gz,https://www.ncei.noaa.gov/pub/data/swdi/stormevents/csvfiles/StormEvents_details-ftp_v1.0_d2024_c20260728.csv.gz,https://www.ncdc.noaa.gov/stormevents/eventdetails.jsp?id=1176854
2024,May,30-MAY-24 21:16:00,30-MAY-24 21:45:00,COLORADO,DENVER,(DEN)DENVER INTL ARP,Hail,2,,Public,39.79,-104.77,191135,1176875,The report was taken from social media (pictures).,43.229,2024,StormEvents_details-ftp_v1.0_d2024_c20260728.csv.gz,https://www.ncei.noaa.gov/pub/data/swdi/stormevents/csvfiles/StormEvents_details-ftp_v1.0_d2024_c20260728.csv.gz,https://www.ncdc.noaa.gov/stormevents/eventdetails.jsp?id=1176875
2024,May,30-MAY-24 21:18:00,30-MAY-24 21:30:00,COLORADO,ADAMS,AURORA,Hail,2,,Trained Spotter,39.75,-104.82,191135,1176874,The largest hailstone was measured with a calipers.,46.062,2024,StormEvents_details-ftp_v1.0_d2024_c20260728.csv.gz,https://www.ncei.noaa.gov/pub/data/swdi/stormevents/csvfiles/StormEvents_details-ftp_v1.0_d2024_c20260728.csv.gz,https://www.ncdc.noaa.gov/stormevents/eventdetails.jsp?id=1176874
2024,May,30-MAY-24 21:22:00,30-MAY-24 21:48:00,COLORADO,ADAMS,AURORA,Hail,1.75,,Public,39.74,-104.77,191135,1176832,The report was via mping.,46.684,2024,StormEvents_details-ftp_v1.0_d2024_c20260728.csv.gz,https://www.ncei.noaa.gov/pub/data/swdi/stormevents/csvfiles/StormEvents_details-ftp_v1.0_d2024_c20260728.csv.gz,https://www.ncdc.noaa.gov/stormevents/eventdetails.jsp?id=1176832
2024,May,30-MAY-24 21:22:00,30-MAY-24 21:48:00,COLORADO,ADAMS,AURORA,Hail,1.75,,Public,39.74,-104.75,191135,1176845,The report was via mping.,46.698,2024,StormEvents_details-ftp_v1.0_d2024_c20260728.csv.gz,https://www.ncei.noaa.gov/pub/data/swdi/stormevents/csvfiles/StormEvents_details-ftp_v1.0_d2024_c20260728.csv.gz,https://www.ncdc.noaa.gov/stormevents/eventdetails.jsp?id=1176845
2024,May,30-MAY-24 21:22:00,30-MAY-24 21:48:00,COLORADO,ADAMS,AURORA,Hail,1.75,,Public,39.74,-104.77,191135,1176853,The report was via mping.,46.684,2024,StormEvents_details-ftp_v1.0_d2024_c20260728.csv.gz,https://www.ncei.noaa.gov/pub/data/swdi/stormevents/csvfiles/StormEvents_details-ftp_v1.0_d2024_c20260728.csv.gz,https://www.ncdc.noaa.gov/stormevents/eventdetails.jsp?id=1176853
2024,May,30-MAY-24 21:31:00,30-MAY-24 21:38:00,COLORADO,DENVER,(DEN)DENVER INTL ARP,Hail,1.25,,Public,39.8,-104.77,191135,1176851,The report was via mping.,42.538,2024,StormEvents_details-ftp_v1.0_d2024_c20260728.csv.gz,https://www.ncei.noaa.gov/pub/data/swdi/stormevents/csvfiles/StormEvents_details-ftp_v1.0_d2024_c20260728.csv.gz,https://www.ncdc.noaa.gov/stormevents/eventdetails.jsp?id=1176851
2024,May,30-MAY-24 21:33:00,30-MAY-24 21:40:00,COLORADO,ARAPAHOE,(BKF)BUCKLEY AIR FORCE BASE,Hail,1.75,,Public,39.72,-104.81,191135,1176842,The report was via mping.,48.107,2024,StormEvents_details-ftp_v1.0_d2024_c20260728.csv.gz,https://www.ncei.noaa.gov/pub/data/swdi/stormevents/csvfiles/StormEvents_details-ftp_v1.0_d2024_c20260728.csv.gz,https://www.ncdc.noaa.gov/stormevents/eventdetails.jsp?id=1176842
2024,May,30-MAY-24 21:35:00,30-MAY-24 21:41:00,COLORADO,DENVER,DENVER,Hail,1,,Public,39.77,-105.01,191135,1176844,The report was via mping.,46.348,2024,StormEvents_details-ftp_v1.0_d2024_c20260728.csv.gz,https://www.ncei.noaa.gov/pub/data/swdi/stormevents/csvfiles/StormEvents_details-ftp_v1.0_d2024_c20260728.csv.gz,https://www.ncdc.noaa.gov/stormevents/eventdetails.jsp?id=1176844
2024,May,30-MAY-24 21:35:00,30-MAY-24 21:38:00,COLORADO,DENVER,DENVER,Hail,1,,Public,39.76,-104.99,191135,1176847,The report was via mping.,46.742,2024,StormEvents_details-ftp_v1.0_d2024_c20260728.csv.gz,https://www.ncei.noaa.gov/pub/data/swdi/stormevents/csvfiles/StormEvents_details-ftp_v1.0_d2024_c20260728.csv.gz,https://www.ncdc.noaa.gov/stormevents/eventdetails.jsp?id=1176847
2024,May,30-MAY-24 21:35:00,30-MAY-24 21:36:00,COLORADO,ARAPAHOE,(BKF)BUCKLEY AIR FORCE BASE,Hail,1.5,,Public,39.72,-104.83,191135,1176849,The report was via mping.,48.163,2024,StormEvents_details-ftp_v1.0_d2024_c20260728.csv.gz,https://www.ncei.noaa.gov/pub/data/swdi/stormevents/csvfiles/StormEvents_details-ftp_v1.0_d2024_c20260728.csv.gz,https://www.ncdc.noaa.gov/stormevents/eventdetails.jsp?id=1176849
2024,May,30-MAY-24 21:35:00,30-MAY-24 21:41:00,COLORADO,DENVER,DENVER,Hail,1,,Trained Spotter,39.77,-105.01,191135,1176850,,46.348,2024,StormEvents_details-ftp_v1.0_d2024_c20260728.csv.gz,https://www.ncei.noaa.gov/pub/data/swdi/stormevents/csvfiles/StormEvents_details-ftp_v1.0_d2024_c20260728.csv.gz,https://www.ncdc.noaa.gov/stormevents/eventdetails.jsp?id=1176850
2024,May,30-MAY-24 21:35:00,30-MAY-24 21:36:00,COLORADO,ARAPAHOE,(BKF)BUCKLEY AIR FORCE BASE,Hail,1,,Public,39.72,-104.83,191135,1176852,The report was via mping.,48.163,2024,StormEvents_details-ftp_v1.0_d2024_c20260728.csv.gz,https://www.ncei.noaa.gov/pub/data/swdi/stormevents/csvfiles/StormEvents_details-ftp_v1.0_d2024_c20260728.csv.gz,https://www.ncdc.noaa.gov/stormevents/eventdetails.jsp?id=1176852
2024,May,30-MAY-24 21:35:00,30-MAY-24 21:41:00,COLORADO,DENVER,DENVER,Hail,0.88,,Trained Spotter,39.76,-105.01,191135,1176873,,47.014,2024,StormEvents_details-ftp_v1.0_d2024_c20260728.csv.gz,https://www.ncei.noaa.gov/pub/data/swdi/stormevents/csvfiles/StormEvents_details-ftp_v1.0_d2024_c20260728.csv.gz,https://www.ncdc.noaa.gov/stormevents/eventdetails.jsp?id=1176873
2024,May,30-MAY-24 21:39:00,30-MAY-24 21:41:00,COLORADO,DENVER,DENVER,Hail,1,,Public,39.76,-104.99,191135,1176846,The report was via mping.,46.742,2024,StormEvents_details-ftp_v1.0_d2024_c20260728.csv.gz,https://www.ncei.noaa.gov/pub/data/swdi/stormevents/csvfiles/StormEvents_details-ftp_v1.0_d2024_c20260728.csv.gz,https://www.ncdc.noaa.gov/stormevents/eventdetails.jsp?id=1176846
2024,May,30-MAY-24 21:48:00,30-MAY-24 22:00:00,COLORADO,DENVER,DENVER,Hail,1,,Public,39.74,-104.96,191135,1176871,,47.728,2024,StormEvents_details-ftp_v1.0_d2024_c20260728.csv.gz,https://www.ncei.noaa.gov/pub/data/swdi/stormevents/csvfiles/StormEvents_details-ftp_v1.0_d2024_c20260728.csv.gz,https://www.ncdc.noaa.gov/stormevents/eventdetails.jsp?id=1176871
2024,May,30-MAY-24 21:50:00,30-MAY-24 22:10:00,COLORADO,ARAPAHOE,(BKF)BUCKLEY AIR FORCE BASE,Hail,1.5,,Trained Spotter,39.71,-104.69,191135,1176841,,48.95,2024,StormEvents_details-ftp_v1.0_d2024_c20260728.csv.gz,https://www.ncei.noaa.gov/pub/data/swdi/stormevents/csvfiles/StormEvents_details-ftp_v1.0_d2024_c20260728.csv.gz,https://www.ncdc.noaa.gov/stormevents/eventdetails.jsp?id=1176841
2024,May,30-MAY-24 21:50:00,30-MAY-24 22:10:00,COLORADO,ARAPAHOE,(BKF)BUCKLEY AIR FORCE BASE,Hail,1.5,,Public,39.73,-104.68,191135,1176872,,47.624,2024,StormEvents_details-ftp_v1.0_d2024_c20260728.csv.gz,https://www.ncei.noaa.gov/pub/data/swdi/stormevents/csvfiles/StormEvents_details-ftp_v1.0_d2024_c20260728.csv.gz,https://www.ncdc.noaa.gov/stormevents/eventdetails.jsp?id=1176872
2024,May,30-MAY-24 21:51:00,30-MAY-24 22:06:00,COLORADO,DENVER,DENVER,Hail,1.25,,Public,39.74,-104.95,191135,1176859,The report was via mping.,47.621,2024,StormEvents_details-ftp_v1.0_d2024_c20260728.csv.gz,https://www.ncei.noaa.gov/pub/data/swdi/stormevents/csvfiles/StormEvents_details-ftp_v1.0_d2024_c20260728.csv.gz,https://www.ncdc.noaa.gov/stormevents/eventdetails.jsp?id=1176859
2024,May,30-MAY-24 21:51:00,30-MAY-24 22:06:00,COLORADO,DENVER,DENVER,Hail,1.25,,CoCoRaHS,39.74,-104.93,191135,1176882,,47.424,2024,StormEvents_details-ftp_v1.0_d2024_c20260728.csv.gz,https://www.ncei.noaa.gov/pub/data/swdi/stormevents/csvfiles/StormEvents_details-ftp_v1.0_d2024_c20260728.csv.gz,https://www.ncdc.noaa.gov/stormevents/eventdetails.jsp?id=1176882
2024,May,30-MAY-24 21:53:00,30-MAY-24 21:55:00,COLORADO,DENVER,DENVER,Hail,1.75,,Public,39.73,-104.97,191135,1176860,,48.516,2024,StormEvents_details-ftp_v1.0_d2024_c20260728.csv.gz,https://www.ncei.noaa.gov/pub/data/swdi/stormevents/csvfiles/StormEvents_details-ftp_v1.0_d2024_c20260728.csv.gz,https://www.ncdc.noaa.gov/stormevents/eventdetails.jsp?id=1176860
2024,May,30-MAY-24 21:53:00,30-MAY-24 21:53:00,COLORADO,DENVER,DENVER,Hail,1.25,,CoCoRaHS,39.74,-104.98,191135,1176861,,47.959,2024,StormEvents_details-ftp_v1.0_d2024_c20260728.csv.gz,https://www.ncei.noaa.gov/pub/data/swdi/stormevents/csvfiles/StormEvents_details-ftp_v1.0_d2024_c20260728.csv.gz,https://www.ncdc.noaa.gov/stormevents/eventdetails.jsp?id=1176861
2024,May,30-MAY-24 21:54:00,30-MAY-24 22:10:00,COLORADO,DENVER,DENVER,Hail,1,,Public,39.73,-104.99,191135,1176856,The report was via mping.,48.755,2024,StormEvents_details-ftp_v1.0_d2024_c20260728.csv.gz,https://www.ncei.noaa.gov/pub/data/swdi/stormevents/csvfiles/StormEvents_details-ftp_v1.0_d2024_c20260728.csv.gz,https://www.ncdc.noaa.gov/stormevents/eventdetails.jsp?id=1176856
2024,May,30-MAY-24 21:54:00,30-MAY-24 22:10:00,COLORADO,DENVER,DENVER,Hail,1,,Public,39.73,-104.91,191135,1176857,The report was via mping.,47.932,2024,StormEvents_details-ftp_v1.0_d2024_c20260728.csv.gz,https://www.ncei.noaa.gov/pub/data/swdi/stormevents/csvfiles/StormEvents_details-ftp_v1.0_d2024_c20260728.csv.gz,https://www.ncdc.noaa.gov/stormevents/eventdetails.jsp?id=1176857
2024,May,30-MAY-24 21:54:00,30-MAY-24 22:10:00,COLORADO,DENVER,DENVER,Hail,1.75,,Trained Spotter,39.74,-104.92,191135,1176858,Mostly one inch stones.,47.333,2024,StormEvents_details-ftp_v1.0_d2024_c20260728.csv.gz,https://www.ncei.noaa.gov/pub/data/swdi/stormevents/csvfiles/StormEvents_details-ftp_v1.0_d2024_c20260728.csv.gz,https://www.ncdc.noaa.gov/stormevents/eventdetails.jsp?id=1176858
2024,May,30-MAY-24 21:54:00,30-MAY-24 22:10:00,COLORADO,DENVER,DENVER,Hail,1,,Public,39.73,-104.91,191135,1176870,The report was via mping.,47.932,2024,StormEvents_details-ftp_v1.0_d2024_c20260728.csv.gz,https://www.ncei.noaa.gov/pub/data/swdi/stormevents/csvfiles/StormEvents_details-ftp_v1.0_d2024_c20260728.csv.gz,https://www.ncdc.noaa.gov/stormevents/eventdetails.jsp?id=1176870
2024,May,30-MAY-24 21:56:00,30-MAY-24 22:14:00,COLORADO,DENVER,DENVER,Hail,1.25,,Trained Spotter,39.73,-104.9,191135,1176864,,47.854,2024,StormEvents_details-ftp_v1.0_d2024_c20260728.csv.gz,https://www.ncei.noaa.gov/pub/data/swdi/stormevents/csvfiles/StormEvents_details-ftp_v1.0_d2024_c20260728.csv.gz,https://www.ncdc.noaa.gov/stormevents/eventdetails.jsp?id=1176864
2024,May,30-MAY-24 21:56:00,30-MAY-24 22:11:00,COLORADO,DENVER,DENVER,Hail,1.75,,CoCoRaHS,39.72,-104.92,191135,1176881,,48.697,2024,StormEvents_details-ftp_v1.0_d2024_c20260728.csv.gz,https://www.ncei.noaa.gov/pub/data/swdi/stormevents/csvfiles/StormEvents_details-ftp_v1.0_d2024_c20260728.csv.gz,https://www.ncdc.noaa.gov/stormevents/eventdetails.jsp?id=1176881
2024,May,30-MAY-24 21:57:00,30-MAY-24 22:16:00,COLORADO,DENVER,GLENDALE,Hail,1.75,,Public,39.72,-104.9,191135,1176887,,48.539,2024,StormEvents_details-ftp_v1.0_d2024_c20260728.csv.gz,https://www.ncei.noaa.gov/pub/data/swdi/stormevents/csvfiles/StormEvents_details-ftp_v1.0_d2024_c20260728.csv.gz,https://www.ncdc.noaa.gov/stormevents/eventdetails.jsp?id=1176887
2024,May,30-MAY-24 22:10:00,30-MAY-24 22:17:00,COLORADO,ADAMS,AURORA,Hail,1,,Public,39.75,-104.88,191135,1176868,The report was via mping.,46.345,2024,StormEvents_details-ftp_v1.0_d2024_c20260728.csv.gz,https://www.ncei.noaa.gov/pub/data/swdi/stormevents/csvfiles/StormEvents_details-ftp_v1.0_d2024_c20260728.csv.gz,https://www.ncdc.noaa.gov/stormevents/eventdetails.jsp?id=1176868
2024,May,30-MAY-24 22:24:00,30-MAY-24 22:25:00,COLORADO,ARAPAHOE,(BKF)BUCKLEY AIR FORCE BASE,Hail,1,,Public,39.71,-104.84,191135,1176886,The report was via mping.,48.888,2024,StormEvents_details-ftp_v1.0_d2024_c20260728.csv.gz,https://www.ncei.noaa.gov/pub/data/swdi/stormevents/csvfiles/StormEvents_details-ftp_v1.0_d2024_c20260728.csv.gz,https://www.ncdc.noaa.gov/stormevents/eventdetails.jsp?id=1176886
2025,August,01-AUG-25 15:47:00,01-AUG-25 15:52:00,COLORADO,WELD,FT LUPTON,Hail,1,,Public,40.08,-104.82,204077,1271776,Report received from mPING.,23.329,2025,StormEvents_details-ftp_v1.0_d2025_c20260819.csv.gz,https://www.ncei.noaa.gov/pub/data/swdi/stormevents/csvfiles/StormEvents_details-ftp_v1.0_d2025_c20260819.csv.gz,https://www.ncdc.noaa.gov/stormevents/eventdetails.jsp?id=1271776
2025,August,01-AUG-25 15:48:00,01-AUG-25 15:55:00,COLORADO,WELD,FT LUPTON,Hail,0.75,,Public,40.09,-104.79,204077,1271777,Report received from mPING.,22.521,2025,StormEvents_details-ftp_v1.0_d2025_c20260819.csv.gz,https://www.ncei.noaa.gov/pub/data/swdi/stormevents/csvfiles/StormEvents_details-ftp_v1.0_d2025_c20260819.csv.gz,https://www.ncdc.noaa.gov/stormevents/eventdetails.jsp?id=1271777
2025,August,01-AUG-25 16:52:00,01-AUG-25 16:52:00,WYOMING,LARAMIE,CHEYENNE,Hail,1.5,,Public,41.13,-104.82,205369,1281298,Mping report of ping pong ball sized hail.,49.42,2025,StormEvents_details-ftp_v1.0_d2025_c20260819.csv.gz,https://www.ncei.noaa.gov/pub/data/swdi/stormevents/csvfiles/StormEvents_details-ftp_v1.0_d2025_c20260819.csv.gz,https://www.ncdc.noaa.gov/stormevents/eventdetails.jsp?id=1281298
2025,August,01-AUG-25 16:55:00,01-AUG-25 16:55:00,WYOMING,LARAMIE,CHEYENNE,Hail,2,,Public,41.13,-104.82,205369,1281299,Mping report of hen egg sized hail.,49.42,2025,StormEvents_details-ftp_v1.0_d2025_c20260819.csv.gz,https://www.ncei.noaa.gov/pub/data/swdi/stormevents/csvfiles/StormEvents_details-ftp_v1.0_d2025_c20260819.csv.gz,https://www.ncdc.noaa.gov/stormevents/eventdetails.jsp?id=1281299
2025,August,01-AUG-25 16:58:00,01-AUG-25 16:58:00,WYOMING,LARAMIE,CHEYENNE,Hail,1.5,,Public,41.13,-104.82,205369,1281303,Mping report of ping pong ball sized hail.,49.42,2025,StormEvents_details-ftp_v1.0_d2025_c20260819.csv.gz,https://www.ncei.noaa.gov/pub/data/swdi/stormevents/csvfiles/StormEvents_details-ftp_v1.0_d2025_c20260819.csv.gz,https://www.ncdc.noaa.gov/stormevents/eventdetails.jsp?id=1281303
2025,August,01-AUG-25 17:12:00,01-AUG-25 17:12:00,WYOMING,LARAMIE,SOUTH GREELEY,Hail,2,,Public,41.11,-104.77,205369,1281306,Mping report of hen egg sized hail.,47.974,2025,StormEvents_details-ftp_v1.0_d2025_c20260819.csv.gz,https://www.ncei.noaa.gov/pub/data/swdi/stormevents/csvfiles/StormEvents_details-ftp_v1.0_d2025_c20260819.csv.gz,https://www.ncdc.noaa.gov/stormevents/eventdetails.jsp?id=1281306
2025,August,01-AUG-25 17:59:00,01-AUG-25 18:02:00,COLORADO,WELD,HEREFORD,Hail,1.25,,Public,40.97,-104.3,204077,1271781,Report received from mPING.,45.594,2025,StormEvents_details-ftp_v1.0_d2025_c20260819.csv.gz,https://www.ncei.noaa.gov/pub/data/swdi/stormevents/csvfiles/StormEvents_details-ftp_v1.0_d2025_c20260819.csv.gz,https://www.ncdc.noaa.gov/stormevents/eventdetails.jsp?id=1271781
2025,August,01-AUG-25 18:04:00,01-AUG-25 18:04:00,WYOMING,LARAMIE,ARCOLA,Hail,3,,Trained Spotter,41.08,-104.42,205369,1281308,Trained spotter reported hail sized up to 3 inches via SM with picture evidence.,49.464,2025,StormEvents_details-ftp_v1.0_d2025_c20260819.csv.gz,https://www.ncei.noaa.gov/pub/data/swdi/stormevents/csvfiles/StormEvents_details-ftp_v1.0_d2025_c20260819.csv.gz,https://www.ncdc.noaa.gov/stormevents/eventdetails.jsp?id=1281308
2025,June,02-JUN-25 14:51:00,02-JUN-25 14:51:00,WYOMING,LARAMIE,SOUTH GREELEY,Hail,1,,NWS Employee,41.06,-104.8,201968,1254900,"Report of quarter size hail near Highway 85, South Greeley Highway.",44.544,2025,StormEvents_details-ftp_v1.0_d2025_c20260819.csv.gz,https://www.ncei.noaa.gov/pub/data/swdi/stormevents/csvfiles/StormEvents_details-ftp_v1.0_d2025_c20260819.csv.gz,https://www.ncdc.noaa.gov/stormevents/eventdetails.jsp?id=1254900
2025,June,04-JUN-25 18:31:00,04-JUN-25 18:35:00,COLORADO,WELD,PLATTEVILLE,Hail,0.75,,Public,40.22,-104.82,201544,1251306,Report from mping.,13.752,2025,StormEvents_details-ftp_v1.0_d2025_c20260819.csv.gz,https://www.ncei.noaa.gov/pub/data/swdi/stormevents/csvfiles/StormEvents_details-ftp_v1.0_d2025_c20260819.csv.gz,https://www.ncdc.noaa.gov/stormevents/eventdetails.jsp?id=1251306
2025,June,05-JUN-25 13:08:00,05-JUN-25 13:10:00,COLORADO,MORGAN,WELDONA,Hail,1,,Public,40.39,-103.99,201546,1251313,Report from mping.,41.191,2025,StormEvents_details-ftp_v1.0_d2025_c20260819.csv.gz,https://www.ncei.noaa.gov/pub/data/swdi/stormevents/csvfiles/StormEvents_details-ftp_v1.0_d2025_c20260819.csv.gz,https://www.ncdc.noaa.gov/stormevents/eventdetails.jsp?id=1251313
2025,July,06-JUL-25 15:54:00,06-JUL-25 15:58:00,COLORADO,WELD,BRIGGSDALE,Hail,1.5,,Public,40.64,-104.23,202669,1261337,Report from mping.,32.418,2025,StormEvents_details-ftp_v1.0_d2025_c20260819.csv.gz,https://www.ncei.noaa.gov/pub/data/swdi/stormevents/csvfiles/StormEvents_details-ftp_v1.0_d2025_c20260819.csv.gz,https://www.ncdc.noaa.gov/stormevents/eventdetails.jsp?id=1261337
2025,July,06-JUL-25 17:31:00,06-JUL-25 17:32:00,COLORADO,JEFFERSON,EDGEWATER,Hail,1,,Public,39.76,-105.14,202669,1261338,Report from mping.,49.298,2025,StormEvents_details-ftp_v1.0_d2025_c20260819.csv.gz,https://www.ncei.noaa.gov/pub/data/swdi/stormevents/csvfiles/StormEvents_details-ftp_v1.0_d2025_c20260819.csv.gz,https://www.ncdc.noaa.gov/stormevents/eventdetails.jsp?id=1261338
2025,July,06-JUL-25 17:46:00,06-JUL-25 17:48:00,COLORADO,JEFFERSON,WHEAT RIDGE,Hail,1.5,,Public,39.75,-105.06,202669,1261339,Report from mping.,48.445,2025,StormEvents_details-ftp_v1.0_d2025_c20260819.csv.gz,https://www.ncei.noaa.gov/pub/data/swdi/stormevents/csvfiles/StormEvents_details-ftp_v1.0_d2025_c20260819.csv.gz,https://www.ncdc.noaa.gov/stormevents/eventdetails.jsp?id=1261339
2025,July,06-JUL-25 17:58:00,06-JUL-25 17:58:00,COLORADO,DENVER,DENVER,Hail,1,,Trained Spotter,39.74,-104.92,202669,1261340,,47.333,2025,StormEvents_details-ftp_v1.0_d2025_c20260819.csv.gz,https://www.ncei.noaa.gov/pub/data/swdi/stormevents/csvfiles/StormEvents_details-ftp_v1.0_d2025_c20260819.csv.gz,https://www.ncdc.noaa.gov/stormevents/eventdetails.jsp?id=1261340
2025,July,06-JUL-25 18:16:00,06-JUL-25 18:16:00,COLORADO,ARAPAHOE,(BKF)BUCKLEY AIR FORCE BASE,Hail,1,,Trained Spotter,39.71,-104.84,202669,1261341,,48.888,2025,StormEvents_details-ftp_v1.0_d2025_c20260819.csv.gz,https://www.ncei.noaa.gov/pub/data/swdi/stormevents/csvfiles/StormEvents_details-ftp_v1.0_d2025_c20260819.csv.gz,https://www.ncdc.noaa.gov/stormevents/eventdetails.jsp?id=1261341
2025,August,10-AUG-25 14:58:00,10-AUG-25 14:58:00,COLORADO,WELD,MASTERS,Hail,1,,Public,40.28,-104.21,204129,1272003,,31.05,2025,StormEvents_details-ftp_v1.0_d2025_c20260819.csv.gz,https://www.ncei.noaa.gov/pub/data/swdi/stormevents/csvfiles/StormEvents_details-ftp_v1.0_d2025_c20260819.csv.gz,https://www.ncdc.noaa.gov/stormevents/eventdetails.jsp?id=1272003
2025,August,10-AUG-25 15:21:00,10-AUG-25 15:22:00,COLORADO,MORGAN,ORCHARD,Hail,1,,Broadcast Media,40.34,-104.11,204129,1272005,,35.242,2025,StormEvents_details-ftp_v1.0_d2025_c20260819.csv.gz,https://www.ncei.noaa.gov/pub/data/swdi/stormevents/csvfiles/StormEvents_details-ftp_v1.0_d2025_c20260819.csv.gz,https://www.ncdc.noaa.gov/stormevents/eventdetails.jsp?id=1272005
2025,August,10-AUG-25 18:01:00,10-AUG-25 18:03:00,COLORADO,JEFFERSON,JEFFERSON CO ARPT,Hail,0.75,,Public,39.87,-105.23,204129,1272008,The report was from mPING.,44.79,2025,StormEvents_details-ftp_v1.0_d2025_c20260819.csv.gz,https://www.ncei.noaa.gov/pub/data/swdi/stormevents/csvfiles/StormEvents_details-ftp_v1.0_d2025_c20260819.csv.gz,https://www.ncdc.noaa.gov/stormevents/eventdetails.jsp?id=1272008
2025,August,10-AUG-25 18:08:00,10-AUG-25 18:11:00,COLORADO,BOULDER,NIWOT,Hail,0.88,,COOP Observer,40.06,-105.17,204129,1272012,,32.314,2025,StormEvents_details-ftp_v1.0_d2025_c20260819.csv.gz,https://www.ncei.noaa.gov/pub/data/swdi/stormevents/csvfiles/StormEvents_details-ftp_v1.0_d2025_c20260819.csv.gz,https://www.ncdc.noaa.gov/stormevents/eventdetails.jsp?id=1272012
2025,August,10-AUG-25 18:10:00,10-AUG-25 18:14:00,COLORADO,BOULDER,NIWOT,Hail,0.75,,Public,40.06,-105.17,204129,1272007,The report was from mPING.,32.314,2025,StormEvents_details-ftp_v1.0_d2025_c20260819.csv.gz,https://www.ncei.noaa.gov/pub/data/swdi/stormevents/csvfiles/StormEvents_details-ftp_v1.0_d2025_c20260819.csv.gz,https://www.ncdc.noaa.gov/stormevents/eventdetails.jsp?id=1272007
2025,August,10-AUG-25 18:13:00,10-AUG-25 18:17:00,COLORADO,BOULDER,NIWOT,Hail,1,,Public,40.06,-105.16,204129,1272006,The report was from mPING.,31.974,2025,StormEvents_details-ftp_v1.0_d2025_c20260819.csv.gz,https://www.ncei.noaa.gov/pub/data/swdi/stormevents/csvfiles/StormEvents_details-ftp_v1.0_d2025_c20260819.csv.gz,https://www.ncdc.noaa.gov/stormevents/eventdetails.jsp?id=1272006
2025,August,10-AUG-25 18:20:00,10-AUG-25 18:22:00,COLORADO,BOULDER,LAFAYETTE,Hail,0.75,,Public,40.05,-105.08,204129,1272010,The report was from mPING.,30.033,2025,StormEvents_details-ftp_v1.0_d2025_c20260819.csv.gz,https://www.ncei.noaa.gov/pub/data/swdi/stormevents/csvfiles/StormEvents_details-ftp_v1.0_d2025_c20260819.csv.gz,https://www.ncdc.noaa.gov/stormevents/eventdetails.jsp?id=1272010
2025,August,10-AUG-25 18:25:00,10-AUG-25 18:28:00,COLORADO,BOULDER,LAFAYETTE,Hail,0.75,,Public,40.03,-105.08,204129,1272009,The report was from mPING.,31.206,2025,StormEvents_details-ftp_v1.0_d2025_c20260819.csv.gz,https://www.ncei.noaa.gov/pub/data/swdi/stormevents/csvfiles/StormEvents_details-ftp_v1.0_d2025_c20260819.csv.gz,https://www.ncdc.noaa.gov/stormevents/eventdetails.jsp?id=1272009
2025,July,10-JUL-25 15:23:00,10-JUL-25 15:25:00,COLORADO,WELD,NUNN,Hail,0.75,,Trained Spotter,40.7,-104.78,203147,1271392,,19.65,2025,StormEvents_details-ftp_v1.0_d2025_c20260819.csv.gz,https://www.ncei.noaa.gov/pub/data/swdi/stormevents/csvfiles/StormEvents_details-ftp_v1.0_d2025_c20260819.csv.gz,https://www.ncdc.noaa.gov/stormevents/eventdetails.jsp?id=1271392
2025,July,11-JUL-25 16:00:00,11-JUL-25 16:00:00,WYOMING,LARAMIE,SPEER,Hail,1,,Public,41.02,-104.9,202854,1262580,Report from mPING of quarter size hail.,42.289,2025,StormEvents_details-ftp_v1.0_d2025_c20260819.csv.gz,https://www.ncei.noaa.gov/pub/data/swdi/stormevents/csvfiles/StormEvents_details-ftp_v1.0_d2025_c20260819.csv.gz,https://www.ncdc.noaa.gov/stormevents/eventdetails.jsp?id=1262580
2025,July,11-JUL-25 16:20:00,11-JUL-25 16:22:00,COLORADO,WELD,ROCKPORT,Hail,1,,Trained Spotter,40.99,-104.78,203148,1271396,,39.685,2025,StormEvents_details-ftp_v1.0_d2025_c20260819.csv.gz,https://www.ncei.noaa.gov/pub/data/swdi/stormevents/csvfiles/StormEvents_details-ftp_v1.0_d2025_c20260819.csv.gz,https://www.ncdc.noaa.gov/stormevents/eventdetails.jsp?id=1271396
2025,July,11-JUL-25 17:00:00,11-JUL-25 17:07:00,COLORADO,WELD,GROVER,Hail,2,,Trained Spotter,40.85,-104.2,203148,1271400,,42.434,2025,StormEvents_details-ftp_v1.0_d2025_c20260819.csv.gz,https://www.ncei.noaa.gov/pub/data/swdi/stormevents/csvfiles/StormEvents_details-ftp_v1.0_d2025_c20260819.csv.gz,https://www.ncdc.noaa.gov/stormevents/eventdetails.jsp?id=1271400
2025,July,11-JUL-25 17:03:00,11-JUL-25 17:15:00,COLORADO,WELD,GROVER,Hail,2,,Storm Chaser,40.8,-104.17,203148,1271398,,41.265,2025,StormEvents_details-ftp_v1.0_d2025_c20260819.csv.gz,https://www.ncei.noaa.gov/pub/data/swdi/stormevents/csvfiles/StormEvents_details-ftp_v1.0_d2025_c20260819.csv.gz,https://www.ncdc.noaa.gov/stormevents/eventdetails.jsp?id=1271398
2025,July,11-JUL-25 17:10:00,11-JUL-25 17:12:00,COLORADO,BOULDER,NIWOT,Hail,0.75,,CoCoRaHS,40.06,-105.17,203148,1271399,,32.314,2025,StormEvents_details-ftp_v1.0_d2025_c20260819.csv.gz,https://www.ncei.noaa.gov/pub/data/swdi/stormevents/csvfiles/StormEvents_details-ftp_v1.0_d2025_c20260819.csv.gz,https://www.ncdc.noaa.gov/stormevents/eventdetails.jsp?id=1271399
2025,July,11-JUL-25 17:27:00,11-JUL-25 17:31:00,COLORADO,BOULDER,LOUISVILLE,Hail,1,,Trained Spotter,39.99,-105.15,203148,1271402,,35.532,2025,StormEvents_details-ftp_v1.0_d2025_c20260819.csv.gz,https://www.ncei.noaa.gov/pub/data/swdi/stormevents/csvfiles/StormEvents_details-ftp_v1.0_d2025_c20260819.csv.gz,https://www.ncdc.noaa.gov/stormevents/eventdetails.jsp?id=1271402
2025,July,11-JUL-25 17:29:00,11-JUL-25 17:33:00,COLORADO,BOULDER,LOUISVILLE,Hail,0.75,,Public,40.01,-105.13,203148,1271404,,33.795,2025,StormEvents_details-ftp_v1.0_d2025_c20260819.csv.gz,https://www.ncei.noaa.gov/pub/data/swdi/stormevents/csvfiles/StormEvents_details-ftp_v1.0_d2025_c20260819.csv.gz,https://www.ncdc.noaa.gov/stormevents/eventdetails.jsp?id=1271404
2025,July,11-JUL-25 17:41:00,11-JUL-25 17:43:00,COLORADO,MORGAN,GOODRICH,Hail,0.88,,Trained Spotter,40.35,-104.09,203148,1271406,,36.188,2025,StormEvents_details-ftp_v1.0_d2025_c20260819.csv.gz,https://www.ncei.noaa.gov/pub/data/swdi/stormevents/csvfiles/StormEvents_details-ftp_v1.0_d2025_c20260819.csv.gz,https://www.ncdc.noaa.gov/stormevents/eventdetails.jsp?id=1271406
2025,July,11-JUL-25 17:42:00,11-JUL-25 17:45:00,COLORADO,BOULDER,LAFAYETTE,Hail,0.75,,Public,39.97,-105.09,203148,1271407,,35.065,2025,StormEvents_details-ftp_v1.0_d2025_c20260819.csv.gz,https://www.ncei.noaa.gov/pub/data/swdi/stormevents/csvfiles/StormEvents_details-ftp_v1.0_d2025_c20260819.csv.gz,https://www.ncdc.noaa.gov/stormevents/eventdetails.jsp?id=1271407
2025,July,11-JUL-25 18:20:00,11-JUL-25 18:20:00,WYOMING,LARAMIE,SOUTH GREELEY,Hail,1,,NWS Employee,41.12,-104.77,202854,1262589,Report of quarter size hailstones.,48.665,2025,StormEvents_details-ftp_v1.0_d2025_c20260819.csv.gz,https://www.ncei.noaa.gov/pub/data/swdi/stormevents/csvfiles/StormEvents_details-ftp_v1.0_d2025_c20260819.csv.gz,https://www.ncdc.noaa.gov/stormevents/eventdetails.jsp?id=1262589
2025,July,11-JUL-25 18:40:00,11-JUL-25 18:40:00,WYOMING,LARAMIE,ARCOLA,Hail,1,,Public,41.03,-104.57,202854,1262593,Public reports quarter size hailstones.,43.747,2025,StormEvents_details-ftp_v1.0_d2025_c20260819.csv.gz,https://www.ncei.noaa.gov/pub/data/swdi/stormevents/csvfiles/StormEvents_details-ftp_v1.0_d2025_c20260819.csv.gz,https://www.ncdc.noaa.gov/stormevents/eventdetails.jsp?id=1262593
2025,September,11-SEP-25 14:36:00,11-SEP-25 14:36:00,COLORADO,WELD,HEREFORD,Hail,1,,Public,40.94,-104.31,207844,1295799,The report from was received through mPING.,43.577,2025,StormEvents_details-ftp_v1.0_d2025_c20260819.csv.gz,https://www.ncei.noaa.gov/pub/data/swdi/stormevents/csvfiles/StormEvents_details-ftp_v1.0_d2025_c20260819.csv.gz,https://www.ncdc.noaa.gov/stormevents/eventdetails.jsp?id=1295799
2025,September,11-SEP-25 15:10:00,11-SEP-25 15:10:00,COLORADO,WELD,GROVER,Hail,1,,Public,40.89,-104.27,207844,1295800,The report from was received through mPING.,42.035,2025,StormEvents_details-ftp_v1.0_d2025_c20260819.csv.gz,https://www.ncei.noaa.gov/pub/data/swdi/stormevents/csvfiles/StormEvents_details-ftp_v1.0_d2025_c20260819.csv.gz,https://www.ncdc.noaa.gov/stormevents/eventdetails.jsp?id=1295800
2025,September,11-SEP-25 15:53:00,11-SEP-25 15:56:00,COLORADO,WELD,PAWNEE BUTTES,Hail,1.5,,Storm Chaser,40.87,-104.09,207844,1295801,,47.586,2025,StormEvents_details-ftp_v1.0_d2025_c20260819.csv.gz,https://www.ncei.noaa.gov/pub/data/swdi/stormevents/csvfiles/StormEvents_details-ftp_v1.0_d2025_c20260819.csv.gz,https://www.ncdc.noaa.gov/stormevents/eventdetails.jsp?id=1295801
2025,June,13-JUN-25 16:35:00,13-JUN-25 16:40:00,COLORADO,MORGAN,WIGGINS,Hail,1,,Trained Spotter,40.25,-103.96,202219,1257063,,44.281,2025,StormEvents_details-ftp_v1.0_d2025_c20260819.csv.gz,https://www.ncei.noaa.gov/pub/data/swdi/stormevents/csvfiles/StormEvents_details-ftp_v1.0_d2025_c20260819.csv.gz,https://www.ncdc.noaa.gov/stormevents/eventdetails.jsp?id=1257063
2025,May,14-MAY-25 14:15:00,14-MAY-25 14:16:00,COLORADO,WELD,ERIE,Hail,0.75,,Public,40.04,-105.06,200821,1245269,,30.071,2025,StormEvents_details-ftp_v1.0_d2025_c20260819.csv.gz,https://www.ncei.noaa.gov/pub/data/swdi/stormevents/csvfiles/StormEvents_details-ftp_v1.0_d2025_c20260819.csv.gz,https://www.ncdc.noaa.gov/stormevents/eventdetails.jsp?id=1245269
2025,May,14-MAY-25 14:16:00,14-MAY-25 14:18:00,COLORADO,WELD,ERIE,Hail,1,,Public,40.04,-105.05,200821,1245268,,29.808,2025,StormEvents_details-ftp_v1.0_d2025_c20260819.csv.gz,https://www.ncei.noaa.gov/pub/data/swdi/stormevents/csvfiles/StormEvents_details-ftp_v1.0_d2025_c20260819.csv.gz,https://www.ncdc.noaa.gov/stormevents/eventdetails.jsp?id=1245268
2025,May,14-MAY-25 14:20:00,14-MAY-25 14:22:00,COLORADO,WELD,ERIE,Hail,1,,Trained Spotter,40.05,-105.03,200821,1245267,,28.693,2025,StormEvents_details-ftp_v1.0_d2025_c20260819.csv.gz,https://www.ncei.noaa.gov/pub/data/swdi/stormevents/csvfiles/StormEvents_details-ftp_v1.0_d2025_c20260819.csv.gz,https://www.ncdc.noaa.gov/stormevents/eventdetails.jsp?id=1245267
2025,May,14-MAY-25 14:21:00,14-MAY-25 14:24:00,COLORADO,WELD,ERIE,Hail,1.25,,Public,40.04,-105.05,200821,1245266,,29.808,2025,StormEvents_details-ftp_v1.0_d2025_c20260819.csv.gz,https://www.ncei.noaa.gov/pub/data/swdi/stormevents/csvfiles/StormEvents_details-ftp_v1.0_d2025_c20260819.csv.gz,https://www.ncdc.noaa.gov/stormevents/eventdetails.jsp?id=1245266
2025,May,14-MAY-25 14:29:00,14-MAY-25 14:32:00,COLORADO,WELD,FREDERICK,Hail,1,,Public,40.09,-105,200821,1245265,,25.508,2025,StormEvents_details-ftp_v1.0_d2025_c20260819.csv.gz,https://www.ncei.noaa.gov/pub/data/swdi/stormevents/csvfiles/StormEvents_details-ftp_v1.0_d2025_c20260819.csv.gz,https://www.ncdc.noaa.gov/stormevents/eventdetails.jsp?id=1245265
2025,May,14-MAY-25 14:30:00,14-MAY-25 14:32:00,COLORADO,JEFFERSON,ARVADA,Hail,0.75,,COOP Observer,39.78,-105.07,200821,1245264,,46.656,2025,StormEvents_details-ftp_v1.0_d2025_c20260819.csv.gz,https://www.ncei.noaa.gov/pub/data/swdi/stormevents/csvfiles/StormEvents_details-ftp_v1.0_d2025_c20260819.csv.gz,https://www.ncdc.noaa.gov/stormevents/eventdetails.jsp?id=1245264
2025,September,16-SEP-25 14:07:00,16-SEP-25 14:07:00,COLORADO,LARIMER,HARMONY,Hail,0.75,,Trained Spotter,40.48,-105.08,207845,1295803,,16.786,2025,StormEvents_details-ftp_v1.0_d2025_c20260819.csv.gz,https://www.ncei.noaa.gov/pub/data/swdi/stormevents/csvfiles/StormEvents_details-ftp_v1.0_d2025_c20260819.csv.gz,https://www.ncdc.noaa.gov/stormevents/eventdetails.jsp?id=1295803
2025,June,17-JUN-25 01:21:00,17-JUN-25 01:28:00,COLORADO,LARIMER,WELLINGTON,Hail,1.5,,Public,40.68,-104.99,202221,1257838,,21.55,2025,StormEvents_details-ftp_v1.0_d2025_c20260819.csv.gz,https://www.ncei.noaa.gov/pub/data/swdi/stormevents/csvfiles/StormEvents_details-ftp_v1.0_d2025_c20260819.csv.gz,https://www.ncdc.noaa.gov/stormevents/eventdetails.jsp?id=1257838
2025,June,17-JUN-25 01:23:00,17-JUN-25 01:24:00,COLORADO,BOULDER,LAFAYETTE,Hail,0.75,,Public,40.03,-105.07,202221,1257837,Report from mping.,30.934,2025,StormEvents_details-ftp_v1.0_d2025_c20260819.csv.gz,https://www.ncei.noaa.gov/pub/data/swdi/stormevents/csvfiles/StormEvents_details-ftp_v1.0_d2025_c20260819.csv.gz,https://www.ncdc.noaa.gov/stormevents/eventdetails.jsp?id=1257837
2025,June,17-JUN-25 01:27:00,17-JUN-25 01:30:00,COLORADO,LARIMER,WELLINGTON,Hail,2.5,,CoCoRaHS,40.7,-105,202221,1257836,,23,2025,StormEvents_details-ftp_v1.0_d2025_c20260819.csv.gz,https://www.ncei.noaa.gov/pub/data/swdi/stormevents/csvfiles/StormEvents_details-ftp_v1.0_d2025_c20260819.csv.gz,https://www.ncdc.noaa.gov/stormevents/eventdetails.jsp?id=1257836
2025,June,17-JUN-25 01:28:00,17-JUN-25 01:38:00,COLORADO,WELD,EATON,Hail,1.25,,Public,40.52,-104.71,202221,1257835,Report from mping.,7.915,2025,StormEvents_details-ftp_v1.0_d2025_c20260819.csv.gz,https://www.ncei.noaa.gov/pub/data/swdi/stormevents/csvfiles/StormEvents_details-ftp_v1.0_d2025_c20260819.csv.gz,https://www.ncdc.noaa.gov/stormevents/eventdetails.jsp?id=1257835
2025,June,17-JUN-25 01:29:00,17-JUN-25 01:38:00,COLORADO,WELD,EATON,Hail,1.75,,Public,40.52,-104.73,202221,1257832,Report from mping.,7.542,2025,StormEvents_details-ftp_v1.0_d2025_c20260819.csv.gz,https://www.ncei.noaa.gov/pub/data/swdi/stormevents/csvfiles/StormEvents_details-ftp_v1.0_d2025_c20260819.csv.gz,https://www.ncdc.noaa.gov/stormevents/eventdetails.jsp?id=1257832
2025,June,17-JUN-25 01:36:00,17-JUN-25 01:38:00,COLORADO,LARIMER,WELLINGTON,Hail,2,,Public,40.69,-105.01,202221,1257834,Report from mping.,22.698,2025,StormEvents_details-ftp_v1.0_d2025_c20260819.csv.gz,https://www.ncei.noaa.gov/pub/data/swdi/stormevents/csvfiles/StormEvents_details-ftp_v1.0_d2025_c20260819.csv.gz,https://www.ncdc.noaa.gov/stormevents/eventdetails.jsp?id=1257834
2025,June,17-JUN-25 01:38:00,17-JUN-25 01:41:00,COLORADO,WELD,LUCERNE,Hail,1.25,,Public,40.47,-104.71,202221,1257833,Report from mping.,4.978,2025,StormEvents_details-ftp_v1.0_d2025_c20260819.csv.gz,https://www.ncei.noaa.gov/pub/data/swdi/stormevents/csvfiles/StormEvents_details-ftp_v1.0_d2025_c20260819.csv.gz,https://www.ncdc.noaa.gov/stormevents/eventdetails.jsp?id=1257833
2025,June,17-JUN-25 01:45:00,17-JUN-25 01:53:00,COLORADO,WELD,GILL,Hail,1,,Public,40.45,-104.54,202221,1257831,Report from mping.,12.438,2025,StormEvents_details-ftp_v1.0_d2025_c20260819.csv.gz,https://www.ncei.noaa.gov/pub/data/swdi/stormevents/csvfiles/StormEvents_details-ftp_v1.0_d2025_c20260819.csv.gz,https://www.ncdc.noaa.gov/stormevents/eventdetails.jsp?id=1257831
2025,June,17-JUN-25 02:02:00,17-JUN-25 02:10:00,COLORADO,WELD,SEVERANCE,Hail,1.25,,Public,40.62,-104.93,202221,1257830,Report from mping.,16.373,2025,StormEvents_details-ftp_v1.0_d2025_c20260819.csv.gz,https://www.ncei.noaa.gov/pub/data/swdi/stormevents/csvfiles/StormEvents_details-ftp_v1.0_d2025_c20260819.csv.gz,https://www.ncdc.noaa.gov/stormevents/eventdetails.jsp?id=1257830
2025,June,17-JUN-25 02:24:00,17-JUN-25 02:31:00,COLORADO,WELD,JOHNSTOWN,Hail,1,,Public,40.33,-104.94,202221,1257829,Report from mping.,10.634,2025,StormEvents_details-ftp_v1.0_d2025_c20260819.csv.gz,https://www.ncei.noaa.gov/pub/data/swdi/stormevents/csvfiles/StormEvents_details-ftp_v1.0_d2025_c20260819.csv.gz,https://www.ncdc.noaa.gov/stormevents/eventdetails.jsp?id=1257829
2025,June,17-JUN-25 02:28:00,17-JUN-25 02:39:00,COLORADO,WELD,JOHNSTOWN,Hail,1,,Public,40.35,-104.87,202221,1257828,Report from mping.,6.863,2025,StormEvents_details-ftp_v1.0_d2025_c20260819.csv.gz,https://www.ncei.noaa.gov/pub/data/swdi/stormevents/csvfiles/StormEvents_details-ftp_v1.0_d2025_c20260819.csv.gz,https://www.ncdc.noaa.gov/stormevents/eventdetails.jsp?id=1257828
2025,June,17-JUN-25 02:31:00,17-JUN-25 02:42:00,COLORADO,WELD,JOHNSTOWN,Hail,1.25,,Public,40.35,-104.87,202221,1257827,Report from mping.,6.863,2025,StormEvents_details-ftp_v1.0_d2025_c20260819.csv.gz,https://www.ncei.noaa.gov/pub/data/swdi/stormevents/csvfiles/StormEvents_details-ftp_v1.0_d2025_c20260819.csv.gz,https://www.ncdc.noaa.gov/stormevents/eventdetails.jsp?id=1257827
2025,June,17-JUN-25 02:34:00,17-JUN-25 02:41:00,COLORADO,WELD,JOHNSTOWN,Hail,2,,Public,40.35,-104.87,202221,1257826,Report from mping.,6.863,2025,StormEvents_details-ftp_v1.0_d2025_c20260819.csv.gz,https://www.ncei.noaa.gov/pub/data/swdi/stormevents/csvfiles/StormEvents_details-ftp_v1.0_d2025_c20260819.csv.gz,https://www.ncdc.noaa.gov/stormevents/eventdetails.jsp?id=1257826
2025,June,17-JUN-25 02:40:00,17-JUN-25 02:47:00,COLORADO,WELD,JOHNSTOWN,Hail,1.5,,Public,40.33,-104.84,202221,1257824,,6.913,2025,StormEvents_details-ftp_v1.0_d2025_c20260819.csv.gz,https://www.ncei.noaa.gov/pub/data/swdi/stormevents/csvfiles/StormEvents_details-ftp_v1.0_d2025_c20260819.csv.gz,https://www.ncdc.noaa.gov/stormevents/eventdetails.jsp?id=1257824
2025,June,17-JUN-25 02:40:00,17-JUN-25 02:47:00,COLORADO,WELD,JOHNSTOWN,Hail,2.75,,Public,40.32,-104.85,202221,1257825,Picture from Social Media with a few larger stones as well.,7.777,2025,StormEvents_details-ftp_v1.0_d2025_c20260819.csv.gz,https://www.ncei.noaa.gov/pub/data/swdi/stormevents/csvfiles/StormEvents_details-ftp_v1.0_d2025_c20260819.csv.gz,https://www.ncdc.noaa.gov/stormevents/eventdetails.jsp?id=1257825
2025,June,17-JUN-25 02:46:00,17-JUN-25 02:53:00,COLORADO,WELD,EATON,Hail,0.75,,Public,40.52,-104.71,202221,1257823,Report from mping.,7.915,2025,StormEvents_details-ftp_v1.0_d2025_c20260819.csv.gz,https://www.ncei.noaa.gov/pub/data/swdi/stormevents/csvfiles/StormEvents_details-ftp_v1.0_d2025_c20260819.csv.gz,https://www.ncdc.noaa.gov/stormevents/eventdetails.jsp?id=1257823
2025,June,17-JUN-25 02:48:00,17-JUN-25 02:54:00,COLORADO,WELD,EATON,Hail,1.5,,Public,40.52,-104.71,202221,1257822,Report from mping.,7.915,2025,StormEvents_details-ftp_v1.0_d2025_c20260819.csv.gz,https://www.ncei.noaa.gov/pub/data/swdi/stormevents/csvfiles/StormEvents_details-ftp_v1.0_d2025_c20260819.csv.gz,https://www.ncdc.noaa.gov/stormevents/eventdetails.jsp?id=1257822
2025,June,17-JUN-25 02:53:00,17-JUN-25 02:55:00,COLORADO,BOULDER,LAFAYETTE,Hail,0.75,,Public,40,-105.08,202221,1257821,Report from mping.,32.995,2025,StormEvents_details-ftp_v1.0_d2025_c20260819.csv.gz,https://www.ncei.noaa.gov/pub/data/swdi/stormevents/csvfiles/StormEvents_details-ftp_v1.0_d2025_c20260819.csv.gz,https://www.ncdc.noaa.gov/stormevents/eventdetails.jsp?id=1257821
2025,June,17-JUN-25 03:01:00,17-JUN-25 03:04:00,COLORADO,WELD,LUCERNE,Hail,1.25,,Public,40.47,-104.71,202221,1257820,Report from mping.,4.978,2025,StormEvents_details-ftp_v1.0_d2025_c20260819.csv.gz,https://www.ncei.noaa.gov/pub/data/swdi/stormevents/csvfiles/StormEvents_details-ftp_v1.0_d2025_c20260819.csv.gz,https://www.ncdc.noaa.gov/stormevents/eventdetails.jsp?id=1257820
2025,June,17-JUN-25 03:15:00,17-JUN-25 03:22:00,COLORADO,ADAMS,HENDERSON,Hail,1.25,,Trained Spotter,39.93,-104.92,202221,1257819,,34.452,2025,StormEvents_details-ftp_v1.0_d2025_c20260819.csv.gz,https://www.ncei.noaa.gov/pub/data/swdi/stormevents/csvfiles/StormEvents_details-ftp_v1.0_d2025_c20260819.csv.gz,https://www.ncdc.noaa.gov/stormevents/eventdetails.jsp?id=1257819
2025,June,17-JUN-25 03:16:00,17-JUN-25 03:23:00,COLORADO,ADAMS,HENDERSON,Hail,1,,Public,39.96,-104.88,202221,1257818,Report from mping.,31.994,2025,StormEvents_details-ftp_v1.0_d2025_c20260819.csv.gz,https://www.ncei.noaa.gov/pub/data/swdi/stormevents/csvfiles/StormEvents_details-ftp_v1.0_d2025_c20260819.csv.gz,https://www.ncdc.noaa.gov/stormevents/eventdetails.jsp?id=1257818
2025,June,17-JUN-25 03:17:00,17-JUN-25 03:23:00,COLORADO,ADAMS,HENDERSON,Hail,1,,Public,39.94,-104.91,202221,1257815,Report from mping.,33.661,2025,StormEvents_details-ftp_v1.0_d2025_c20260819.csv.gz,https://www.ncei.noaa.gov/pub/data/swdi/stormevents/csvfiles/StormEvents_details-ftp_v1.0_d2025_c20260819.csv.gz,https://www.ncdc.noaa.gov/stormevents/eventdetails.jsp?id=1257815
2025,June,17-JUN-25 03:18:00,17-JUN-25 03:23:00,COLORADO,ADAMS,HENDERSON,Hail,0.75,,Public,39.94,-104.91,202221,1257814,Report from mping.,33.661,2025,StormEvents_details-ftp_v1.0_d2025_c20260819.csv.gz,https://www.ncei.noaa.gov/pub/data/swdi/stormevents/csvfiles/StormEvents_details-ftp_v1.0_d2025_c20260819.csv.gz,https://www.ncdc.noaa.gov/stormevents/eventdetails.jsp?id=1257814
2025,June,17-JUN-25 03:21:00,17-JUN-25 03:28:00,COLORADO,ADAMS,HENDERSON,Hail,1,,Public,39.98,-104.92,202221,1257816,Report from mping.,31.096,2025,StormEvents_details-ftp_v1.0_d2025_c20260819.csv.gz,https://www.ncei.noaa.gov/pub/data/swdi/stormevents/csvfiles/StormEvents_details-ftp_v1.0_d2025_c20260819.csv.gz,https://www.ncdc.noaa.gov/stormevents/eventdetails.jsp?id=1257816
2025,June,17-JUN-25 03:21:00,17-JUN-25 03:28:00,COLORADO,ADAMS,HENDERSON,Hail,1,,Public,39.93,-104.91,202221,1257817,Report from mping.,34.336,2025,StormEvents_details-ftp_v1.0_d2025_c20260819.csv.gz,https://www.ncei.noaa.gov/pub/data/swdi/stormevents/csvfiles/StormEvents_details-ftp_v1.0_d2025_c20260819.csv.gz,https://www.ncdc.noaa.gov/stormevents/eventdetails.jsp?id=1257817
2025,June,17-JUN-25 03:39:00,17-JUN-25 03:40:00,COLORADO,ADAMS,BARR LAKE,Hail,1.5,,Public,39.96,-104.8,202221,1257810,Report from mping.,31.517,2025,StormEvents_details-ftp_v1.0_d2025_c20260819.csv.gz,https://www.ncei.noaa.gov/pub/data/swdi/stormevents/csvfiles/StormEvents_details-ftp_v1.0_d2025_c20260819.csv.gz,https://www.ncdc.noaa.gov/stormevents/eventdetails.jsp?id=1257810
2025,June,17-JUN-25 11:53:00,17-JUN-25 11:55:00,COLORADO,LARIMER,LOVELAND HGTS,Hail,0.75,,Public,40.27,-105.43,202221,1257784,Report from mping.,36.076,2025,StormEvents_details-ftp_v1.0_d2025_c20260819.csv.gz,https://www.ncei.noaa.gov/pub/data/swdi/stormevents/csvfiles/StormEvents_details-ftp_v1.0_d2025_c20260819.csv.gz,https://www.ncdc.noaa.gov/stormevents/eventdetails.jsp?id=1257784
2025,June,17-JUN-25 12:48:00,17-JUN-25 12:50:00,COLORADO,BOULDER,LOUISVILLE,Hail,1,,Trained Spotter,40,-105.13,202221,1257782,,34.371,2025,StormEvents_details-ftp_v1.0_d2025_c20260819.csv.gz,https://www.ncei.noaa.gov/pub/data/swdi/stormevents/csvfiles/StormEvents_details-ftp_v1.0_d2025_c20260819.csv.gz,https://www.ncdc.noaa.gov/stormevents/eventdetails.jsp?id=1257782
2025,June,17-JUN-25 12:52:00,17-JUN-25 12:56:00,COLORADO,BOULDER,LAFAYETTE,Hail,0.75,,Public,40,-105.08,202221,1257777,Report from mping.,32.995,2025,StormEvents_details-ftp_v1.0_d2025_c20260819.csv.gz,https://www.ncei.noaa.gov/pub/data/swdi/stormevents/csvfiles/StormEvents_details-ftp_v1.0_d2025_c20260819.csv.gz,https://www.ncdc.noaa.gov/stormevents/eventdetails.jsp?id=1257777
2025,June,17-JUN-25 12:52:00,17-JUN-25 12:55:00,COLORADO,WELD,WINDSOR,Hail,1,,Trained Spotter,40.52,-104.94,202221,1257781,,11.394,2025,StormEvents_details-ftp_v1.0_d2025_c20260819.csv.gz,https://www.ncei.noaa.gov/pub/data/swdi/stormevents/csvfiles/StormEvents_details-ftp_v1.0_d2025_c20260819.csv.gz,https://www.ncdc.noaa.gov/stormevents/eventdetails.jsp?id=1257781
2025,June,17-JUN-25 12:55:00,17-JUN-25 13:00:00,COLORADO,WELD,ERIE,Hail,0.75,,Public,40.04,-105.05,202221,1257776,Report from mping.,29.808,2025,StormEvents_details-ftp_v1.0_d2025_c20260819.csv.gz,https://www.ncei.noaa.gov/pub/data/swdi/stormevents/csvfiles/StormEvents_details-ftp_v1.0_d2025_c20260819.csv.gz,https://www.ncdc.noaa.gov/stormevents/eventdetails.jsp?id=1257776
2025,June,17-JUN-25 12:57:00,17-JUN-25 13:01:00,COLORADO,BOULDER,LAFAYETTE,Hail,1,,Public,40.03,-105.07,202221,1257772,Report from mping.,30.934,2025,StormEvents_details-ftp_v1.0_d2025_c20260819.csv.gz,https://www.ncei.noaa.gov/pub/data/swdi/stormevents/csvfiles/StormEvents_details-ftp_v1.0_d2025_c20260819.csv.gz,https://www.ncdc.noaa.gov/stormevents/eventdetails.jsp?id=1257772
2025,June,17-JUN-25 12:57:00,17-JUN-25 12:59:00,COLORADO,BROOMFIELD,BROOMFIELD,Hail,1,,Public,39.93,-105.06,202221,1257774,Report from mping.,36.837,2025,StormEvents_details-ftp_v1.0_d2025_c20260819.csv.gz,https://www.ncei.noaa.gov/pub/data/swdi/stormevents/csvfiles/StormEvents_details-ftp_v1.0_d2025_c20260819.csv.gz,https://www.ncdc.noaa.gov/stormevents/eventdetails.jsp?id=1257774
2025,June,17-JUN-25 12:57:00,17-JUN-25 12:59:00,COLORADO,BROOMFIELD,BROOMFIELD,Hail,1,,Public,39.93,-105.09,202221,1257775,Report from mping.,37.518,2025,StormEvents_details-ftp_v1.0_d2025_c20260819.csv.gz,https://www.ncei.noaa.gov/pub/data/swdi/stormevents/csvfiles/StormEvents_details-ftp_v1.0_d2025_c20260819.csv.gz,https://www.ncdc.noaa.gov/stormevents/eventdetails.jsp?id=1257775
2025,June,17-JUN-25 13:05:00,17-JUN-25 13:06:00,COLORADO,ADAMS,FEDERAL HGT,Hail,0.75,,Public,39.9,-105.02,202221,1257771,Report from mping.,37.956,2025,StormEvents_details-ftp_v1.0_d2025_c20260819.csv.gz,https://www.ncei.noaa.gov/pub/data/swdi/stormevents/csvfiles/StormEvents_details-ftp_v1.0_d2025_c20260819.csv.gz,https://www.ncdc.noaa.gov/stormevents/eventdetails.jsp?id=1257771
2025,June,17-JUN-25 13:08:00,17-JUN-25 13:14:00,COLORADO,WELD,PLATTEVILLE,Hail,2.25,,Public,40.22,-104.84,202221,1257768,,13.983,2025,StormEvents_details-ftp_v1.0_d2025_c20260819.csv.gz,https://www.ncei.noaa.gov/pub/data/swdi/stormevents/csvfiles/StormEvents_details-ftp_v1.0_d2025_c20260819.csv.gz,https://www.ncdc.noaa.gov/stormevents/eventdetails.jsp?id=1257768
2025,June,17-JUN-25 13:10:00,17-JUN-25 13:11:00,COLORADO,ADAMS,NORTHGLENN,Hail,1,,Public,39.94,-105,202221,1257763,,34.997,2025,StormEvents_details-ftp_v1.0_d2025_c20260819.csv.gz,https://www.ncei.noaa.gov/pub/data/swdi/stormevents/csvfiles/StormEvents_details-ftp_v1.0_d2025_c20260819.csv.gz,https://www.ncdc.noaa.gov/stormevents/eventdetails.jsp?id=1257763
2025,June,17-JUN-25 13:10:00,17-JUN-25 13:10:00,COLORADO,ADAMS,NORTHGLENN,Hail,1,,Public,39.9,-104.97,202221,1257764,Report from mping.,37.129,2025,StormEvents_details-ftp_v1.0_d2025_c20260819.csv.gz,https://www.ncei.noaa.gov/pub/data/swdi/stormevents/csvfiles/StormEvents_details-ftp_v1.0_d2025_c20260819.csv.gz,https://www.ncdc.noaa.gov/stormevents/eventdetails.jsp?id=1257764
2025,June,17-JUN-25 13:11:00,17-JUN-25 13:12:00,COLORADO,ADAMS,THORNTON,Hail,1,,Public,39.9,-104.94,202221,1257762,Report from mping.,36.715,2025,StormEvents_details-ftp_v1.0_d2025_c20260819.csv.gz,https://www.ncei.noaa.gov/pub/data/swdi/stormevents/csvfiles/StormEvents_details-ftp_v1.0_d2025_c20260819.csv.gz,https://www.ncdc.noaa.gov/stormevents/eventdetails.jsp?id=1257762
2025,June,17-JUN-25 13:14:00,17-JUN-25 13:15:00,COLORADO,ADAMS,THORNTON,Hail,0.75,,Public,39.91,-104.92,202221,1257761,Report from mping.,35.799,2025,StormEvents_details-ftp_v1.0_d2025_c20260819.csv.gz,https://www.ncei.noaa.gov/pub/data/swdi/stormevents/csvfiles/StormEvents_details-ftp_v1.0_d2025_c20260819.csv.gz,https://www.ncdc.noaa.gov/stormevents/eventdetails.jsp?id=1257761
2025,May,18-MAY-25 13:23:00,18-MAY-25 13:24:00,COLORADO,WELD,MEAD,Hail,0.75,,Public,40.19,-104.97,201536,1251247,Report from Mping.,18.756,2025,StormEvents_details-ftp_v1.0_d2025_c20260819.csv.gz,https://www.ncei.noaa.gov/pub/data/swdi/stormevents/csvfiles/StormEvents_details-ftp_v1.0_d2025_c20260819.csv.gz,https://www.ncdc.noaa.gov/stormevents/eventdetails.jsp?id=1251247
2025,May,18-MAY-25 13:44:00,18-MAY-25 13:45:00,COLORADO,WELD,JOHNSTOWN,Hail,0.75,,Public,40.34,-104.93,201536,1251248,Report from Mping.,9.816,2025,StormEvents_details-ftp_v1.0_d2025_c20260819.csv.gz,https://www.ncei.noaa.gov/pub/data/swdi/stormevents/csvfiles/StormEvents_details-ftp_v1.0_d2025_c20260819.csv.gz,https://www.ncdc.noaa.gov/stormevents/eventdetails.jsp?id=1251248
2025,May,18-MAY-25 14:15:00,18-MAY-25 14:17:00,COLORADO,BOULDER,MARSHALL,Hail,0.75,,Public,39.97,-105.26,201536,1251249,Report from Mping.,40.139,2025,StormEvents_details-ftp_v1.0_d2025_c20260819.csv.gz,https://www.ncei.noaa.gov/pub/data/swdi/stormevents/csvfiles/StormEvents_details-ftp_v1.0_d2025_c20260819.csv.gz,https://www.ncdc.noaa.gov/stormevents/eventdetails.jsp?id=1251249
2025,May,18-MAY-25 14:16:00,18-MAY-25 14:18:00,COLORADO,BOULDER,MARSHALL,Hail,1,,Public,39.98,-105.26,201536,1251250,Picture of 1 inch hail on Twitter.,39.61,2025,StormEvents_details-ftp_v1.0_d2025_c20260819.csv.gz,https://www.ncei.noaa.gov/pub/data/swdi/stormevents/csvfiles/StormEvents_details-ftp_v1.0_d2025_c20260819.csv.gz,https://www.ncdc.noaa.gov/stormevents/eventdetails.jsp?id=1251250
2025,August,23-AUG-25 14:54:00,23-AUG-25 14:54:00,COLORADO,GILPIN,ROLLINSVILLE,Hail,0.75,,Trained Spotter,39.92,-105.4,205505,1282494,,47.662,2025,StormEvents_details-ftp_v1.0_d2025_c20260819.csv.gz,https://www.ncei.noaa.gov/pub/data/swdi/stormevents/csvfiles/StormEvents_details-ftp_v1.0_d2025_c20260819.csv.gz,https://www.ncdc.noaa.gov/stormevents/eventdetails.jsp?id=1282494
2025,April,24-APR-25 14:25:00,24-APR-25 14:30:00,COLORADO,WELD,HUDSON ARPT,Hail,0.88,,Public,40.15,-104.68,200552,1245280,,18.987,2025,StormEvents_details-ftp_v1.0_d2025_c20260819.csv.gz,https://www.ncei.noaa.gov/pub/data/swdi/stormevents/csvfiles/StormEvents_details-ftp_v1.0_d2025_c20260819.csv.gz,https://www.ncdc.noaa.gov/stormevents/eventdetails.jsp?id=1245280
2025,April,24-APR-25 14:58:00,24-APR-25 15:12:00,COLORADO,WELD,HUDSON ARPT,Hail,1,,Public,40.08,-104.68,200552,1245281,,23.696,2025,StormEvents_details-ftp_v1.0_d2025_c20260819.csv.gz,https://www.ncei.noaa.gov/pub/data/swdi/stormevents/csvfiles/StormEvents_details-ftp_v1.0_d2025_c20260819.csv.gz,https://www.ncdc.noaa.gov/stormevents/eventdetails.jsp?id=1245281
2025,April,24-APR-25 15:20:00,24-APR-25 15:32:00,COLORADO,WELD,GILL,Hail,0.88,,Trained Spotter,40.44,-104.58,200552,1245283,,10.245,2025,StormEvents_details-ftp_v1.0_d2025_c20260819.csv.gz,https://www.ncei.noaa.gov/pub/data/swdi/stormevents/csvfiles/StormEvents_details-ftp_v1.0_d2025_c20260819.csv.gz,https://www.ncdc.noaa.gov/stormevents/eventdetails.jsp?id=1245283
2025,April,24-APR-25 15:22:00,24-APR-25 15:25:00,COLORADO,WELD,LA SALLE,Hail,1,,Public,40.38,-104.73,200552,1245282,,3.315,2025,StormEvents_details-ftp_v1.0_d2025_c20260819.csv.gz,https://www.ncei.noaa.gov/pub/data/swdi/stormevents/csvfiles/StormEvents_details-ftp_v1.0_d2025_c20260819.csv.gz,https://www.ncdc.noaa.gov/stormevents/eventdetails.jsp?id=1245282
2025,April,24-APR-25 15:38:00,24-APR-25 15:39:00,COLORADO,WELD,EVANS,Hail,1,,Public,40.38,-104.7,200552,1245284,,4.526,2025,StormEvents_details-ftp_v1.0_d2025_c20260819.csv.gz,https://www.ncei.noaa.gov/pub/data/swdi/stormevents/csvfiles/StormEvents_details-ftp_v1.0_d2025_c20260819.csv.gz,https://www.ncdc.noaa.gov/stormevents/eventdetails.jsp?id=1245284
2025,July,24-JUL-25 14:57:00,24-JUL-25 15:09:00,COLORADO,WELD,JOHNSTOWN,Hail,1,,CoCoRaHS,40.36,-104.78,204076,1271735,Average size of the hailstones was 0.5 inches and the duration lasted 12 minutes.,3.868,2025,StormEvents_details-ftp_v1.0_d2025_c20260819.csv.gz,https://www.ncei.noaa.gov/pub/data/swdi/stormevents/csvfiles/StormEvents_details-ftp_v1.0_d2025_c20260819.csv.gz,https://www.ncdc.noaa.gov/stormevents/eventdetails.jsp?id=1271735
2025,July,24-JUL-25 15:02:00,24-JUL-25 15:15:00,COLORADO,WELD,GREELEY,Hail,1.25,,Social Media,40.41,-104.72,204076,1271736,,2.771,2025,StormEvents_details-ftp_v1.0_d2025_c20260819.csv.gz,https://www.ncei.noaa.gov/pub/data/swdi/stormevents/csvfiles/StormEvents_details-ftp_v1.0_d2025_c20260819.csv.gz,https://www.ncdc.noaa.gov/stormevents/eventdetails.jsp?id=1271736
2025,July,24-JUL-25 15:02:00,24-JUL-25 15:15:00,COLORADO,WELD,GREELEY,Hail,1.25,,Social Media,40.41,-104.72,204076,1271737,,2.771,2025,StormEvents_details-ftp_v1.0_d2025_c20260819.csv.gz,https://www.ncei.noaa.gov/pub/data/swdi/stormevents/csvfiles/StormEvents_details-ftp_v1.0_d2025_c20260819.csv.gz,https://www.ncdc.noaa.gov/stormevents/eventdetails.jsp?id=1271737
2025,July,24-JUL-25 15:04:00,24-JUL-25 15:17:00,COLORADO,WELD,GREELEY,Hail,1,,Public,40.41,-104.74,204076,1271738,,1.736,2025,StormEvents_details-ftp_v1.0_d2025_c20260819.csv.gz,https://www.ncei.noaa.gov/pub/data/swdi/stormevents/csvfiles/StormEvents_details-ftp_v1.0_d2025_c20260819.csv.gz,https://www.ncdc.noaa.gov/stormevents/eventdetails.jsp?id=1271738
2025,July,24-JUL-25 15:04:00,24-JUL-25 15:17:00,COLORADO,WELD,GREELEY,Hail,1,,Public,40.4,-104.73,204076,1271739,,2.468,2025,StormEvents_details-ftp_v1.0_d2025_c20260819.csv.gz,https://www.ncei.noaa.gov/pub/data/swdi/stormevents/csvfiles/StormEvents_details-ftp_v1.0_d2025_c20260819.csv.gz,https://www.ncdc.noaa.gov/stormevents/eventdetails.jsp?id=1271739
2025,July,24-JUL-25 15:10:00,24-JUL-25 15:13:00,COLORADO,WELD,GREELEY,Hail,0.75,,Public,40.44,-104.7,204076,1271740,,4.151,2025,StormEvents_details-ftp_v1.0_d2025_c20260819.csv.gz,https://www.ncei.noaa.gov/pub/data/swdi/stormevents/csvfiles/StormEvents_details-ftp_v1.0_d2025_c20260819.csv.gz,https://www.ncdc.noaa.gov/stormevents/eventdetails.jsp?id=1271740
2025,July,24-JUL-25 15:19:00,24-JUL-25 15:30:00,COLORADO,WELD,GREELEY,Hail,1,,Storm Chaser,40.42,-104.75,204076,1271741,,1.203,2025,StormEvents_details-ftp_v1.0_d2025_c20260819.csv.gz,https://www.ncei.noaa.gov/pub/data/swdi/stormevents/csvfiles/StormEvents_details-ftp_v1.0_d2025_c20260819.csv.gz,https://www.ncdc.noaa.gov/stormevents/eventdetails.jsp?id=1271741
2025,July,24-JUL-25 15:36:00,24-JUL-25 15:45:00,COLORADO,WELD,KEENESBURG,Hail,1,,Social Media,40.1,-104.53,204076,1271744,Report of penny to quarter size hail on the southwest side of Keenesburg.,25.273,2025,StormEvents_details-ftp_v1.0_d2025_c20260819.csv.gz,https://www.ncei.noaa.gov/pub/data/swdi/stormevents/csvfiles/StormEvents_details-ftp_v1.0_d2025_c20260819.csv.gz,https://www.ncdc.noaa.gov/stormevents/eventdetails.jsp?id=1271744
2025,June,25-JUN-25 19:09:00,25-JUN-25 19:09:00,COLORADO,WELD,FIRESTONE,Hail,1,,Public,40.12,-104.96,202230,1257157,Report from mping.,22.702,2025,StormEvents_details-ftp_v1.0_d2025_c20260819.csv.gz,https://www.ncei.noaa.gov/pub/data/swdi/stormevents/csvfiles/StormEvents_details-ftp_v1.0_d2025_c20260819.csv.gz,https://www.ncdc.noaa.gov/stormevents/eventdetails.jsp?id=1257157
2025,June,25-JUN-25 19:13:00,25-JUN-25 19:13:00,COLORADO,WELD,FIRESTONE,Hail,1,,Public,40.12,-104.96,202230,1257156,,22.702,2025,StormEvents_details-ftp_v1.0_d2025_c20260819.csv.gz,https://www.ncei.noaa.gov/pub/data/swdi/stormevents/csvfiles/StormEvents_details-ftp_v1.0_d2025_c20260819.csv.gz,https://www.ncdc.noaa.gov/stormevents/eventdetails.jsp?id=1257156
2025,June,29-JUN-25 14:00:00,29-JUN-25 14:03:00,COLORADO,LARIMER,GLEN HAVEN,Hail,1,,Trained Spotter,40.58,-105.46,202665,1261326,,37.882,2025,StormEvents_details-ftp_v1.0_d2025_c20260819.csv.gz,https://www.ncei.noaa.gov/pub/data/swdi/stormevents/csvfiles/StormEvents_details-ftp_v1.0_d2025_c20260819.csv.gz,https://www.ncdc.noaa.gov/stormevents/eventdetails.jsp?id=1261326
2025,June,29-JUN-25 14:30:00,29-JUN-25 14:37:00,COLORADO,WELD,NUNN,Hail,1,,Trained Spotter,40.73,-104.77,202665,1261328,,21.719,2025,StormEvents_details-ftp_v1.0_d2025_c20260819.csv.gz,https://www.ncei.noaa.gov/pub/data/swdi/stormevents/csvfiles/StormEvents_details-ftp_v1.0_d2025_c20260819.csv.gz,https://www.ncdc.noaa.gov/stormevents/eventdetails.jsp?id=1261328
2025,June,29-JUN-25 15:25:00,29-JUN-25 15:27:00,COLORADO,LARIMER,DRAKE,Hail,1,,Trained Spotter,40.32,-105.28,202665,1261329,,27.539,2025,StormEvents_details-ftp_v1.0_d2025_c20260819.csv.gz,https://www.ncei.noaa.gov/pub/data/swdi/stormevents/csvfiles/StormEvents_details-ftp_v1.0_d2025_c20260819.csv.gz,https://www.ncdc.noaa.gov/stormevents/eventdetails.jsp?id=1261329
2025,July,31-JUL-25 15:58:00,31-JUL-25 16:03:00,COLORADO,WELD,GARDEN CITY,Hail,1,,Trained Spotter,40.25,-104.61,204111,1271758,,14.281,2025,StormEvents_details-ftp_v1.0_d2025_c20260819.csv.gz,https://www.ncei.noaa.gov/pub/data/swdi/stormevents/csvfiles/StormEvents_details-ftp_v1.0_d2025_c20260819.csv.gz,https://www.ncdc.noaa.gov/stormevents/eventdetails.jsp?id=1271758
2025,July,31-JUL-25 16:20:00,31-JUL-25 16:20:00,COLORADO,WELD,NUNN,Hail,1,,CoCoRaHS,40.77,-104.69,204111,1271762,,24.859,2025,StormEvents_details-ftp_v1.0_d2025_c20260819.csv.gz,https://www.ncei.noaa.gov/pub/data/swdi/stormevents/csvfiles/StormEvents_details-ftp_v1.0_d2025_c20260819.csv.gz,https://www.ncdc.noaa.gov/stormevents/eventdetails.jsp?id=1271762
2025,July,31-JUL-25 16:46:00,31-JUL-25 16:50:00,COLORADO,WELD,PURCELL,Hail,1.5,,Storm Chaser,40.81,-104.5,204111,1271761,Report received via Spotter Network.,30.759,2025,StormEvents_details-ftp_v1.0_d2025_c20260819.csv.gz,https://www.ncei.noaa.gov/pub/data/swdi/stormevents/csvfiles/StormEvents_details-ftp_v1.0_d2025_c20260819.csv.gz,https://www.ncdc.noaa.gov/stormevents/eventdetails.jsp?id=1271761
